customer_id,first_name,last_name,email,phone,city,country,gender,date_of_birth,signup_date,customer_status
1,Ahmed,Rahman,ahmed.rahman@email.com,01710000001,Dhaka,Bangladesh,Male,1975-03-25,2021-01-10,Active
2,Sadia,Islam,sadia.islam@email.com,01710000002,Chittagong,Bangladesh,Female,1975-06-16,2021-02-10,Active
3,Tanvir,Hasan,tanvir.hasan@email.com,01710000003,Sylhet,Bangladesh,Male,1975-09-07,2022-03-10,Active
4,Nusrat,Jahan,nusrat.jahan@email.com,01710000004,Rajshahi,Bangladesh,Female,1975-11-29,2022-04-10,Inactive
5,Imran,Khan,imran.khan@email.com,01710000005,Khulna,Bangladesh,Male,1976-02-20,2022-05-10,Active
6,Customer_6,User_6,customer6@example.com,01700000006,Rangpur,Bangladesh,Male,1976-05-13,2020-04-12,Active
7,Customer_7,User_7,customer7@example.com,01700000007,Mymensingh,Bangladesh,Female,1976-08-04,2020-04-29,Active
8,Customer_8,User_8,customer8@example.com,01700000008,Dhaka,Bangladesh,Male,1976-10-26,2020-05-16,Active
9,Customer_9,User_9,customer9@example.com,01700000009,Chittagong,Bangladesh,Female,1977-01-17,2020-06-02,Active
10,Customer_10,User_10,customer10@example.com,01700000010,Sylhet,Bangladesh,Male,1977-04-10,2020-06-19,Inactive
11,Customer_11,User_11,customer11@example.com,01700000011,Rajshahi,Bangladesh,Female,1977-07-02,2020-07-06,Active
12,Customer_12,User_12,customer12@example.com,01700000012,Khulna,Bangladesh,Male,1977-09-23,2020-07-23,Active
13,Customer_13,User_13,customer13@example.com,01700000013,Barisal,Bangladesh,Female,1977-12-15,2020-08-09,Active
14,Customer_14,User_14,customer14@example.com,01700000014,Rangpur,Bangladesh,Male,1978-03-08,2020-08-26,Active
15,Customer_15,User_15,customer15@example.com,01700000015,Mymensingh,Bangladesh,Female,1978-05-30,2020-09-12,Active
16,Customer_16,User_16,customer16@example.com,01700000016,Dhaka,Bangladesh,Male,1978-08-21,2020-09-29,Active
17,Customer_17,User_17,customer17@example.com,01700000017,Chittagong,Bangladesh,Female,1978-11-12,2020-10-16,Active
18,Customer_18,User_18,customer18@example.com,01700000018,Sylhet,Bangladesh,Male,1979-02-03,2020-11-02,Active
19,Customer_19,User_19,customer19@example.com,01700000019,Rajshahi,Bangladesh,Female,1979-04-27,2020-11-19,Active
20,Customer_20,User_20,customer20@example.com,01700000020,Khulna,Bangladesh,Male,1979-07-19,2020-12-06,Inactive
21,Customer_21,User_21,customer21@example.com,01700000021,Barisal,Bangladesh,Female,1979-10-10,2020-12-23,Active
22,Customer_22,User_22,customer22@example.com,01700000022,Rangpur,Bangladesh,Male,1980-01-01,2021-01-09,Active
23,Customer_23,User_23,customer23@example.com,01700000023,Mymensingh,Bangladesh,Female,1980-03-24,2021-01-26,Active
24,Customer_24,User_24,customer24@example.com,01700000024,Dhaka,Bangladesh,Male,1980-06-15,2021-02-12,Active
25,Customer_25,User_25,customer25@example.com,01700000025,Chittagong,Bangladesh,Female,1980-09-06,2021-03-01,Active
26,Customer_26,User_26,customer26@example.com,01700000026,Sylhet,Bangladesh,Male,1980-11-28,2021-03-18,Active
27,Customer_27,User_27,customer27@example.com,01700000027,Rajshahi,Bangladesh,Female,1981-02-19,2021-04-04,Active
28,Customer_28,User_28,customer28@example.com,01700000028,Khulna,Bangladesh,Male,1981-05-13,2021-04-21,Active
29,Customer_29,User_29,customer29@example.com,01700000029,Barisal,Bangladesh,Female,1981-08-04,2021-05-08,Active
30,Customer_30,User_30,customer30@example.com,01700000030,Rangpur,Bangladesh,Male,1981-10-26,2021-05-25,Inactive
31,Customer_31,User_31,customer31@example.com,01700000031,Mymensingh,Bangladesh,Female,1982-01-17,2021-06-11,Active
32,Customer_32,User_32,customer32@example.com,01700000032,Dhaka,Bangladesh,Male,1982-04-10,2021-06-28,Active
33,Customer_33,User_33,customer33@example.com,01700000033,Chittagong,Bangladesh,Female,1982-07-02,2021-07-15,Active
34,Customer_34,User_34,customer34@example.com,01700000034,Sylhet,Bangladesh,Male,1982-09-23,2021-08-01,Active
35,Customer_35,User_35,customer35@example.com,01700000035,Rajshahi,Bangladesh,Female,1982-12-15,2021-08-18,Active
36,Customer_36,User_36,customer36@example.com,01700000036,Khulna,Bangladesh,Male,1983-03-08,2021-09-04,Active
37,Customer_37,User_37,customer37@example.com,01700000037,Barisal,Bangladesh,Female,1983-05-30,2021-09-21,Active
38,Customer_38,User_38,customer38@example.com,01700000038,Rangpur,Bangladesh,Male,1983-08-21,2021-10-08,Active
39,Customer_39,User_39,customer39@example.com,01700000039,Mymensingh,Bangladesh,Female,1983-11-12,2021-10-25,Active
40,Customer_40,User_40,customer40@example.com,01700000040,Dhaka,Bangladesh,Male,1984-02-03,2021-11-11,Inactive
41,Customer_41,User_41,customer41@example.com,01700000041,Chittagong,Bangladesh,Female,1984-04-26,2021-11-28,Active
42,Customer_42,User_42,customer42@example.com,01700000042,Sylhet,Bangladesh,Male,1984-07-18,2021-12-15,Active
43,Customer_43,User_43,customer43@example.com,01700000043,Rajshahi,Bangladesh,Female,1984-10-09,2022-01-01,Active
44,Customer_44,User_44,customer44@example.com,01700000044,Khulna,Bangladesh,Male,1984-12-31,2022-01-18,Active
45,Customer_45,User_45,customer45@example.com,01700000045,Barisal,Bangladesh,Female,1985-03-24,2022-02-04,Active
46,Customer_46,User_46,customer46@example.com,01700000046,Rangpur,Bangladesh,Male,1985-06-15,2022-02-21,Active
47,Customer_47,User_47,customer47@example.com,01700000047,Mymensingh,Bangladesh,Female,1985-09-06,2022-03-10,Active
48,Customer_48,User_48,customer48@example.com,01700000048,Dhaka,Bangladesh,Male,1985-11-28,2022-03-27,Active
49,Customer_49,User_49,customer49@example.com,01700000049,Chittagong,Bangladesh,Female,1986-02-19,2022-04-13,Active
50,Customer_50,User_50,customer50@example.com,01700000050,Sylhet,Bangladesh,Male,1986-05-13,2022-04-30,Inactive
51,Customer_51,User_51,customer51@example.com,01700000051,Rajshahi,Bangladesh,Female,1986-08-04,2022-05-17,Active
52,Customer_52,User_52,customer52@example.com,01700000052,Khulna,Bangladesh,Male,1986-10-26,2022-06-03,Active
53,Customer_53,User_53,customer53@example.com,01700000053,Barisal,Bangladesh,Female,1987-01-17,2022-06-20,Active
54,Customer_54,User_54,customer54@example.com,01700000054,Rangpur,Bangladesh,Male,1987-04-10,2022-07-07,Active
55,Customer_55,User_55,customer55@example.com,01700000055,Mymensingh,Bangladesh,Female,1987-07-02,2022-07-24,Active
56,Customer_56,User_56,customer56@example.com,01700000056,Dhaka,Bangladesh,Male,1987-09-23,2022-08-10,Active
57,Customer_57,User_57,customer57@example.com,01700000057,Chittagong,Bangladesh,Female,1987-12-15,2022-08-27,Active
58,Customer_58,User_58,customer58@example.com,01700000058,Sylhet,Bangladesh,Male,1988-03-07,2022-09-13,Active
59,Customer_59,User_59,customer59@example.com,01700000059,Rajshahi,Bangladesh,Female,1988-05-29,2022-09-30,Active
60,Customer_60,User_60,customer60@example.com,01700000060,Khulna,Bangladesh,Male,1988-08-20,2022-10-17,Inactive
61,Customer_61,User_61,customer61@example.com,01700000061,Barisal,Bangladesh,Female,1988-11-11,2022-11-03,Active
62,Customer_62,User_62,customer62@example.com,01700000062,Rangpur,Bangladesh,Male,1989-02-02,2022-11-20,Active
63,Customer_63,User_63,customer63@example.com,01700000063,Mymensingh,Bangladesh,Female,1989-04-26,2022-12-07,Active
64,Customer_64,User_64,customer64@example.com,01700000064,Dhaka,Bangladesh,Male,1989-07-18,2022-12-24,Active
65,Customer_65,User_65,customer65@example.com,01700000065,Chittagong,Bangladesh,Female,1989-10-09,2023-01-10,Active
66,Customer_66,User_66,customer66@example.com,01700000066,Sylhet,Bangladesh,Male,1989-12-31,2023-01-27,Active
67,Customer_67,User_67,customer67@example.com,01700000067,Rajshahi,Bangladesh,Female,1990-03-24,2023-02-13,Active
68,Customer_68,User_68,customer68@example.com,01700000068,Khulna,Bangladesh,Male,1990-06-15,2023-03-02,Active
69,Customer_69,User_69,customer69@example.com,01700000069,Barisal,Bangladesh,Female,1990-09-06,2023-03-19,Active
70,Customer_70,User_70,customer70@example.com,01700000070,Rangpur,Bangladesh,Male,1990-11-28,2023-04-05,Inactive
71,Customer_71,User_71,customer71@example.com,01700000071,Mymensingh,Bangladesh,Female,1991-02-19,2023-04-22,Active
72,Customer_72,User_72,customer72@example.com,01700000072,Dhaka,Bangladesh,Male,1991-05-13,2023-05-09,Active
73,Customer_73,User_73,customer73@example.com,01700000073,Chittagong,Bangladesh,Female,1991-08-04,2023-05-26,Active
74,Customer_74,User_74,customer74@example.com,01700000074,Sylhet,Bangladesh,Male,1991-10-26,2023-06-12,Active
75,Customer_75,User_75,customer75@example.com,01700000075,Rajshahi,Bangladesh,Female,1992-01-17,2023-06-29,Active
76,Customer_76,User_76,customer76@example.com,01700000076,Khulna,Bangladesh,Male,1992-04-09,2023-07-16,Active
77,Customer_77,User_77,customer77@example.com,01700000077,Barisal,Bangladesh,Female,1992-07-01,2023-08-02,Active
78,Customer_78,User_78,customer78@example.com,01700000078,Rangpur,Bangladesh,Male,1992-09-22,2023-08-19,Active
79,Customer_79,User_79,customer79@example.com,01700000079,Mymensingh,Bangladesh,Female,1992-12-14,2023-09-05,Active
80,Customer_80,User_80,customer80@example.com,01700000080,Dhaka,Bangladesh,Male,1993-03-07,2023-09-22,Inactive
81,Customer_81,User_81,customer81@example.com,01700000081,Chittagong,Bangladesh,Female,1993-05-29,2023-10-09,Active
82,Customer_82,User_82,customer82@example.com,01700000082,Sylhet,Bangladesh,Male,1993-08-20,2023-10-26,Active
83,Customer_83,User_83,customer83@example.com,01700000083,Rajshahi,Bangladesh,Female,1993-11-11,2023-11-12,Active
84,Customer_84,User_84,customer84@example.com,01700000084,Khulna,Bangladesh,Male,1994-02-02,2023-11-29,Active
85,Customer_85,User_85,customer85@example.com,01700000085,Barisal,Bangladesh,Female,1994-04-26,2023-12-16,Active
86,Customer_86,User_86,customer86@example.com,01700000086,Rangpur,Bangladesh,Male,1994-07-18,2024-01-02,Active
87,Customer_87,User_87,customer87@example.com,01700000087,Mymensingh,Bangladesh,Female,1994-10-09,2024-01-19,Active
88,Customer_88,User_88,customer88@example.com,01700000088,Dhaka,Bangladesh,Male,1994-12-31,2024-02-05,Active
89,Customer_89,User_89,customer89@example.com,01700000089,Chittagong,Bangladesh,Female,1995-03-24,2024-02-22,Active
90,Customer_90,User_90,customer90@example.com,01700000090,Sylhet,Bangladesh,Male,1995-06-15,2024-03-10,Inactive
91,Customer_91,User_91,customer91@example.com,01700000091,Rajshahi,Bangladesh,Female,1995-09-06,2024-03-27,Active
92,Customer_92,User_92,customer92@example.com,01700000092,Khulna,Bangladesh,Male,1995-11-28,2024-04-13,Active
93,Customer_93,User_93,customer93@example.com,01700000093,Barisal,Bangladesh,Female,1996-02-19,2024-04-30,Active
94,Customer_94,User_94,customer94@example.com,01700000094,Rangpur,Bangladesh,Male,1996-05-12,2024-05-17,Active
95,Customer_95,User_95,customer95@example.com,01700000095,Mymensingh,Bangladesh,Female,1996-08-03,2024-06-03,Active
96,Customer_96,User_96,customer96@example.com,01700000096,Dhaka,Bangladesh,Male,1996-10-25,2024-06-20,Active
97,Customer_97,User_97,customer97@example.com,01700000097,Chittagong,Bangladesh,Female,1997-01-16,2024-07-07,Active
98,Customer_98,User_98,customer98@example.com,01700000098,Sylhet,Bangladesh,Male,1997-04-09,2024-07-24,Active
99,Customer_99,User_99,customer99@example.com,01700000099,Rajshahi,Bangladesh,Female,1997-07-01,2024-08-10,Active
100,Customer_100,User_100,customer100@example.com,01700000100,Khulna,Bangladesh,Male,1997-09-22,2024-08-27,Inactive
101,Customer_101,User_101,customer101@example.com,01700000101,Barisal,Bangladesh,Female,1997-12-14,2024-09-13,Active
102,Customer_102,User_102,customer102@example.com,01700000102,Rangpur,Bangladesh,Male,1998-03-07,2024-09-30,Active
103,Customer_103,User_103,customer103@example.com,01700000103,Mymensingh,Bangladesh,Female,1998-05-29,2024-10-17,Active
104,Customer_104,User_104,customer104@example.com,01700000104,Dhaka,Bangladesh,Male,1998-08-20,2024-11-03,Active
105,Customer_105,User_105,customer105@example.com,01700000105,Chittagong,Bangladesh,Female,1998-11-11,2024-11-20,Active
106,Customer_106,User_106,customer106@example.com,01700000106,Sylhet,Bangladesh,Male,1999-02-02,2024-12-07,Active
107,Customer_107,User_107,customer107@example.com,01700000107,Rajshahi,Bangladesh,Female,1999-04-26,2024-12-24,Active
108,Customer_108,User_108,customer108@example.com,01700000108,Khulna,Bangladesh,Male,1999-07-18,2025-01-10,Active
109,Customer_109,User_109,customer109@example.com,01700000109,Barisal,Bangladesh,Female,1999-10-09,2025-01-27,Active
110,Customer_110,User_110,customer110@example.com,01700000110,Rangpur,Bangladesh,Male,1999-12-31,2025-02-13,Inactive
111,Customer_111,User_111,customer111@example.com,01700000111,Mymensingh,Bangladesh,Female,2000-03-23,2025-03-02,Active
112,Customer_112,User_112,customer112@example.com,01700000112,Dhaka,Bangladesh,Male,2000-06-14,2025-03-19,Active
113,Customer_113,User_113,customer113@example.com,01700000113,Chittagong,Bangladesh,Female,2000-09-05,2025-04-05,Active
114,Customer_114,User_114,customer114@example.com,01700000114,Sylhet,Bangladesh,Male,2000-11-27,2025-04-22,Active
115,Customer_115,User_115,customer115@example.com,01700000115,Rajshahi,Bangladesh,Female,2001-02-18,2025-05-09,Active
116,Customer_116,User_116,customer116@example.com,01700000116,Khulna,Bangladesh,Male,2001-05-12,2025-05-26,Active
117,Customer_117,User_117,customer117@example.com,01700000117,Barisal,Bangladesh,Female,2001-08-03,2025-06-12,Active
118,Customer_118,User_118,customer118@example.com,01700000118,Rangpur,Bangladesh,Male,2001-10-25,2025-06-29,Active
119,Customer_119,User_119,customer119@example.com,01700000119,Mymensingh,Bangladesh,Female,2002-01-16,2025-07-16,Active
120,Customer_120,User_120,customer120@example.com,01700000120,Dhaka,Bangladesh,Male,2002-04-09,2025-08-02,Inactive
121,Customer_121,User_121,customer121@example.com,01700000121,Chittagong,Bangladesh,Female,2002-07-01,2025-08-19,Active
122,Customer_122,User_122,customer122@example.com,01700000122,Sylhet,Bangladesh,Male,2002-09-22,2025-09-05,Active
123,Customer_123,User_123,customer123@example.com,01700000123,Rajshahi,Bangladesh,Female,2002-12-14,2025-09-22,Active
124,Customer_124,User_124,customer124@example.com,01700000124,Khulna,Bangladesh,Male,2003-03-07,2025-10-09,Active
125,Customer_125,User_125,customer125@example.com,01700000125,Barisal,Bangladesh,Female,2003-05-29,2025-10-26,Active
126,Customer_126,User_126,customer126@example.com,01700000126,Rangpur,Bangladesh,Male,2003-08-20,2025-11-12,Active
127,Customer_127,User_127,customer127@example.com,01700000127,Mymensingh,Bangladesh,Female,2003-11-11,2025-11-29,Active
128,Customer_128,User_128,customer128@example.com,01700000128,Dhaka,Bangladesh,Male,2004-02-02,2025-12-16,Active
129,Customer_129,User_129,customer129@example.com,01700000129,Chittagong,Bangladesh,Female,2004-04-25,2026-01-02,Active
130,Customer_130,User_130,customer130@example.com,01700000130,Sylhet,Bangladesh,Male,2004-07-17,2026-01-19,Inactive
131,Customer_131,User_131,customer131@example.com,01700000131,Rajshahi,Bangladesh,Female,2004-10-08,2026-02-05,Active
132,Customer_132,User_132,customer132@example.com,01700000132,Khulna,Bangladesh,Male,2004-12-30,2026-02-22,Active
133,Customer_133,User_133,customer133@example.com,01700000133,Barisal,Bangladesh,Female,2005-03-23,2026-03-11,Active
134,Customer_134,User_134,customer134@example.com,01700000134,Rangpur,Bangladesh,Male,2005-06-14,2026-03-28,Active
135,Customer_135,User_135,customer135@example.com,01700000135,Mymensingh,Bangladesh,Female,2005-09-05,2026-04-14,Active
136,Customer_136,User_136,customer136@example.com,01700000136,Dhaka,Bangladesh,Male,2005-11-27,2026-05-01,Active
137,Customer_137,User_137,customer137@example.com,01700000137,Chittagong,Bangladesh,Female,2006-02-18,2026-05-18,Active
138,Customer_138,User_138,customer138@example.com,01700000138,Sylhet,Bangladesh,Male,2006-05-12,2026-06-04,Active
139,Customer_139,User_139,customer139@example.com,01700000139,Rajshahi,Bangladesh,Female,2006-08-03,2026-06-21,Active
140,Customer_140,User_140,customer140@example.com,01700000140,Khulna,Bangladesh,Male,2006-10-25,2026-07-08,Inactive
141,Customer_141,User_141,customer141@example.com,01700000141,Barisal,Bangladesh,Female,2007-01-16,2026-07-25,Active
142,Customer_142,User_142,customer142@example.com,01700000142,Rangpur,Bangladesh,Male,2007-04-09,2020-01-15,Active
143,Customer_143,User_143,customer143@example.com,01700000143,Mymensingh,Bangladesh,Female,2007-07-01,2020-02-01,Active
144,Customer_144,User_144,customer144@example.com,01700000144,Dhaka,Bangladesh,Male,2007-09-22,2020-02-18,Active
145,Customer_145,User_145,customer145@example.com,01700000145,Chittagong,Bangladesh,Female,1975-02-05,2020-03-06,Active
146,Customer_146,User_146,customer146@example.com,01700000146,Sylhet,Bangladesh,Male,1975-04-29,2020-03-23,Active
147,Customer_147,User_147,customer147@example.com,01700000147,Rajshahi,Bangladesh,Female,1975-07-21,2020-04-09,Active
148,Customer_148,User_148,customer148@example.com,01700000148,Khulna,Bangladesh,Male,1975-10-12,2020-04-26,Active
149,Customer_149,User_149,customer149@example.com,01700000149,Barisal,Bangladesh,Female,1976-01-03,2020-05-13,Active
150,Customer_150,User_150,customer150@example.com,01700000150,Rangpur,Bangladesh,Male,1976-03-26,2020-05-30,Inactive
151,Customer_151,User_151,customer151@example.com,01700000151,Mymensingh,Bangladesh,Female,1976-06-17,2020-06-16,Active
152,Customer_152,User_152,customer152@example.com,01700000152,Dhaka,Bangladesh,Male,1976-09-08,2020-07-03,Active
153,Customer_153,User_153,customer153@example.com,01700000153,Chittagong,Bangladesh,Female,1976-11-30,2020-07-20,Active
154,Customer_154,User_154,customer154@example.com,01700000154,Sylhet,Bangladesh,Male,1977-02-21,2020-08-06,Active
155,Customer_155,User_155,customer155@example.com,01700000155,Rajshahi,Bangladesh,Female,1977-05-15,2020-08-23,Active
156,Customer_156,User_156,customer156@example.com,01700000156,Khulna,Bangladesh,Male,1977-08-06,2020-09-09,Active
157,Customer_157,User_157,customer157@example.com,01700000157,Barisal,Bangladesh,Female,1977-10-28,2020-09-26,Active
158,Customer_158,User_158,customer158@example.com,01700000158,Rangpur,Bangladesh,Male,1978-01-19,2020-10-13,Active
159,Customer_159,User_159,customer159@example.com,01700000159,Mymensingh,Bangladesh,Female,1978-04-12,2020-10-30,Active
160,Customer_160,User_160,customer160@example.com,01700000160,Dhaka,Bangladesh,Male,1978-07-04,2020-11-16,Inactive
161,Customer_161,User_161,customer161@example.com,01700000161,Chittagong,Bangladesh,Female,1978-09-25,2020-12-03,Active
162,Customer_162,User_162,customer162@example.com,01700000162,Sylhet,Bangladesh,Male,1978-12-17,2020-12-20,Active
163,Customer_163,User_163,customer163@example.com,01700000163,Rajshahi,Bangladesh,Female,1979-03-10,2021-01-06,Active
164,Customer_164,User_164,customer164@example.com,01700000164,Khulna,Bangladesh,Male,1979-06-01,2021-01-23,Active
165,Customer_165,User_165,customer165@example.com,01700000165,Barisal,Bangladesh,Female,1979-08-23,2021-02-09,Active
166,Customer_166,User_166,customer166@example.com,01700000166,Rangpur,Bangladesh,Male,1979-11-14,2021-02-26,Active
167,Customer_167,User_167,customer167@example.com,01700000167,Mymensingh,Bangladesh,Female,1980-02-05,2021-03-15,Active
168,Customer_168,User_168,customer168@example.com,01700000168,Dhaka,Bangladesh,Male,1980-04-28,2021-04-01,Active
169,Customer_169,User_169,customer169@example.com,01700000169,Chittagong,Bangladesh,Female,1980-07-20,2021-04-18,Active
170,Customer_170,User_170,customer170@example.com,01700000170,Sylhet,Bangladesh,Male,1980-10-11,2021-05-05,Inactive
171,Customer_171,User_171,customer171@example.com,01700000171,Rajshahi,Bangladesh,Female,1981-01-02,2021-05-22,Active
172,Customer_172,User_172,customer172@example.com,01700000172,Khulna,Bangladesh,Male,1981-03-26,2021-06-08,Active
173,Customer_173,User_173,customer173@example.com,01700000173,Barisal,Bangladesh,Female,1981-06-17,2021-06-25,Active
174,Customer_174,User_174,customer174@example.com,01700000174,Rangpur,Bangladesh,Male,1981-09-08,2021-07-12,Active
175,Customer_175,User_175,customer175@example.com,01700000175,Mymensingh,Bangladesh,Female,1981-11-30,2021-07-29,Active
176,Customer_176,User_176,customer176@example.com,01700000176,Dhaka,Bangladesh,Male,1982-02-21,2021-08-15,Active
177,Customer_177,User_177,customer177@example.com,01700000177,Chittagong,Bangladesh,Female,1982-05-15,2021-09-01,Active
178,Customer_178,User_178,customer178@example.com,01700000178,Sylhet,Bangladesh,Male,1982-08-06,2021-09-18,Active
179,Customer_179,User_179,customer179@example.com,01700000179,Rajshahi,Bangladesh,Female,1982-10-28,2021-10-05,Active
180,Customer_180,User_180,customer180@example.com,01700000180,Khulna,Bangladesh,Male,1983-01-19,2021-10-22,Inactive
181,Customer_181,User_181,customer181@example.com,01700000181,Barisal,Bangladesh,Female,1983-04-12,2021-11-08,Active
182,Customer_182,User_182,customer182@example.com,01700000182,Rangpur,Bangladesh,Male,1983-07-04,2021-11-25,Active
183,Customer_183,User_183,customer183@example.com,01700000183,Mymensingh,Bangladesh,Female,1983-09-25,2021-12-12,Active
184,Customer_184,User_184,customer184@example.com,01700000184,Dhaka,Bangladesh,Male,1983-12-17,2021-12-29,Active
185,Customer_185,User_185,customer185@example.com,01700000185,Chittagong,Bangladesh,Female,1984-03-09,2022-01-15,Active
186,Customer_186,User_186,customer186@example.com,01700000186,Sylhet,Bangladesh,Male,1984-05-31,2022-02-01,Active
187,Customer_187,User_187,customer187@example.com,01700000187,Rajshahi,Bangladesh,Female,1984-08-22,2022-02-18,Active
188,Customer_188,User_188,customer188@example.com,01700000188,Khulna,Bangladesh,Male,1984-11-13,2022-03-07,Active
189,Customer_189,User_189,customer189@example.com,01700000189,Barisal,Bangladesh,Female,1985-02-04,2022-03-24,Active
190,Customer_190,User_190,customer190@example.com,01700000190,Rangpur,Bangladesh,Male,1985-04-28,2022-04-10,Inactive
191,Customer_191,User_191,customer191@example.com,01700000191,Mymensingh,Bangladesh,Female,1985-07-20,2022-04-27,Active
192,Customer_192,User_192,customer192@example.com,01700000192,Dhaka,Bangladesh,Male,1985-10-11,2022-05-14,Active
193,Customer_193,User_193,customer193@example.com,01700000193,Chittagong,Bangladesh,Female,1986-01-02,2022-05-31,Active
194,Customer_194,User_194,customer194@example.com,01700000194,Sylhet,Bangladesh,Male,1986-03-26,2022-06-17,Active
195,Customer_195,User_195,customer195@example.com,01700000195,Rajshahi,Bangladesh,Female,1986-06-17,2022-07-04,Active
196,Customer_196,User_196,customer196@example.com,01700000196,Khulna,Bangladesh,Male,1986-09-08,2022-07-21,Active
197,Customer_197,User_197,customer197@example.com,01700000197,Barisal,Bangladesh,Female,1986-11-30,2022-08-07,Active
198,Customer_198,User_198,customer198@example.com,01700000198,Rangpur,Bangladesh,Male,1987-02-21,2022-08-24,Active
199,Customer_199,User_199,customer199@example.com,01700000199,Mymensingh,Bangladesh,Female,1987-05-15,2022-09-10,Active
200,Customer_200,User_200,customer200@example.com,01700000200,Dhaka,Bangladesh,Male,1987-08-06,2022-09-27,Inactive
201,Customer_201,User_201,customer201@example.com,01700000201,Chittagong,Bangladesh,Female,1987-10-28,2022-10-14,Active
202,Customer_202,User_202,customer202@example.com,01700000202,Sylhet,Bangladesh,Male,1988-01-19,2022-10-31,Active
203,Customer_203,User_203,customer203@example.com,01700000203,Rajshahi,Bangladesh,Female,1988-04-11,2022-11-17,Active
204,Customer_204,User_204,customer204@example.com,01700000204,Khulna,Bangladesh,Male,1988-07-03,2022-12-04,Active
205,Customer_205,User_205,customer205@example.com,01700000205,Barisal,Bangladesh,Female,1988-09-24,2022-12-21,Active
206,Customer_206,User_206,customer206@example.com,01700000206,Rangpur,Bangladesh,Male,1988-12-16,2023-01-07,Active
207,Customer_207,User_207,customer207@example.com,01700000207,Mymensingh,Bangladesh,Female,1989-03-09,2023-01-24,Active
208,Customer_208,User_208,customer208@example.com,01700000208,Dhaka,Bangladesh,Male,1989-05-31,2023-02-10,Active
209,Customer_209,User_209,customer209@example.com,01700000209,Chittagong,Bangladesh,Female,1989-08-22,2023-02-27,Active
210,Customer_210,User_210,customer210@example.com,01700000210,Sylhet,Bangladesh,Male,1989-11-13,2023-03-16,Inactive
211,Customer_211,User_211,customer211@example.com,01700000211,Rajshahi,Bangladesh,Female,1990-02-04,2023-04-02,Active
212,Customer_212,User_212,customer212@example.com,01700000212,Khulna,Bangladesh,Male,1990-04-28,2023-04-19,Active
213,Customer_213,User_213,customer213@example.com,01700000213,Barisal,Bangladesh,Female,1990-07-20,2023-05-06,Active
214,Customer_214,User_214,customer214@example.com,01700000214,Rangpur,Bangladesh,Male,1990-10-11,2023-05-23,Active
215,Customer_215,User_215,customer215@example.com,01700000215,Mymensingh,Bangladesh,Female,1991-01-02,2023-06-09,Active
216,Customer_216,User_216,customer216@example.com,01700000216,Dhaka,Bangladesh,Male,1991-03-26,2023-06-26,Active
217,Customer_217,User_217,customer217@example.com,01700000217,Chittagong,Bangladesh,Female,1991-06-17,2023-07-13,Active
218,Customer_218,User_218,customer218@example.com,01700000218,Sylhet,Bangladesh,Male,1991-09-08,2023-07-30,Active
219,Customer_219,User_219,customer219@example.com,01700000219,Rajshahi,Bangladesh,Female,1991-11-30,2023-08-16,Active
220,Customer_220,User_220,customer220@example.com,01700000220,Khulna,Bangladesh,Male,1992-02-21,2023-09-02,Inactive
221,Customer_221,User_221,customer221@example.com,01700000221,Barisal,Bangladesh,Female,1992-05-14,2023-09-19,Active
222,Customer_222,User_222,customer222@example.com,01700000222,Rangpur,Bangladesh,Male,1992-08-05,2023-10-06,Active
223,Customer_223,User_223,customer223@example.com,01700000223,Mymensingh,Bangladesh,Female,1992-10-27,2023-10-23,Active
224,Customer_224,User_224,customer224@example.com,01700000224,Dhaka,Bangladesh,Male,1993-01-18,2023-11-09,Active
225,Customer_225,User_225,customer225@example.com,01700000225,Chittagong,Bangladesh,Female,1993-04-11,2023-11-26,Active
226,Customer_226,User_226,customer226@example.com,01700000226,Sylhet,Bangladesh,Male,1993-07-03,2023-12-13,Active
227,Customer_227,User_227,customer227@example.com,01700000227,Rajshahi,Bangladesh,Female,1993-09-24,2023-12-30,Active
228,Customer_228,User_228,customer228@example.com,01700000228,Khulna,Bangladesh,Male,1993-12-16,2024-01-16,Active
229,Customer_229,User_229,customer229@example.com,01700000229,Barisal,Bangladesh,Female,1994-03-09,2024-02-02,Active
230,Customer_230,User_230,customer230@example.com,01700000230,Rangpur,Bangladesh,Male,1994-05-31,2024-02-19,Inactive
231,Customer_231,User_231,customer231@example.com,01700000231,Mymensingh,Bangladesh,Female,1994-08-22,2024-03-07,Active
232,Customer_232,User_232,customer232@example.com,01700000232,Dhaka,Bangladesh,Male,1994-11-13,2024-03-24,Active
233,Customer_233,User_233,customer233@example.com,01700000233,Chittagong,Bangladesh,Female,1995-02-04,2024-04-10,Active
234,Customer_234,User_234,customer234@example.com,01700000234,Sylhet,Bangladesh,Male,1995-04-28,2024-04-27,Active
235,Customer_235,User_235,customer235@example.com,01700000235,Rajshahi,Bangladesh,Female,1995-07-20,2024-05-14,Active
236,Customer_236,User_236,customer236@example.com,01700000236,Khulna,Bangladesh,Male,1995-10-11,2024-05-31,Active
237,Customer_237,User_237,customer237@example.com,01700000237,Barisal,Bangladesh,Female,1996-01-02,2024-06-17,Active
238,Customer_238,User_238,customer238@example.com,01700000238,Rangpur,Bangladesh,Male,1996-03-25,2024-07-04,Active
239,Customer_239,User_239,customer239@example.com,01700000239,Mymensingh,Bangladesh,Female,1996-06-16,2024-07-21,Active
240,Customer_240,User_240,customer240@example.com,01700000240,Dhaka,Bangladesh,Male,1996-09-07,2024-08-07,Inactive
241,Customer_241,User_241,customer241@example.com,01700000241,Chittagong,Bangladesh,Female,1996-11-29,2024-08-24,Active
242,Customer_242,User_242,customer242@example.com,01700000242,Sylhet,Bangladesh,Male,1997-02-20,2024-09-10,Active
243,Customer_243,User_243,customer243@example.com,01700000243,Rajshahi,Bangladesh,Female,1997-05-14,2024-09-27,Active
244,Customer_244,User_244,customer244@example.com,01700000244,Khulna,Bangladesh,Male,1997-08-05,2024-10-14,Active
245,Customer_245,User_245,customer245@example.com,01700000245,Barisal,Bangladesh,Female,1997-10-27,2024-10-31,Active
246,Customer_246,User_246,customer246@example.com,01700000246,Rangpur,Bangladesh,Male,1998-01-18,2024-11-17,Active
247,Customer_247,User_247,customer247@example.com,01700000247,Mymensingh,Bangladesh,Female,1998-04-11,2024-12-04,Active
248,Customer_248,User_248,customer248@example.com,01700000248,Dhaka,Bangladesh,Male,1998-07-03,2024-12-21,Active
249,Customer_249,User_249,customer249@example.com,01700000249,Chittagong,Bangladesh,Female,1998-09-24,2025-01-07,Active
250,Customer_250,User_250,customer250@example.com,01700000250,Sylhet,Bangladesh,Male,1998-12-16,2025-01-24,Inactive
251,Customer_251,User_251,customer251@example.com,01700000251,Rajshahi,Bangladesh,Female,1999-03-09,2025-02-10,Active
252,Customer_252,User_252,customer252@example.com,01700000252,Khulna,Bangladesh,Male,1999-05-31,2025-02-27,Active
253,Customer_253,User_253,customer253@example.com,01700000253,Barisal,Bangladesh,Female,1999-08-22,2025-03-16,Active
254,Customer_254,User_254,customer254@example.com,01700000254,Rangpur,Bangladesh,Male,1999-11-13,2025-04-02,Active
255,Customer_255,User_255,customer255@example.com,01700000255,Mymensingh,Bangladesh,Female,2000-02-04,2025-04-19,Active
256,Customer_256,User_256,customer256@example.com,01700000256,Dhaka,Bangladesh,Male,2000-04-27,2025-05-06,Active
257,Customer_257,User_257,customer257@example.com,01700000257,Chittagong,Bangladesh,Female,2000-07-19,2025-05-23,Active
258,Customer_258,User_258,customer258@example.com,01700000258,Sylhet,Bangladesh,Male,2000-10-10,2025-06-09,Active
259,Customer_259,User_259,customer259@example.com,01700000259,Rajshahi,Bangladesh,Female,2001-01-01,2025-06-26,Active
260,Customer_260,User_260,customer260@example.com,01700000260,Khulna,Bangladesh,Male,2001-03-25,2025-07-13,Inactive
261,Customer_261,User_261,customer261@example.com,01700000261,Barisal,Bangladesh,Female,2001-06-16,2025-07-30,Active
262,Customer_262,User_262,customer262@example.com,01700000262,Rangpur,Bangladesh,Male,2001-09-07,2025-08-16,Active
263,Customer_263,User_263,customer263@example.com,01700000263,Mymensingh,Bangladesh,Female,2001-11-29,2025-09-02,Active
264,Customer_264,User_264,customer264@example.com,01700000264,Dhaka,Bangladesh,Male,2002-02-20,2025-09-19,Active
265,Customer_265,User_265,customer265@example.com,01700000265,Chittagong,Bangladesh,Female,2002-05-14,2025-10-06,Active
266,Customer_266,User_266,customer266@example.com,01700000266,Sylhet,Bangladesh,Male,2002-08-05,2025-10-23,Active
267,Customer_267,User_267,customer267@example.com,01700000267,Rajshahi,Bangladesh,Female,2002-10-27,2025-11-09,Active
268,Customer_268,User_268,customer268@example.com,01700000268,Khulna,Bangladesh,Male,2003-01-18,2025-11-26,Active
269,Customer_269,User_269,customer269@example.com,01700000269,Barisal,Bangladesh,Female,2003-04-11,2025-12-13,Active
270,Customer_270,User_270,customer270@example.com,01700000270,Rangpur,Bangladesh,Male,2003-07-03,2025-12-30,Inactive
271,Customer_271,User_271,customer271@example.com,01700000271,Mymensingh,Bangladesh,Female,2003-09-24,2026-01-16,Active
272,Customer_272,User_272,customer272@example.com,01700000272,Dhaka,Bangladesh,Male,2003-12-16,2026-02-02,Active
273,Customer_273,User_273,customer273@example.com,01700000273,Chittagong,Bangladesh,Female,2004-03-08,2026-02-19,Active
274,Customer_274,User_274,customer274@example.com,01700000274,Sylhet,Bangladesh,Male,2004-05-30,2026-03-08,Active
275,Customer_275,User_275,customer275@example.com,01700000275,Rajshahi,Bangladesh,Female,2004-08-21,2026-03-25,Active
276,Customer_276,User_276,customer276@example.com,01700000276,Khulna,Bangladesh,Male,2004-11-12,2026-04-11,Active
277,Customer_277,User_277,customer277@example.com,01700000277,Barisal,Bangladesh,Female,2005-02-03,2026-04-28,Active
278,Customer_278,User_278,customer278@example.com,01700000278,Rangpur,Bangladesh,Male,2005-04-27,2026-05-15,Active
279,Customer_279,User_279,customer279@example.com,01700000279,Mymensingh,Bangladesh,Female,2005-07-19,2026-06-01,Active
280,Customer_280,User_280,customer280@example.com,01700000280,Dhaka,Bangladesh,Male,2005-10-10,2026-06-18,Inactive
281,Customer_281,User_281,customer281@example.com,01700000281,Chittagong,Bangladesh,Female,2006-01-01,2026-07-05,Active
282,Customer_282,User_282,customer282@example.com,01700000282,Sylhet,Bangladesh,Male,2006-03-25,2026-07-22,Active
283,Customer_283,User_283,customer283@example.com,01700000283,Rajshahi,Bangladesh,Female,2006-06-16,2020-01-12,Active
284,Customer_284,User_284,customer284@example.com,01700000284,Khulna,Bangladesh,Male,2006-09-07,2020-01-29,Active
285,Customer_285,User_285,customer285@example.com,01700000285,Barisal,Bangladesh,Female,2006-11-29,2020-02-15,Active
286,Customer_286,User_286,customer286@example.com,01700000286,Rangpur,Bangladesh,Male,2007-02-20,2020-03-03,Active
287,Customer_287,User_287,customer287@example.com,01700000287,Mymensingh,Bangladesh,Female,2007-05-14,2020-03-20,Active
288,Customer_288,User_288,customer288@example.com,01700000288,Dhaka,Bangladesh,Male,2007-08-05,2020-04-06,Active
289,Customer_289,User_289,customer289@example.com,01700000289,Chittagong,Bangladesh,Female,2007-10-27,2020-04-23,Active
290,Customer_290,User_290,customer290@example.com,01700000290,Sylhet,Bangladesh,Male,1975-03-12,2020-05-10,Inactive
291,Customer_291,User_291,customer291@example.com,01700000291,Rajshahi,Bangladesh,Female,1975-06-03,2020-05-27,Active
292,Customer_292,User_292,customer292@example.com,01700000292,Khulna,Bangladesh,Male,1975-08-25,2020-06-13,Active
293,Customer_293,User_293,customer293@example.com,01700000293,Barisal,Bangladesh,Female,1975-11-16,2020-06-30,Active
294,Customer_294,User_294,customer294@example.com,01700000294,Rangpur,Bangladesh,Male,1976-02-07,2020-07-17,Active
295,Customer_295,User_295,customer295@example.com,01700000295,Mymensingh,Bangladesh,Female,1976-04-30,2020-08-03,Active
296,Customer_296,User_296,customer296@example.com,01700000296,Dhaka,Bangladesh,Male,1976-07-22,2020-08-20,Active
297,Customer_297,User_297,customer297@example.com,01700000297,Chittagong,Bangladesh,Female,1976-10-13,2020-09-06,Active
298,Customer_298,User_298,customer298@example.com,01700000298,Sylhet,Bangladesh,Male,1977-01-04,2020-09-23,Active
299,Customer_299,User_299,customer299@example.com,01700000299,Rajshahi,Bangladesh,Female,1977-03-28,2020-10-10,Active
300,Customer_300,User_300,customer300@example.com,01700000300,Khulna,Bangladesh,Male,1977-06-19,2020-10-27,Inactive
301,Customer_301,User_301,customer301@example.com,01700000301,Barisal,Bangladesh,Female,1977-09-10,2020-11-13,Active
302,Customer_302,User_302,customer302@example.com,01700000302,Rangpur,Bangladesh,Male,1977-12-02,2020-11-30,Active
303,Customer_303,User_303,customer303@example.com,01700000303,Mymensingh,Bangladesh,Female,1978-02-23,2020-12-17,Active
304,Customer_304,User_304,customer304@example.com,01700000304,Dhaka,Bangladesh,Male,1978-05-17,2021-01-03,Active
305,Customer_305,User_305,customer305@example.com,01700000305,Chittagong,Bangladesh,Female,1978-08-08,2021-01-20,Active
306,Customer_306,User_306,customer306@example.com,01700000306,Sylhet,Bangladesh,Male,1978-10-30,2021-02-06,Active
307,Customer_307,User_307,customer307@example.com,01700000307,Rajshahi,Bangladesh,Female,1979-01-21,2021-02-23,Active
308,Customer_308,User_308,customer308@example.com,01700000308,Khulna,Bangladesh,Male,1979-04-14,2021-03-12,Active
309,Customer_309,User_309,customer309@example.com,01700000309,Barisal,Bangladesh,Female,1979-07-06,2021-03-29,Active
310,Customer_310,User_310,customer310@example.com,01700000310,Rangpur,Bangladesh,Male,1979-09-27,2021-04-15,Inactive
311,Customer_311,User_311,customer311@example.com,01700000311,Mymensingh,Bangladesh,Female,1979-12-19,2021-05-02,Active
312,Customer_312,User_312,customer312@example.com,01700000312,Dhaka,Bangladesh,Male,1980-03-11,2021-05-19,Active
313,Customer_313,User_313,customer313@example.com,01700000313,Chittagong,Bangladesh,Female,1980-06-02,2021-06-05,Active
314,Customer_314,User_314,customer314@example.com,01700000314,Sylhet,Bangladesh,Male,1980-08-24,2021-06-22,Active
315,Customer_315,User_315,customer315@example.com,01700000315,Rajshahi,Bangladesh,Female,1980-11-15,2021-07-09,Active
316,Customer_316,User_316,customer316@example.com,01700000316,Khulna,Bangladesh,Male,1981-02-06,2021-07-26,Active
317,Customer_317,User_317,customer317@example.com,01700000317,Barisal,Bangladesh,Female,1981-04-30,2021-08-12,Active
318,Customer_318,User_318,customer318@example.com,01700000318,Rangpur,Bangladesh,Male,1981-07-22,2021-08-29,Active
319,Customer_319,User_319,customer319@example.com,01700000319,Mymensingh,Bangladesh,Female,1981-10-13,2021-09-15,Active
320,Customer_320,User_320,customer320@example.com,01700000320,Dhaka,Bangladesh,Male,1982-01-04,2021-10-02,Inactive
321,Customer_321,User_321,customer321@example.com,01700000321,Chittagong,Bangladesh,Female,1982-03-28,2021-10-19,Active
322,Customer_322,User_322,customer322@example.com,01700000322,Sylhet,Bangladesh,Male,1982-06-19,2021-11-05,Active
323,Customer_323,User_323,customer323@example.com,01700000323,Rajshahi,Bangladesh,Female,1982-09-10,2021-11-22,Active
324,Customer_324,User_324,customer324@example.com,01700000324,Khulna,Bangladesh,Male,1982-12-02,2021-12-09,Active
325,Customer_325,User_325,customer325@example.com,01700000325,Barisal,Bangladesh,Female,1983-02-23,2021-12-26,Active
326,Customer_326,User_326,customer326@example.com,01700000326,Rangpur,Bangladesh,Male,1983-05-17,2022-01-12,Active
327,Customer_327,User_327,customer327@example.com,01700000327,Mymensingh,Bangladesh,Female,1983-08-08,2022-01-29,Active
328,Customer_328,User_328,customer328@example.com,01700000328,Dhaka,Bangladesh,Male,1983-10-30,2022-02-15,Active
329,Customer_329,User_329,customer329@example.com,01700000329,Chittagong,Bangladesh,Female,1984-01-21,2022-03-04,Active
330,Customer_330,User_330,customer330@example.com,01700000330,Sylhet,Bangladesh,Male,1984-04-13,2022-03-21,Inactive
331,Customer_331,User_331,customer331@example.com,01700000331,Rajshahi,Bangladesh,Female,1984-07-05,2022-04-07,Active
332,Customer_332,User_332,customer332@example.com,01700000332,Khulna,Bangladesh,Male,1984-09-26,2022-04-24,Active
333,Customer_333,User_333,customer333@example.com,01700000333,Barisal,Bangladesh,Female,1984-12-18,2022-05-11,Active
334,Customer_334,User_334,customer334@example.com,01700000334,Rangpur,Bangladesh,Male,1985-03-11,2022-05-28,Active
335,Customer_335,User_335,customer335@example.com,01700000335,Mymensingh,Bangladesh,Female,1985-06-02,2022-06-14,Active
336,Customer_336,User_336,customer336@example.com,01700000336,Dhaka,Bangladesh,Male,1985-08-24,2022-07-01,Active
337,Customer_337,User_337,customer337@example.com,01700000337,Chittagong,Bangladesh,Female,1985-11-15,2022-07-18,Active
338,Customer_338,User_338,customer338@example.com,01700000338,Sylhet,Bangladesh,Male,1986-02-06,2022-08-04,Active
339,Customer_339,User_339,customer339@example.com,01700000339,Rajshahi,Bangladesh,Female,1986-04-30,2022-08-21,Active
340,Customer_340,User_340,customer340@example.com,01700000340,Khulna,Bangladesh,Male,1986-07-22,2022-09-07,Inactive
341,Customer_341,User_341,customer341@example.com,01700000341,Barisal,Bangladesh,Female,1986-10-13,2022-09-24,Active
342,Customer_342,User_342,customer342@example.com,01700000342,Rangpur,Bangladesh,Male,1987-01-04,2022-10-11,Active
343,Customer_343,User_343,customer343@example.com,01700000343,Mymensingh,Bangladesh,Female,1987-03-28,2022-10-28,Active
344,Customer_344,User_344,customer344@example.com,01700000344,Dhaka,Bangladesh,Male,1987-06-19,2022-11-14,Active
345,Customer_345,User_345,customer345@example.com,01700000345,Chittagong,Bangladesh,Female,1987-09-10,2022-12-01,Active
346,Customer_346,User_346,customer346@example.com,01700000346,Sylhet,Bangladesh,Male,1987-12-02,2022-12-18,Active
347,Customer_347,User_347,customer347@example.com,01700000347,Rajshahi,Bangladesh,Female,1988-02-23,2023-01-04,Active
348,Customer_348,User_348,customer348@example.com,01700000348,Khulna,Bangladesh,Male,1988-05-16,2023-01-21,Active
349,Customer_349,User_349,customer349@example.com,01700000349,Barisal,Bangladesh,Female,1988-08-07,2023-02-07,Active
350,Customer_350,User_350,customer350@example.com,01700000350,Rangpur,Bangladesh,Male,1988-10-29,2023-02-24,Inactive
351,Customer_351,User_351,customer351@example.com,01700000351,Mymensingh,Bangladesh,Female,1989-01-20,2023-03-13,Active
352,Customer_352,User_352,customer352@example.com,01700000352,Dhaka,Bangladesh,Male,1989-04-13,2023-03-30,Active
353,Customer_353,User_353,customer353@example.com,01700000353,Chittagong,Bangladesh,Female,1989-07-05,2023-04-16,Active
354,Customer_354,User_354,customer354@example.com,01700000354,Sylhet,Bangladesh,Male,1989-09-26,2023-05-03,Active
355,Customer_355,User_355,customer355@example.com,01700000355,Rajshahi,Bangladesh,Female,1989-12-18,2023-05-20,Active
356,Customer_356,User_356,customer356@example.com,01700000356,Khulna,Bangladesh,Male,1990-03-11,2023-06-06,Active
357,Customer_357,User_357,customer357@example.com,01700000357,Barisal,Bangladesh,Female,1990-06-02,2023-06-23,Active
358,Customer_358,User_358,customer358@example.com,01700000358,Rangpur,Bangladesh,Male,1990-08-24,2023-07-10,Active
359,Customer_359,User_359,customer359@example.com,01700000359,Mymensingh,Bangladesh,Female,1990-11-15,2023-07-27,Active
360,Customer_360,User_360,customer360@example.com,01700000360,Dhaka,Bangladesh,Male,1991-02-06,2023-08-13,Inactive
361,Customer_361,User_361,customer361@example.com,01700000361,Chittagong,Bangladesh,Female,1991-04-30,2023-08-30,Active
362,Customer_362,User_362,customer362@example.com,01700000362,Sylhet,Bangladesh,Male,1991-07-22,2023-09-16,Active
363,Customer_363,User_363,customer363@example.com,01700000363,Rajshahi,Bangladesh,Female,1991-10-13,2023-10-03,Active
364,Customer_364,User_364,customer364@example.com,01700000364,Khulna,Bangladesh,Male,1992-01-04,2023-10-20,Active
365,Customer_365,User_365,customer365@example.com,01700000365,Barisal,Bangladesh,Female,1992-03-27,2023-11-06,Active
366,Customer_366,User_366,customer366@example.com,01700000366,Rangpur,Bangladesh,Male,1992-06-18,2023-11-23,Active
367,Customer_367,User_367,customer367@example.com,01700000367,Mymensingh,Bangladesh,Female,1992-09-09,2023-12-10,Active
368,Customer_368,User_368,customer368@example.com,01700000368,Dhaka,Bangladesh,Male,1992-12-01,2023-12-27,Active
369,Customer_369,User_369,customer369@example.com,01700000369,Chittagong,Bangladesh,Female,1993-02-22,2024-01-13,Active
370,Customer_370,User_370,customer370@example.com,01700000370,Sylhet,Bangladesh,Male,1993-05-16,2024-01-30,Inactive
371,Customer_371,User_371,customer371@example.com,01700000371,Rajshahi,Bangladesh,Female,1993-08-07,2024-02-16,Active
372,Customer_372,User_372,customer372@example.com,01700000372,Khulna,Bangladesh,Male,1993-10-29,2024-03-04,Active
373,Customer_373,User_373,customer373@example.com,01700000373,Barisal,Bangladesh,Female,1994-01-20,2024-03-21,Active
374,Customer_374,User_374,customer374@example.com,01700000374,Rangpur,Bangladesh,Male,1994-04-13,2024-04-07,Active
375,Customer_375,User_375,customer375@example.com,01700000375,Mymensingh,Bangladesh,Female,1994-07-05,2024-04-24,Active
376,Customer_376,User_376,customer376@example.com,01700000376,Dhaka,Bangladesh,Male,1994-09-26,2024-05-11,Active
377,Customer_377,User_377,customer377@example.com,01700000377,Chittagong,Bangladesh,Female,1994-12-18,2024-05-28,Active
378,Customer_378,User_378,customer378@example.com,01700000378,Sylhet,Bangladesh,Male,1995-03-11,2024-06-14,Active
379,Customer_379,User_379,customer379@example.com,01700000379,Rajshahi,Bangladesh,Female,1995-06-02,2024-07-01,Active
380,Customer_380,User_380,customer380@example.com,01700000380,Khulna,Bangladesh,Male,1995-08-24,2024-07-18,Inactive
381,Customer_381,User_381,customer381@example.com,01700000381,Barisal,Bangladesh,Female,1995-11-15,2024-08-04,Active
382,Customer_382,User_382,customer382@example.com,01700000382,Rangpur,Bangladesh,Male,1996-02-06,2024-08-21,Active
383,Customer_383,User_383,customer383@example.com,01700000383,Mymensingh,Bangladesh,Female,1996-04-29,2024-09-07,Active
384,Customer_384,User_384,customer384@example.com,01700000384,Dhaka,Bangladesh,Male,1996-07-21,2024-09-24,Active
385,Customer_385,User_385,customer385@example.com,01700000385,Chittagong,Bangladesh,Female,1996-10-12,2024-10-11,Active
386,Customer_386,User_386,customer386@example.com,01700000386,Sylhet,Bangladesh,Male,1997-01-03,2024-10-28,Active
387,Customer_387,User_387,customer387@example.com,01700000387,Rajshahi,Bangladesh,Female,1997-03-27,2024-11-14,Active
388,Customer_388,User_388,customer388@example.com,01700000388,Khulna,Bangladesh,Male,1997-06-18,2024-12-01,Active
389,Customer_389,User_389,customer389@example.com,01700000389,Barisal,Bangladesh,Female,1997-09-09,2024-12-18,Active
390,Customer_390,User_390,customer390@example.com,01700000390,Rangpur,Bangladesh,Male,1997-12-01,2025-01-04,Inactive
391,Customer_391,User_391,customer391@example.com,01700000391,Mymensingh,Bangladesh,Female,1998-02-22,2025-01-21,Active
392,Customer_392,User_392,customer392@example.com,01700000392,Dhaka,Bangladesh,Male,1998-05-16,2025-02-07,Active
393,Customer_393,User_393,customer393@example.com,01700000393,Chittagong,Bangladesh,Female,1998-08-07,2025-02-24,Active
394,Customer_394,User_394,customer394@example.com,01700000394,Sylhet,Bangladesh,Male,1998-10-29,2025-03-13,Active
395,Customer_395,User_395,customer395@example.com,01700000395,Rajshahi,Bangladesh,Female,1999-01-20,2025-03-30,Active
396,Customer_396,User_396,customer396@example.com,01700000396,Khulna,Bangladesh,Male,1999-04-13,2025-04-16,Active
397,Customer_397,User_397,customer397@example.com,01700000397,Barisal,Bangladesh,Female,1999-07-05,2025-05-03,Active
398,Customer_398,User_398,customer398@example.com,01700000398,Rangpur,Bangladesh,Male,1999-09-26,2025-05-20,Active
399,Customer_399,User_399,customer399@example.com,01700000399,Mymensingh,Bangladesh,Female,1999-12-18,2025-06-06,Active
400,Customer_400,User_400,customer400@example.com,01700000400,Dhaka,Bangladesh,Male,2000-03-10,2025-06-23,Inactive
401,Customer_401,User_401,customer401@example.com,01700000401,Chittagong,Bangladesh,Female,2000-06-01,2025-07-10,Active
402,Customer_402,User_402,customer402@example.com,01700000402,Sylhet,Bangladesh,Male,2000-08-23,2025-07-27,Active
403,Customer_403,User_403,customer403@example.com,01700000403,Rajshahi,Bangladesh,Female,2000-11-14,2025-08-13,Active
404,Customer_404,User_404,customer404@example.com,01700000404,Khulna,Bangladesh,Male,2001-02-05,2025-08-30,Active
405,Customer_405,User_405,customer405@example.com,01700000405,Barisal,Bangladesh,Female,2001-04-29,2025-09-16,Active
406,Customer_406,User_406,customer406@example.com,01700000406,Rangpur,Bangladesh,Male,2001-07-21,2025-10-03,Active
407,Customer_407,User_407,customer407@example.com,01700000407,Mymensingh,Bangladesh,Female,2001-10-12,2025-10-20,Active
408,Customer_408,User_408,customer408@example.com,01700000408,Dhaka,Bangladesh,Male,2002-01-03,2025-11-06,Active
409,Customer_409,User_409,customer409@example.com,01700000409,Chittagong,Bangladesh,Female,2002-03-27,2025-11-23,Active
410,Customer_410,User_410,customer410@example.com,01700000410,Sylhet,Bangladesh,Male,2002-06-18,2025-12-10,Inactive
411,Customer_411,User_411,customer411@example.com,01700000411,Rajshahi,Bangladesh,Female,2002-09-09,2025-12-27,Active
412,Customer_412,User_412,customer412@example.com,01700000412,Khulna,Bangladesh,Male,2002-12-01,2026-01-13,Active
413,Customer_413,User_413,customer413@example.com,01700000413,Barisal,Bangladesh,Female,2003-02-22,2026-01-30,Active
414,Customer_414,User_414,customer414@example.com,01700000414,Rangpur,Bangladesh,Male,2003-05-16,2026-02-16,Active
415,Customer_415,User_415,customer415@example.com,01700000415,Mymensingh,Bangladesh,Female,2003-08-07,2026-03-05,Active
416,Customer_416,User_416,customer416@example.com,01700000416,Dhaka,Bangladesh,Male,2003-10-29,2026-03-22,Active
417,Customer_417,User_417,customer417@example.com,01700000417,Chittagong,Bangladesh,Female,2004-01-20,2026-04-08,Active
418,Customer_418,User_418,customer418@example.com,01700000418,Sylhet,Bangladesh,Male,2004-04-12,2026-04-25,Active
419,Customer_419,User_419,customer419@example.com,01700000419,Rajshahi,Bangladesh,Female,2004-07-04,2026-05-12,Active
420,Customer_420,User_420,customer420@example.com,01700000420,Khulna,Bangladesh,Male,2004-09-25,2026-05-29,Inactive
421,Customer_421,User_421,customer421@example.com,01700000421,Barisal,Bangladesh,Female,2004-12-17,2026-06-15,Active
422,Customer_422,User_422,customer422@example.com,01700000422,Rangpur,Bangladesh,Male,2005-03-10,2026-07-02,Active
423,Customer_423,User_423,customer423@example.com,01700000423,Mymensingh,Bangladesh,Female,2005-06-01,2026-07-19,Active
424,Customer_424,User_424,customer424@example.com,01700000424,Dhaka,Bangladesh,Male,2005-08-23,2020-01-09,Active
425,Customer_425,User_425,customer425@example.com,01700000425,Chittagong,Bangladesh,Female,2005-11-14,2020-01-26,Active
426,Customer_426,User_426,customer426@example.com,01700000426,Sylhet,Bangladesh,Male,2006-02-05,2020-02-12,Active
427,Customer_427,User_427,customer427@example.com,01700000427,Rajshahi,Bangladesh,Female,2006-04-29,2020-02-29,Active
428,Customer_428,User_428,customer428@example.com,01700000428,Khulna,Bangladesh,Male,2006-07-21,2020-03-17,Active
429,Customer_429,User_429,customer429@example.com,01700000429,Barisal,Bangladesh,Female,2006-10-12,2020-04-03,Active
430,Customer_430,User_430,customer430@example.com,01700000430,Rangpur,Bangladesh,Male,2007-01-03,2020-04-20,Inactive
431,Customer_431,User_431,customer431@example.com,01700000431,Mymensingh,Bangladesh,Female,2007-03-27,2020-05-07,Active
432,Customer_432,User_432,customer432@example.com,01700000432,Dhaka,Bangladesh,Male,2007-06-18,2020-05-24,Active
433,Customer_433,User_433,customer433@example.com,01700000433,Chittagong,Bangladesh,Female,2007-09-09,2020-06-10,Active
434,Customer_434,User_434,customer434@example.com,01700000434,Sylhet,Bangladesh,Male,1975-01-23,2020-06-27,Active
435,Customer_435,User_435,customer435@example.com,01700000435,Rajshahi,Bangladesh,Female,1975-04-16,2020-07-14,Active
436,Customer_436,User_436,customer436@example.com,01700000436,Khulna,Bangladesh,Male,1975-07-08,2020-07-31,Active
437,Customer_437,User_437,customer437@example.com,01700000437,Barisal,Bangladesh,Female,1975-09-29,2020-08-17,Active
438,Customer_438,User_438,customer438@example.com,01700000438,Rangpur,Bangladesh,Male,1975-12-21,2020-09-03,Active
439,Customer_439,User_439,customer439@example.com,01700000439,Mymensingh,Bangladesh,Female,1976-03-13,2020-09-20,Active
440,Customer_440,User_440,customer440@example.com,01700000440,Dhaka,Bangladesh,Male,1976-06-04,2020-10-07,Inactive
441,Customer_441,User_441,customer441@example.com,01700000441,Chittagong,Bangladesh,Female,1976-08-26,2020-10-24,Active
442,Customer_442,User_442,customer442@example.com,01700000442,Sylhet,Bangladesh,Male,1976-11-17,2020-11-10,Active
443,Customer_443,User_443,customer443@example.com,01700000443,Rajshahi,Bangladesh,Female,1977-02-08,2020-11-27,Active
444,Customer_444,User_444,customer444@example.com,01700000444,Khulna,Bangladesh,Male,1977-05-02,2020-12-14,Active
445,Customer_445,User_445,customer445@example.com,01700000445,Barisal,Bangladesh,Female,1977-07-24,2020-12-31,Active
446,Customer_446,User_446,customer446@example.com,01700000446,Rangpur,Bangladesh,Male,1977-10-15,2021-01-17,Active
447,Customer_447,User_447,customer447@example.com,01700000447,Mymensingh,Bangladesh,Female,1978-01-06,2021-02-03,Active
448,Customer_448,User_448,customer448@example.com,01700000448,Dhaka,Bangladesh,Male,1978-03-30,2021-02-20,Active
449,Customer_449,User_449,customer449@example.com,01700000449,Chittagong,Bangladesh,Female,1978-06-21,2021-03-09,Active
450,Customer_450,User_450,customer450@example.com,01700000450,Sylhet,Bangladesh,Male,1978-09-12,2021-03-26,Inactive
451,Customer_451,User_451,customer451@example.com,01700000451,Rajshahi,Bangladesh,Female,1978-12-04,2021-04-12,Active
452,Customer_452,User_452,customer452@example.com,01700000452,Khulna,Bangladesh,Male,1979-02-25,2021-04-29,Active
453,Customer_453,User_453,customer453@example.com,01700000453,Barisal,Bangladesh,Female,1979-05-19,2021-05-16,Active
454,Customer_454,User_454,customer454@example.com,01700000454,Rangpur,Bangladesh,Male,1979-08-10,2021-06-02,Active
455,Customer_455,User_455,customer455@example.com,01700000455,Mymensingh,Bangladesh,Female,1979-11-01,2021-06-19,Active
456,Customer_456,User_456,customer456@example.com,01700000456,Dhaka,Bangladesh,Male,1980-01-23,2021-07-06,Active
457,Customer_457,User_457,customer457@example.com,01700000457,Chittagong,Bangladesh,Female,1980-04-15,2021-07-23,Active
458,Customer_458,User_458,customer458@example.com,01700000458,Sylhet,Bangladesh,Male,1980-07-07,2021-08-09,Active
459,Customer_459,User_459,customer459@example.com,01700000459,Rajshahi,Bangladesh,Female,1980-09-28,2021-08-26,Active
460,Customer_460,User_460,customer460@example.com,01700000460,Khulna,Bangladesh,Male,1980-12-20,2021-09-12,Inactive
461,Customer_461,User_461,customer461@example.com,01700000461,Barisal,Bangladesh,Female,1981-03-13,2021-09-29,Active
462,Customer_462,User_462,customer462@example.com,01700000462,Rangpur,Bangladesh,Male,1981-06-04,2021-10-16,Active
463,Customer_463,User_463,customer463@example.com,01700000463,Mymensingh,Bangladesh,Female,1981-08-26,2021-11-02,Active
464,Customer_464,User_464,customer464@example.com,01700000464,Dhaka,Bangladesh,Male,1981-11-17,2021-11-19,Active
465,Customer_465,User_465,customer465@example.com,01700000465,Chittagong,Bangladesh,Female,1982-02-08,2021-12-06,Active
466,Customer_466,User_466,customer466@example.com,01700000466,Sylhet,Bangladesh,Male,1982-05-02,2021-12-23,Active
467,Customer_467,User_467,customer467@example.com,01700000467,Rajshahi,Bangladesh,Female,1982-07-24,2022-01-09,Active
468,Customer_468,User_468,customer468@example.com,01700000468,Khulna,Bangladesh,Male,1982-10-15,2022-01-26,Active
469,Customer_469,User_469,customer469@example.com,01700000469,Barisal,Bangladesh,Female,1983-01-06,2022-02-12,Active
470,Customer_470,User_470,customer470@example.com,01700000470,Rangpur,Bangladesh,Male,1983-03-30,2022-03-01,Inactive
471,Customer_471,User_471,customer471@example.com,01700000471,Mymensingh,Bangladesh,Female,1983-06-21,2022-03-18,Active
472,Customer_472,User_472,customer472@example.com,01700000472,Dhaka,Bangladesh,Male,1983-09-12,2022-04-04,Active
473,Customer_473,User_473,customer473@example.com,01700000473,Chittagong,Bangladesh,Female,1983-12-04,2022-04-21,Active
474,Customer_474,User_474,customer474@example.com,01700000474,Sylhet,Bangladesh,Male,1984-02-25,2022-05-08,Active
475,Customer_475,User_475,customer475@example.com,01700000475,Rajshahi,Bangladesh,Female,1984-05-18,2022-05-25,Active
476,Customer_476,User_476,customer476@example.com,01700000476,Khulna,Bangladesh,Male,1984-08-09,2022-06-11,Active
477,Customer_477,User_477,customer477@example.com,01700000477,Barisal,Bangladesh,Female,1984-10-31,2022-06-28,Active
478,Customer_478,User_478,customer478@example.com,01700000478,Rangpur,Bangladesh,Male,1985-01-22,2022-07-15,Active
479,Customer_479,User_479,customer479@example.com,01700000479,Mymensingh,Bangladesh,Female,1985-04-15,2022-08-01,Active
480,Customer_480,User_480,customer480@example.com,01700000480,Dhaka,Bangladesh,Male,1985-07-07,2022-08-18,Inactive
481,Customer_481,User_481,customer481@example.com,01700000481,Chittagong,Bangladesh,Female,1985-09-28,2022-09-04,Active
482,Customer_482,User_482,customer482@example.com,01700000482,Sylhet,Bangladesh,Male,1985-12-20,2022-09-21,Active
483,Customer_483,User_483,customer483@example.com,01700000483,Rajshahi,Bangladesh,Female,1986-03-13,2022-10-08,Active
484,Customer_484,User_484,customer484@example.com,01700000484,Khulna,Bangladesh,Male,1986-06-04,2022-10-25,Active
485,Customer_485,User_485,customer485@example.com,01700000485,Barisal,Bangladesh,Female,1986-08-26,2022-11-11,Active
486,Customer_486,User_486,customer486@example.com,01700000486,Rangpur,Bangladesh,Male,1986-11-17,2022-11-28,Active
487,Customer_487,User_487,customer487@example.com,01700000487,Mymensingh,Bangladesh,Female,1987-02-08,2022-12-15,Active
488,Customer_488,User_488,customer488@example.com,01700000488,Dhaka,Bangladesh,Male,1987-05-02,2023-01-01,Active
489,Customer_489,User_489,customer489@example.com,01700000489,Chittagong,Bangladesh,Female,1987-07-24,2023-01-18,Active
490,Customer_490,User_490,customer490@example.com,01700000490,Sylhet,Bangladesh,Male,1987-10-15,2023-02-04,Inactive
491,Customer_491,User_491,customer491@example.com,01700000491,Rajshahi,Bangladesh,Female,1988-01-06,2023-02-21,Active
492,Customer_492,User_492,customer492@example.com,01700000492,Khulna,Bangladesh,Male,1988-03-29,2023-03-10,Active
493,Customer_493,User_493,customer493@example.com,01700000493,Barisal,Bangladesh,Female,1988-06-20,2023-03-27,Active
494,Customer_494,User_494,customer494@example.com,01700000494,Rangpur,Bangladesh,Male,1988-09-11,2023-04-13,Active
495,Customer_495,User_495,customer495@example.com,01700000495,Mymensingh,Bangladesh,Female,1988-12-03,2023-04-30,Active
496,Customer_496,User_496,customer496@example.com,01700000496,Dhaka,Bangladesh,Male,1989-02-24,2023-05-17,Active
497,Customer_497,User_497,customer497@example.com,01700000497,Chittagong,Bangladesh,Female,1989-05-18,2023-06-03,Active
498,Customer_498,User_498,customer498@example.com,01700000498,Sylhet,Bangladesh,Male,1989-08-09,2023-06-20,Active
499,Customer_499,User_499,customer499@example.com,01700000499,Rajshahi,Bangladesh,Female,1989-10-31,2023-07-07,Active
500,Customer_500,User_500,customer500@example.com,01700000500,Khulna,Bangladesh,Male,1990-01-22,2023-07-24,Inactive
501,Customer_501,User_501,customer501@example.com,01700000501,Barisal,Bangladesh,Female,1990-04-15,2023-08-10,Active
502,Customer_502,User_502,customer502@example.com,01700000502,Rangpur,Bangladesh,Male,1990-07-07,2023-08-27,Active
503,Customer_503,User_503,customer503@example.com,01700000503,Mymensingh,Bangladesh,Female,1990-09-28,2023-09-13,Active
504,Customer_504,User_504,customer504@example.com,01700000504,Dhaka,Bangladesh,Male,1990-12-20,2023-09-30,Active
505,Customer_505,User_505,customer505@example.com,01700000505,Chittagong,Bangladesh,Female,1991-03-13,2023-10-17,Active
506,Customer_506,User_506,customer506@example.com,01700000506,Sylhet,Bangladesh,Male,1991-06-04,2023-11-03,Active
507,Customer_507,User_507,customer507@example.com,01700000507,Rajshahi,Bangladesh,Female,1991-08-26,2023-11-20,Active
508,Customer_508,User_508,customer508@example.com,01700000508,Khulna,Bangladesh,Male,1991-11-17,2023-12-07,Active
509,Customer_509,User_509,customer509@example.com,01700000509,Barisal,Bangladesh,Female,1992-02-08,2023-12-24,Active
510,Customer_510,User_510,customer510@example.com,01700000510,Rangpur,Bangladesh,Male,1992-05-01,2024-01-10,Inactive
511,Customer_511,User_511,customer511@example.com,01700000511,Mymensingh,Bangladesh,Female,1992-07-23,2024-01-27,Active
512,Customer_512,User_512,customer512@example.com,01700000512,Dhaka,Bangladesh,Male,1992-10-14,2024-02-13,Active
513,Customer_513,User_513,customer513@example.com,01700000513,Chittagong,Bangladesh,Female,1993-01-05,2024-03-01,Active
514,Customer_514,User_514,customer514@example.com,01700000514,Sylhet,Bangladesh,Male,1993-03-29,2024-03-18,Active
515,Customer_515,User_515,customer515@example.com,01700000515,Rajshahi,Bangladesh,Female,1993-06-20,2024-04-04,Active
516,Customer_516,User_516,customer516@example.com,01700000516,Khulna,Bangladesh,Male,1993-09-11,2024-04-21,Active
517,Customer_517,User_517,customer517@example.com,01700000517,Barisal,Bangladesh,Female,1993-12-03,2024-05-08,Active
518,Customer_518,User_518,customer518@example.com,01700000518,Rangpur,Bangladesh,Male,1994-02-24,2024-05-25,Active
519,Customer_519,User_519,customer519@example.com,01700000519,Mymensingh,Bangladesh,Female,1994-05-18,2024-06-11,Active
520,Customer_520,User_520,customer520@example.com,01700000520,Dhaka,Bangladesh,Male,1994-08-09,2024-06-28,Inactive
521,Customer_521,User_521,customer521@example.com,01700000521,Chittagong,Bangladesh,Female,1994-10-31,2024-07-15,Active
522,Customer_522,User_522,customer522@example.com,01700000522,Sylhet,Bangladesh,Male,1995-01-22,2024-08-01,Active
523,Customer_523,User_523,customer523@example.com,01700000523,Rajshahi,Bangladesh,Female,1995-04-15,2024-08-18,Active
524,Customer_524,User_524,customer524@example.com,01700000524,Khulna,Bangladesh,Male,1995-07-07,2024-09-04,Active
525,Customer_525,User_525,customer525@example.com,01700000525,Barisal,Bangladesh,Female,1995-09-28,2024-09-21,Active
526,Customer_526,User_526,customer526@example.com,01700000526,Rangpur,Bangladesh,Male,1995-12-20,2024-10-08,Active
527,Customer_527,User_527,customer527@example.com,01700000527,Mymensingh,Bangladesh,Female,1996-03-12,2024-10-25,Active
528,Customer_528,User_528,customer528@example.com,01700000528,Dhaka,Bangladesh,Male,1996-06-03,2024-11-11,Active
529,Customer_529,User_529,customer529@example.com,01700000529,Chittagong,Bangladesh,Female,1996-08-25,2024-11-28,Active
530,Customer_530,User_530,customer530@example.com,01700000530,Sylhet,Bangladesh,Male,1996-11-16,2024-12-15,Inactive
531,Customer_531,User_531,customer531@example.com,01700000531,Rajshahi,Bangladesh,Female,1997-02-07,2025-01-01,Active
532,Customer_532,User_532,customer532@example.com,01700000532,Khulna,Bangladesh,Male,1997-05-01,2025-01-18,Active
533,Customer_533,User_533,customer533@example.com,01700000533,Barisal,Bangladesh,Female,1997-07-23,2025-02-04,Active
534,Customer_534,User_534,customer534@example.com,01700000534,Rangpur,Bangladesh,Male,1997-10-14,2025-02-21,Active
535,Customer_535,User_535,customer535@example.com,01700000535,Mymensingh,Bangladesh,Female,1998-01-05,2025-03-10,Active
536,Customer_536,User_536,customer536@example.com,01700000536,Dhaka,Bangladesh,Male,1998-03-29,2025-03-27,Active
537,Customer_537,User_537,customer537@example.com,01700000537,Chittagong,Bangladesh,Female,1998-06-20,2025-04-13,Active
538,Customer_538,User_538,customer538@example.com,01700000538,Sylhet,Bangladesh,Male,1998-09-11,2025-04-30,Active
539,Customer_539,User_539,customer539@example.com,01700000539,Rajshahi,Bangladesh,Female,1998-12-03,2025-05-17,Active
540,Customer_540,User_540,customer540@example.com,01700000540,Khulna,Bangladesh,Male,1999-02-24,2025-06-03,Inactive
541,Customer_541,User_541,customer541@example.com,01700000541,Barisal,Bangladesh,Female,1999-05-18,2025-06-20,Active
542,Customer_542,User_542,customer542@example.com,01700000542,Rangpur,Bangladesh,Male,1999-08-09,2025-07-07,Active
543,Customer_543,User_543,customer543@example.com,01700000543,Mymensingh,Bangladesh,Female,1999-10-31,2025-07-24,Active
544,Customer_544,User_544,customer544@example.com,01700000544,Dhaka,Bangladesh,Male,2000-01-22,2025-08-10,Active
545,Customer_545,User_545,customer545@example.com,01700000545,Chittagong,Bangladesh,Female,2000-04-14,2025-08-27,Active
546,Customer_546,User_546,customer546@example.com,01700000546,Sylhet,Bangladesh,Male,2000-07-06,2025-09-13,Active
547,Customer_547,User_547,customer547@example.com,01700000547,Rajshahi,Bangladesh,Female,2000-09-27,2025-09-30,Active
548,Customer_548,User_548,customer548@example.com,01700000548,Khulna,Bangladesh,Male,2000-12-19,2025-10-17,Active
549,Customer_549,User_549,customer549@example.com,01700000549,Barisal,Bangladesh,Female,2001-03-12,2025-11-03,Active
550,Customer_550,User_550,customer550@example.com,01700000550,Rangpur,Bangladesh,Male,2001-06-03,2025-11-20,Inactive
551,Customer_551,User_551,customer551@example.com,01700000551,Mymensingh,Bangladesh,Female,2001-08-25,2025-12-07,Active
552,Customer_552,User_552,customer552@example.com,01700000552,Dhaka,Bangladesh,Male,2001-11-16,2025-12-24,Active
553,Customer_553,User_553,customer553@example.com,01700000553,Chittagong,Bangladesh,Female,2002-02-07,2026-01-10,Active
554,Customer_554,User_554,customer554@example.com,01700000554,Sylhet,Bangladesh,Male,2002-05-01,2026-01-27,Active
555,Customer_555,User_555,customer555@example.com,01700000555,Rajshahi,Bangladesh,Female,2002-07-23,2026-02-13,Active
556,Customer_556,User_556,customer556@example.com,01700000556,Khulna,Bangladesh,Male,2002-10-14,2026-03-02,Active
557,Customer_557,User_557,customer557@example.com,01700000557,Barisal,Bangladesh,Female,2003-01-05,2026-03-19,Active
558,Customer_558,User_558,customer558@example.com,01700000558,Rangpur,Bangladesh,Male,2003-03-29,2026-04-05,Active
559,Customer_559,User_559,customer559@example.com,01700000559,Mymensingh,Bangladesh,Female,2003-06-20,2026-04-22,Active
560,Customer_560,User_560,customer560@example.com,01700000560,Dhaka,Bangladesh,Male,2003-09-11,2026-05-09,Inactive
561,Customer_561,User_561,customer561@example.com,01700000561,Chittagong,Bangladesh,Female,2003-12-03,2026-05-26,Active
562,Customer_562,User_562,customer562@example.com,01700000562,Sylhet,Bangladesh,Male,2004-02-24,2026-06-12,Active
563,Customer_563,User_563,customer563@example.com,01700000563,Rajshahi,Bangladesh,Female,2004-05-17,2026-06-29,Active
564,Customer_564,User_564,customer564@example.com,01700000564,Khulna,Bangladesh,Male,2004-08-08,2026-07-16,Active
565,Customer_565,User_565,customer565@example.com,01700000565,Barisal,Bangladesh,Female,2004-10-30,2020-01-06,Active
566,Customer_566,User_566,customer566@example.com,01700000566,Rangpur,Bangladesh,Male,2005-01-21,2020-01-23,Active
567,Customer_567,User_567,customer567@example.com,01700000567,Mymensingh,Bangladesh,Female,2005-04-14,2020-02-09,Active
568,Customer_568,User_568,customer568@example.com,01700000568,Dhaka,Bangladesh,Male,2005-07-06,2020-02-26,Active
569,Customer_569,User_569,customer569@example.com,01700000569,Chittagong,Bangladesh,Female,2005-09-27,2020-03-14,Active
570,Customer_570,User_570,customer570@example.com,01700000570,Sylhet,Bangladesh,Male,2005-12-19,2020-03-31,Inactive
571,Customer_571,User_571,customer571@example.com,01700000571,Rajshahi,Bangladesh,Female,2006-03-12,2020-04-17,Active
572,Customer_572,User_572,customer572@example.com,01700000572,Khulna,Bangladesh,Male,2006-06-03,2020-05-04,Active
573,Customer_573,User_573,customer573@example.com,01700000573,Barisal,Bangladesh,Female,2006-08-25,2020-05-21,Active
574,Customer_574,User_574,customer574@example.com,01700000574,Rangpur,Bangladesh,Male,2006-11-16,2020-06-07,Active
575,Customer_575,User_575,customer575@example.com,01700000575,Mymensingh,Bangladesh,Female,2007-02-07,2020-06-24,Active
576,Customer_576,User_576,customer576@example.com,01700000576,Dhaka,Bangladesh,Male,2007-05-01,2020-07-11,Active
577,Customer_577,User_577,customer577@example.com,01700000577,Chittagong,Bangladesh,Female,2007-07-23,2020-07-28,Active
578,Customer_578,User_578,customer578@example.com,01700000578,Sylhet,Bangladesh,Male,2007-10-14,2020-08-14,Active
579,Customer_579,User_579,customer579@example.com,01700000579,Rajshahi,Bangladesh,Female,1975-02-27,2020-08-31,Active
580,Customer_580,User_580,customer580@example.com,01700000580,Khulna,Bangladesh,Male,1975-05-21,2020-09-17,Inactive
581,Customer_581,User_581,customer581@example.com,01700000581,Barisal,Bangladesh,Female,1975-08-12,2020-10-04,Active
582,Customer_582,User_582,customer582@example.com,01700000582,Rangpur,Bangladesh,Male,1975-11-03,2020-10-21,Active
583,Customer_583,User_583,customer583@example.com,01700000583,Mymensingh,Bangladesh,Female,1976-01-25,2020-11-07,Active
584,Customer_584,User_584,customer584@example.com,01700000584,Dhaka,Bangladesh,Male,1976-04-17,2020-11-24,Active
585,Customer_585,User_585,customer585@example.com,01700000585,Chittagong,Bangladesh,Female,1976-07-09,2020-12-11,Active
586,Customer_586,User_586,customer586@example.com,01700000586,Sylhet,Bangladesh,Male,1976-09-30,2020-12-28,Active
587,Customer_587,User_587,customer587@example.com,01700000587,Rajshahi,Bangladesh,Female,1976-12-22,2021-01-14,Active
588,Customer_588,User_588,customer588@example.com,01700000588,Khulna,Bangladesh,Male,1977-03-15,2021-01-31,Active
589,Customer_589,User_589,customer589@example.com,01700000589,Barisal,Bangladesh,Female,1977-06-06,2021-02-17,Active
590,Customer_590,User_590,customer590@example.com,01700000590,Rangpur,Bangladesh,Male,1977-08-28,2021-03-06,Inactive
591,Customer_591,User_591,customer591@example.com,01700000591,Mymensingh,Bangladesh,Female,1977-11-19,2021-03-23,Active
592,Customer_592,User_592,customer592@example.com,01700000592,Dhaka,Bangladesh,Male,1978-02-10,2021-04-09,Active
593,Customer_593,User_593,customer593@example.com,01700000593,Chittagong,Bangladesh,Female,1978-05-04,2021-04-26,Active
594,Customer_594,User_594,customer594@example.com,01700000594,Sylhet,Bangladesh,Male,1978-07-26,2021-05-13,Active
595,Customer_595,User_595,customer595@example.com,01700000595,Rajshahi,Bangladesh,Female,1978-10-17,2021-05-30,Active
596,Customer_596,User_596,customer596@example.com,01700000596,Khulna,Bangladesh,Male,1979-01-08,2021-06-16,Active
597,Customer_597,User_597,customer597@example.com,01700000597,Barisal,Bangladesh,Female,1979-04-01,2021-07-03,Active
598,Customer_598,User_598,customer598@example.com,01700000598,Rangpur,Bangladesh,Male,1979-06-23,2021-07-20,Active
599,Customer_599,User_599,customer599@example.com,01700000599,Mymensingh,Bangladesh,Female,1979-09-14,2021-08-06,Active
600,Customer_600,User_600,customer600@example.com,01700000600,Dhaka,Bangladesh,Male,1979-12-06,2021-08-23,Inactive
601,Customer_601,User_601,customer601@example.com,01700000601,Chittagong,Bangladesh,Female,1980-02-27,2021-09-09,Active
602,Customer_602,User_602,customer602@example.com,01700000602,Sylhet,Bangladesh,Male,1980-05-20,2021-09-26,Active
603,Customer_603,User_603,customer603@example.com,01700000603,Rajshahi,Bangladesh,Female,1980-08-11,2021-10-13,Active
604,Customer_604,User_604,customer604@example.com,01700000604,Khulna,Bangladesh,Male,1980-11-02,2021-10-30,Active
605,Customer_605,User_605,customer605@example.com,01700000605,Barisal,Bangladesh,Female,1981-01-24,2021-11-16,Active
606,Customer_606,User_606,customer606@example.com,01700000606,Rangpur,Bangladesh,Male,1981-04-17,2021-12-03,Active
607,Customer_607,User_607,customer607@example.com,01700000607,Mymensingh,Bangladesh,Female,1981-07-09,2021-12-20,Active
608,Customer_608,User_608,customer608@example.com,01700000608,Dhaka,Bangladesh,Male,1981-09-30,2022-01-06,Active
609,Customer_609,User_609,customer609@example.com,01700000609,Chittagong,Bangladesh,Female,1981-12-22,2022-01-23,Active
610,Customer_610,User_610,customer610@example.com,01700000610,Sylhet,Bangladesh,Male,1982-03-15,2022-02-09,Inactive
611,Customer_611,User_611,customer611@example.com,01700000611,Rajshahi,Bangladesh,Female,1982-06-06,2022-02-26,Active
612,Customer_612,User_612,customer612@example.com,01700000612,Khulna,Bangladesh,Male,1982-08-28,2022-03-15,Active
613,Customer_613,User_613,customer613@example.com,01700000613,Barisal,Bangladesh,Female,1982-11-19,2022-04-01,Active
614,Customer_614,User_614,customer614@example.com,01700000614,Rangpur,Bangladesh,Male,1983-02-10,2022-04-18,Active
615,Customer_615,User_615,customer615@example.com,01700000615,Mymensingh,Bangladesh,Female,1983-05-04,2022-05-05,Active
616,Customer_616,User_616,customer616@example.com,01700000616,Dhaka,Bangladesh,Male,1983-07-26,2022-05-22,Active
617,Customer_617,User_617,customer617@example.com,01700000617,Chittagong,Bangladesh,Female,1983-10-17,2022-06-08,Active
618,Customer_618,User_618,customer618@example.com,01700000618,Sylhet,Bangladesh,Male,1984-01-08,2022-06-25,Active
619,Customer_619,User_619,customer619@example.com,01700000619,Rajshahi,Bangladesh,Female,1984-03-31,2022-07-12,Active
620,Customer_620,User_620,customer620@example.com,01700000620,Khulna,Bangladesh,Male,1984-06-22,2022-07-29,Inactive
621,Customer_621,User_621,customer621@example.com,01700000621,Barisal,Bangladesh,Female,1984-09-13,2022-08-15,Active
622,Customer_622,User_622,customer622@example.com,01700000622,Rangpur,Bangladesh,Male,1984-12-05,2022-09-01,Active
623,Customer_623,User_623,customer623@example.com,01700000623,Mymensingh,Bangladesh,Female,1985-02-26,2022-09-18,Active
624,Customer_624,User_624,customer624@example.com,01700000624,Dhaka,Bangladesh,Male,1985-05-20,2022-10-05,Active
625,Customer_625,User_625,customer625@example.com,01700000625,Chittagong,Bangladesh,Female,1985-08-11,2022-10-22,Active
626,Customer_626,User_626,customer626@example.com,01700000626,Sylhet,Bangladesh,Male,1985-11-02,2022-11-08,Active
627,Customer_627,User_627,customer627@example.com,01700000627,Rajshahi,Bangladesh,Female,1986-01-24,2022-11-25,Active
628,Customer_628,User_628,customer628@example.com,01700000628,Khulna,Bangladesh,Male,1986-04-17,2022-12-12,Active
629,Customer_629,User_629,customer629@example.com,01700000629,Barisal,Bangladesh,Female,1986-07-09,2022-12-29,Active
630,Customer_630,User_630,customer630@example.com,01700000630,Rangpur,Bangladesh,Male,1986-09-30,2023-01-15,Inactive
631,Customer_631,User_631,customer631@example.com,01700000631,Mymensingh,Bangladesh,Female,1986-12-22,2023-02-01,Active
632,Customer_632,User_632,customer632@example.com,01700000632,Dhaka,Bangladesh,Male,1987-03-15,2023-02-18,Active
633,Customer_633,User_633,customer633@example.com,01700000633,Chittagong,Bangladesh,Female,1987-06-06,2023-03-07,Active
634,Customer_634,User_634,customer634@example.com,01700000634,Sylhet,Bangladesh,Male,1987-08-28,2023-03-24,Active
635,Customer_635,User_635,customer635@example.com,01700000635,Rajshahi,Bangladesh,Female,1987-11-19,2023-04-10,Active
636,Customer_636,User_636,customer636@example.com,01700000636,Khulna,Bangladesh,Male,1988-02-10,2023-04-27,Active
637,Customer_637,User_637,customer637@example.com,01700000637,Barisal,Bangladesh,Female,1988-05-03,2023-05-14,Active
638,Customer_638,User_638,customer638@example.com,01700000638,Rangpur,Bangladesh,Male,1988-07-25,2023-05-31,Active
639,Customer_639,User_639,customer639@example.com,01700000639,Mymensingh,Bangladesh,Female,1988-10-16,2023-06-17,Active
640,Customer_640,User_640,customer640@example.com,01700000640,Dhaka,Bangladesh,Male,1989-01-07,2023-07-04,Inactive
641,Customer_641,User_641,customer641@example.com,01700000641,Chittagong,Bangladesh,Female,1989-03-31,2023-07-21,Active
642,Customer_642,User_642,customer642@example.com,01700000642,Sylhet,Bangladesh,Male,1989-06-22,2023-08-07,Active
643,Customer_643,User_643,customer643@example.com,01700000643,Rajshahi,Bangladesh,Female,1989-09-13,2023-08-24,Active
644,Customer_644,User_644,customer644@example.com,01700000644,Khulna,Bangladesh,Male,1989-12-05,2023-09-10,Active
645,Customer_645,User_645,customer645@example.com,01700000645,Barisal,Bangladesh,Female,1990-02-26,2023-09-27,Active
646,Customer_646,User_646,customer646@example.com,01700000646,Rangpur,Bangladesh,Male,1990-05-20,2023-10-14,Active
647,Customer_647,User_647,customer647@example.com,01700000647,Mymensingh,Bangladesh,Female,1990-08-11,2023-10-31,Active
648,Customer_648,User_648,customer648@example.com,01700000648,Dhaka,Bangladesh,Male,1990-11-02,2023-11-17,Active
649,Customer_649,User_649,customer649@example.com,01700000649,Chittagong,Bangladesh,Female,1991-01-24,2023-12-04,Active
650,Customer_650,User_650,customer650@example.com,01700000650,Sylhet,Bangladesh,Male,1991-04-17,2023-12-21,Inactive
651,Customer_651,User_651,customer651@example.com,01700000651,Rajshahi,Bangladesh,Female,1991-07-09,2024-01-07,Active
652,Customer_652,User_652,customer652@example.com,01700000652,Khulna,Bangladesh,Male,1991-09-30,2024-01-24,Active
653,Customer_653,User_653,customer653@example.com,01700000653,Barisal,Bangladesh,Female,1991-12-22,2024-02-10,Active
654,Customer_654,User_654,customer654@example.com,01700000654,Rangpur,Bangladesh,Male,1992-03-14,2024-02-27,Active
655,Customer_655,User_655,customer655@example.com,01700000655,Mymensingh,Bangladesh,Female,1992-06-05,2024-03-15,Active
656,Customer_656,User_656,customer656@example.com,01700000656,Dhaka,Bangladesh,Male,1992-08-27,2024-04-01,Active
657,Customer_657,User_657,customer657@example.com,01700000657,Chittagong,Bangladesh,Female,1992-11-18,2024-04-18,Active
658,Customer_658,User_658,customer658@example.com,01700000658,Sylhet,Bangladesh,Male,1993-02-09,2024-05-05,Active
659,Customer_659,User_659,customer659@example.com,01700000659,Rajshahi,Bangladesh,Female,1993-05-03,2024-05-22,Active
660,Customer_660,User_660,customer660@example.com,01700000660,Khulna,Bangladesh,Male,1993-07-25,2024-06-08,Inactive
661,Customer_661,User_661,customer661@example.com,01700000661,Barisal,Bangladesh,Female,1993-10-16,2024-06-25,Active
662,Customer_662,User_662,customer662@example.com,01700000662,Rangpur,Bangladesh,Male,1994-01-07,2024-07-12,Active
663,Customer_663,User_663,customer663@example.com,01700000663,Mymensingh,Bangladesh,Female,1994-03-31,2024-07-29,Active
664,Customer_664,User_664,customer664@example.com,01700000664,Dhaka,Bangladesh,Male,1994-06-22,2024-08-15,Active
665,Customer_665,User_665,customer665@example.com,01700000665,Chittagong,Bangladesh,Female,1994-09-13,2024-09-01,Active
666,Customer_666,User_666,customer666@example.com,01700000666,Sylhet,Bangladesh,Male,1994-12-05,2024-09-18,Active
667,Customer_667,User_667,customer667@example.com,01700000667,Rajshahi,Bangladesh,Female,1995-02-26,2024-10-05,Active
668,Customer_668,User_668,customer668@example.com,01700000668,Khulna,Bangladesh,Male,1995-05-20,2024-10-22,Active
669,Customer_669,User_669,customer669@example.com,01700000669,Barisal,Bangladesh,Female,1995-08-11,2024-11-08,Active
670,Customer_670,User_670,customer670@example.com,01700000670,Rangpur,Bangladesh,Male,1995-11-02,2024-11-25,Inactive
671,Customer_671,User_671,customer671@example.com,01700000671,Mymensingh,Bangladesh,Female,1996-01-24,2024-12-12,Active
672,Customer_672,User_672,customer672@example.com,01700000672,Dhaka,Bangladesh,Male,1996-04-16,2024-12-29,Active
673,Customer_673,User_673,customer673@example.com,01700000673,Chittagong,Bangladesh,Female,1996-07-08,2025-01-15,Active
674,Customer_674,User_674,customer674@example.com,01700000674,Sylhet,Bangladesh,Male,1996-09-29,2025-02-01,Active
675,Customer_675,User_675,customer675@example.com,01700000675,Rajshahi,Bangladesh,Female,1996-12-21,2025-02-18,Active
676,Customer_676,User_676,customer676@example.com,01700000676,Khulna,Bangladesh,Male,1997-03-14,2025-03-07,Active
677,Customer_677,User_677,customer677@example.com,01700000677,Barisal,Bangladesh,Female,1997-06-05,2025-03-24,Active
678,Customer_678,User_678,customer678@example.com,01700000678,Rangpur,Bangladesh,Male,1997-08-27,2025-04-10,Active
679,Customer_679,User_679,customer679@example.com,01700000679,Mymensingh,Bangladesh,Female,1997-11-18,2025-04-27,Active
680,Customer_680,User_680,customer680@example.com,01700000680,Dhaka,Bangladesh,Male,1998-02-09,2025-05-14,Inactive
681,Customer_681,User_681,customer681@example.com,01700000681,Chittagong,Bangladesh,Female,1998-05-03,2025-05-31,Active
682,Customer_682,User_682,customer682@example.com,01700000682,Sylhet,Bangladesh,Male,1998-07-25,2025-06-17,Active
683,Customer_683,User_683,customer683@example.com,01700000683,Rajshahi,Bangladesh,Female,1998-10-16,2025-07-04,Active
684,Customer_684,User_684,customer684@example.com,01700000684,Khulna,Bangladesh,Male,1999-01-07,2025-07-21,Active
685,Customer_685,User_685,customer685@example.com,01700000685,Barisal,Bangladesh,Female,1999-03-31,2025-08-07,Active
686,Customer_686,User_686,customer686@example.com,01700000686,Rangpur,Bangladesh,Male,1999-06-22,2025-08-24,Active
687,Customer_687,User_687,customer687@example.com,01700000687,Mymensingh,Bangladesh,Female,1999-09-13,2025-09-10,Active
688,Customer_688,User_688,customer688@example.com,01700000688,Dhaka,Bangladesh,Male,1999-12-05,2025-09-27,Active
689,Customer_689,User_689,customer689@example.com,01700000689,Chittagong,Bangladesh,Female,2000-02-26,2025-10-14,Active
690,Customer_690,User_690,customer690@example.com,01700000690,Sylhet,Bangladesh,Male,2000-05-19,2025-10-31,Inactive
691,Customer_691,User_691,customer691@example.com,01700000691,Rajshahi,Bangladesh,Female,2000-08-10,2025-11-17,Active
692,Customer_692,User_692,customer692@example.com,01700000692,Khulna,Bangladesh,Male,2000-11-01,2025-12-04,Active
693,Customer_693,User_693,customer693@example.com,01700000693,Barisal,Bangladesh,Female,2001-01-23,2025-12-21,Active
694,Customer_694,User_694,customer694@example.com,01700000694,Rangpur,Bangladesh,Male,2001-04-16,2026-01-07,Active
695,Customer_695,User_695,customer695@example.com,01700000695,Mymensingh,Bangladesh,Female,2001-07-08,2026-01-24,Active
696,Customer_696,User_696,customer696@example.com,01700000696,Dhaka,Bangladesh,Male,2001-09-29,2026-02-10,Active
697,Customer_697,User_697,customer697@example.com,01700000697,Chittagong,Bangladesh,Female,2001-12-21,2026-02-27,Active
698,Customer_698,User_698,customer698@example.com,01700000698,Sylhet,Bangladesh,Male,2002-03-14,2026-03-16,Active
699,Customer_699,User_699,customer699@example.com,01700000699,Rajshahi,Bangladesh,Female,2002-06-05,2026-04-02,Active
700,Customer_700,User_700,customer700@example.com,01700000700,Khulna,Bangladesh,Male,2002-08-27,2026-04-19,Inactive
701,Customer_701,User_701,customer701@example.com,01700000701,Barisal,Bangladesh,Female,2002-11-18,2026-05-06,Active
702,Customer_702,User_702,customer702@example.com,01700000702,Rangpur,Bangladesh,Male,2003-02-09,2026-05-23,Active
703,Customer_703,User_703,customer703@example.com,01700000703,Mymensingh,Bangladesh,Female,2003-05-03,2026-06-09,Active
704,Customer_704,User_704,customer704@example.com,01700000704,Dhaka,Bangladesh,Male,2003-07-25,2026-06-26,Active
705,Customer_705,User_705,customer705@example.com,01700000705,Chittagong,Bangladesh,Female,2003-10-16,2026-07-13,Active
706,Customer_706,User_706,customer706@example.com,01700000706,Sylhet,Bangladesh,Male,2004-01-07,2020-01-03,Active
707,Customer_707,User_707,customer707@example.com,01700000707,Rajshahi,Bangladesh,Female,2004-03-30,2020-01-20,Active
708,Customer_708,User_708,customer708@example.com,01700000708,Khulna,Bangladesh,Male,2004-06-21,2020-02-06,Active
709,Customer_709,User_709,customer709@example.com,01700000709,Barisal,Bangladesh,Female,2004-09-12,2020-02-23,Active
710,Customer_710,User_710,customer710@example.com,01700000710,Rangpur,Bangladesh,Male,2004-12-04,2020-03-11,Inactive
711,Customer_711,User_711,customer711@example.com,01700000711,Mymensingh,Bangladesh,Female,2005-02-25,2020-03-28,Active
712,Customer_712,User_712,customer712@example.com,01700000712,Dhaka,Bangladesh,Male,2005-05-19,2020-04-14,Active
713,Customer_713,User_713,customer713@example.com,01700000713,Chittagong,Bangladesh,Female,2005-08-10,2020-05-01,Active
714,Customer_714,User_714,customer714@example.com,01700000714,Sylhet,Bangladesh,Male,2005-11-01,2020-05-18,Active
715,Customer_715,User_715,customer715@example.com,01700000715,Rajshahi,Bangladesh,Female,2006-01-23,2020-06-04,Active
716,Customer_716,User_716,customer716@example.com,01700000716,Khulna,Bangladesh,Male,2006-04-16,2020-06-21,Active
717,Customer_717,User_717,customer717@example.com,01700000717,Barisal,Bangladesh,Female,2006-07-08,2020-07-08,Active
718,Customer_718,User_718,customer718@example.com,01700000718,Rangpur,Bangladesh,Male,2006-09-29,2020-07-25,Active
719,Customer_719,User_719,customer719@example.com,01700000719,Mymensingh,Bangladesh,Female,2006-12-21,2020-08-11,Active
720,Customer_720,User_720,customer720@example.com,01700000720,Dhaka,Bangladesh,Male,2007-03-14,2020-08-28,Inactive
721,Customer_721,User_721,customer721@example.com,01700000721,Chittagong,Bangladesh,Female,2007-06-05,2020-09-14,Active
722,Customer_722,User_722,customer722@example.com,01700000722,Sylhet,Bangladesh,Male,2007-08-27,2020-10-01,Active
723,Customer_723,User_723,customer723@example.com,01700000723,Rajshahi,Bangladesh,Female,1975-01-10,2020-10-18,Active
724,Customer_724,User_724,customer724@example.com,01700000724,Khulna,Bangladesh,Male,1975-04-03,2020-11-04,Active
725,Customer_725,User_725,customer725@example.com,01700000725,Barisal,Bangladesh,Female,1975-06-25,2020-11-21,Active
726,Customer_726,User_726,customer726@example.com,01700000726,Rangpur,Bangladesh,Male,1975-09-16,2020-12-08,Active
727,Customer_727,User_727,customer727@example.com,01700000727,Mymensingh,Bangladesh,Female,1975-12-08,2020-12-25,Active
728,Customer_728,User_728,customer728@example.com,01700000728,Dhaka,Bangladesh,Male,1976-02-29,2021-01-11,Active
729,Customer_729,User_729,customer729@example.com,01700000729,Chittagong,Bangladesh,Female,1976-05-22,2021-01-28,Active
730,Customer_730,User_730,customer730@example.com,01700000730,Sylhet,Bangladesh,Male,1976-08-13,2021-02-14,Inactive
731,Customer_731,User_731,customer731@example.com,01700000731,Rajshahi,Bangladesh,Female,1976-11-04,2021-03-03,Active
732,Customer_732,User_732,customer732@example.com,01700000732,Khulna,Bangladesh,Male,1977-01-26,2021-03-20,Active
733,Customer_733,User_733,customer733@example.com,01700000733,Barisal,Bangladesh,Female,1977-04-19,2021-04-06,Active
734,Customer_734,User_734,customer734@example.com,01700000734,Rangpur,Bangladesh,Male,1977-07-11,2021-04-23,Active
735,Customer_735,User_735,customer735@example.com,01700000735,Mymensingh,Bangladesh,Female,1977-10-02,2021-05-10,Active
736,Customer_736,User_736,customer736@example.com,01700000736,Dhaka,Bangladesh,Male,1977-12-24,2021-05-27,Active
737,Customer_737,User_737,customer737@example.com,01700000737,Chittagong,Bangladesh,Female,1978-03-17,2021-06-13,Active
738,Customer_738,User_738,customer738@example.com,01700000738,Sylhet,Bangladesh,Male,1978-06-08,2021-06-30,Active
739,Customer_739,User_739,customer739@example.com,01700000739,Rajshahi,Bangladesh,Female,1978-08-30,2021-07-17,Active
740,Customer_740,User_740,customer740@example.com,01700000740,Khulna,Bangladesh,Male,1978-11-21,2021-08-03,Inactive
741,Customer_741,User_741,customer741@example.com,01700000741,Barisal,Bangladesh,Female,1979-02-12,2021-08-20,Active
742,Customer_742,User_742,customer742@example.com,01700000742,Rangpur,Bangladesh,Male,1979-05-06,2021-09-06,Active
743,Customer_743,User_743,customer743@example.com,01700000743,Mymensingh,Bangladesh,Female,1979-07-28,2021-09-23,Active
744,Customer_744,User_744,customer744@example.com,01700000744,Dhaka,Bangladesh,Male,1979-10-19,2021-10-10,Active
745,Customer_745,User_745,customer745@example.com,01700000745,Chittagong,Bangladesh,Female,1980-01-10,2021-10-27,Active
746,Customer_746,User_746,customer746@example.com,01700000746,Sylhet,Bangladesh,Male,1980-04-02,2021-11-13,Active
747,Customer_747,User_747,customer747@example.com,01700000747,Rajshahi,Bangladesh,Female,1980-06-24,2021-11-30,Active
748,Customer_748,User_748,customer748@example.com,01700000748,Khulna,Bangladesh,Male,1980-09-15,2021-12-17,Active
749,Customer_749,User_749,customer749@example.com,01700000749,Barisal,Bangladesh,Female,1980-12-07,2022-01-03,Active
750,Customer_750,User_750,customer750@example.com,01700000750,Rangpur,Bangladesh,Male,1981-02-28,2022-01-20,Inactive
751,Customer_751,User_751,customer751@example.com,01700000751,Mymensingh,Bangladesh,Female,1981-05-22,2022-02-06,Active
752,Customer_752,User_752,customer752@example.com,01700000752,Dhaka,Bangladesh,Male,1981-08-13,2022-02-23,Active
753,Customer_753,User_753,customer753@example.com,01700000753,Chittagong,Bangladesh,Female,1981-11-04,2022-03-12,Active
754,Customer_754,User_754,customer754@example.com,01700000754,Sylhet,Bangladesh,Male,1982-01-26,2022-03-29,Active
755,Customer_755,User_755,customer755@example.com,01700000755,Rajshahi,Bangladesh,Female,1982-04-19,2022-04-15,Active
756,Customer_756,User_756,customer756@example.com,01700000756,Khulna,Bangladesh,Male,1982-07-11,2022-05-02,Active
757,Customer_757,User_757,customer757@example.com,01700000757,Barisal,Bangladesh,Female,1982-10-02,2022-05-19,Active
758,Customer_758,User_758,customer758@example.com,01700000758,Rangpur,Bangladesh,Male,1982-12-24,2022-06-05,Active
759,Customer_759,User_759,customer759@example.com,01700000759,Mymensingh,Bangladesh,Female,1983-03-17,2022-06-22,Active
760,Customer_760,User_760,customer760@example.com,01700000760,Dhaka,Bangladesh,Male,1983-06-08,2022-07-09,Inactive
761,Customer_761,User_761,customer761@example.com,01700000761,Chittagong,Bangladesh,Female,1983-08-30,2022-07-26,Active
762,Customer_762,User_762,customer762@example.com,01700000762,Sylhet,Bangladesh,Male,1983-11-21,2022-08-12,Active
763,Customer_763,User_763,customer763@example.com,01700000763,Rajshahi,Bangladesh,Female,1984-02-12,2022-08-29,Active
764,Customer_764,User_764,customer764@example.com,01700000764,Khulna,Bangladesh,Male,1984-05-05,2022-09-15,Active
765,Customer_765,User_765,customer765@example.com,01700000765,Barisal,Bangladesh,Female,1984-07-27,2022-10-02,Active
766,Customer_766,User_766,customer766@example.com,01700000766,Rangpur,Bangladesh,Male,1984-10-18,2022-10-19,Active
767,Customer_767,User_767,customer767@example.com,01700000767,Mymensingh,Bangladesh,Female,1985-01-09,2022-11-05,Active
768,Customer_768,User_768,customer768@example.com,01700000768,Dhaka,Bangladesh,Male,1985-04-02,2022-11-22,Active
769,Customer_769,User_769,customer769@example.com,01700000769,Chittagong,Bangladesh,Female,1985-06-24,2022-12-09,Active
770,Customer_770,User_770,customer770@example.com,01700000770,Sylhet,Bangladesh,Male,1985-09-15,2022-12-26,Inactive
771,Customer_771,User_771,customer771@example.com,01700000771,Rajshahi,Bangladesh,Female,1985-12-07,2023-01-12,Active
772,Customer_772,User_772,customer772@example.com,01700000772,Khulna,Bangladesh,Male,1986-02-28,2023-01-29,Active
773,Customer_773,User_773,customer773@example.com,01700000773,Barisal,Bangladesh,Female,1986-05-22,2023-02-15,Active
774,Customer_774,User_774,customer774@example.com,01700000774,Rangpur,Bangladesh,Male,1986-08-13,2023-03-04,Active
775,Customer_775,User_775,customer775@example.com,01700000775,Mymensingh,Bangladesh,Female,1986-11-04,2023-03-21,Active
776,Customer_776,User_776,customer776@example.com,01700000776,Dhaka,Bangladesh,Male,1987-01-26,2023-04-07,Active
777,Customer_777,User_777,customer777@example.com,01700000777,Chittagong,Bangladesh,Female,1987-04-19,2023-04-24,Active
778,Customer_778,User_778,customer778@example.com,01700000778,Sylhet,Bangladesh,Male,1987-07-11,2023-05-11,Active
779,Customer_779,User_779,customer779@example.com,01700000779,Rajshahi,Bangladesh,Female,1987-10-02,2023-05-28,Active
780,Customer_780,User_780,customer780@example.com,01700000780,Khulna,Bangladesh,Male,1987-12-24,2023-06-14,Inactive
781,Customer_781,User_781,customer781@example.com,01700000781,Barisal,Bangladesh,Female,1988-03-16,2023-07-01,Active
782,Customer_782,User_782,customer782@example.com,01700000782,Rangpur,Bangladesh,Male,1988-06-07,2023-07-18,Active
783,Customer_783,User_783,customer783@example.com,01700000783,Mymensingh,Bangladesh,Female,1988-08-29,2023-08-04,Active
784,Customer_784,User_784,customer784@example.com,01700000784,Dhaka,Bangladesh,Male,1988-11-20,2023-08-21,Active
785,Customer_785,User_785,customer785@example.com,01700000785,Chittagong,Bangladesh,Female,1989-02-11,2023-09-07,Active
786,Customer_786,User_786,customer786@example.com,01700000786,Sylhet,Bangladesh,Male,1989-05-05,2023-09-24,Active
787,Customer_787,User_787,customer787@example.com,01700000787,Rajshahi,Bangladesh,Female,1989-07-27,2023-10-11,Active
788,Customer_788,User_788,customer788@example.com,01700000788,Khulna,Bangladesh,Male,1989-10-18,2023-10-28,Active
789,Customer_789,User_789,customer789@example.com,01700000789,Barisal,Bangladesh,Female,1990-01-09,2023-11-14,Active
790,Customer_790,User_790,customer790@example.com,01700000790,Rangpur,Bangladesh,Male,1990-04-02,2023-12-01,Inactive
791,Customer_791,User_791,customer791@example.com,01700000791,Mymensingh,Bangladesh,Female,1990-06-24,2023-12-18,Active
792,Customer_792,User_792,customer792@example.com,01700000792,Dhaka,Bangladesh,Male,1990-09-15,2024-01-04,Active
793,Customer_793,User_793,customer793@example.com,01700000793,Chittagong,Bangladesh,Female,1990-12-07,2024-01-21,Active
794,Customer_794,User_794,customer794@example.com,01700000794,Sylhet,Bangladesh,Male,1991-02-28,2024-02-07,Active
795,Customer_795,User_795,customer795@example.com,01700000795,Rajshahi,Bangladesh,Female,1991-05-22,2024-02-24,Active
796,Customer_796,User_796,customer796@example.com,01700000796,Khulna,Bangladesh,Male,1991-08-13,2024-03-12,Active
797,Customer_797,User_797,customer797@example.com,01700000797,Barisal,Bangladesh,Female,1991-11-04,2024-03-29,Active
798,Customer_798,User_798,customer798@example.com,01700000798,Rangpur,Bangladesh,Male,1992-01-26,2024-04-15,Active
799,Customer_799,User_799,customer799@example.com,01700000799,Mymensingh,Bangladesh,Female,1992-04-18,2024-05-02,Active
800,Customer_800,User_800,customer800@example.com,01700000800,Dhaka,Bangladesh,Male,1992-07-10,2024-05-19,Inactive
801,Customer_801,User_801,customer801@example.com,01700000801,Chittagong,Bangladesh,Female,1992-10-01,2024-06-05,Active
802,Customer_802,User_802,customer802@example.com,01700000802,Sylhet,Bangladesh,Male,1992-12-23,2024-06-22,Active
803,Customer_803,User_803,customer803@example.com,01700000803,Rajshahi,Bangladesh,Female,1993-03-16,2024-07-09,Active
804,Customer_804,User_804,customer804@example.com,01700000804,Khulna,Bangladesh,Male,1993-06-07,2024-07-26,Active
805,Customer_805,User_805,customer805@example.com,01700000805,Barisal,Bangladesh,Female,1993-08-29,2024-08-12,Active
806,Customer_806,User_806,customer806@example.com,01700000806,Rangpur,Bangladesh,Male,1993-11-20,2024-08-29,Active
807,Customer_807,User_807,customer807@example.com,01700000807,Mymensingh,Bangladesh,Female,1994-02-11,2024-09-15,Active
808,Customer_808,User_808,customer808@example.com,01700000808,Dhaka,Bangladesh,Male,1994-05-05,2024-10-02,Active
809,Customer_809,User_809,customer809@example.com,01700000809,Chittagong,Bangladesh,Female,1994-07-27,2024-10-19,Active
810,Customer_810,User_810,customer810@example.com,01700000810,Sylhet,Bangladesh,Male,1994-10-18,2024-11-05,Inactive
811,Customer_811,User_811,customer811@example.com,01700000811,Rajshahi,Bangladesh,Female,1995-01-09,2024-11-22,Active
812,Customer_812,User_812,customer812@example.com,01700000812,Khulna,Bangladesh,Male,1995-04-02,2024-12-09,Active
813,Customer_813,User_813,customer813@example.com,01700000813,Barisal,Bangladesh,Female,1995-06-24,2024-12-26,Active
814,Customer_814,User_814,customer814@example.com,01700000814,Rangpur,Bangladesh,Male,1995-09-15,2025-01-12,Active
815,Customer_815,User_815,customer815@example.com,01700000815,Mymensingh,Bangladesh,Female,1995-12-07,2025-01-29,Active
816,Customer_816,User_816,customer816@example.com,01700000816,Dhaka,Bangladesh,Male,1996-02-28,2025-02-15,Active
817,Customer_817,User_817,customer817@example.com,01700000817,Chittagong,Bangladesh,Female,1996-05-21,2025-03-04,Active
818,Customer_818,User_818,customer818@example.com,01700000818,Sylhet,Bangladesh,Male,1996-08-12,2025-03-21,Active
819,Customer_819,User_819,customer819@example.com,01700000819,Rajshahi,Bangladesh,Female,1996-11-03,2025-04-07,Active
820,Customer_820,User_820,customer820@example.com,01700000820,Khulna,Bangladesh,Male,1997-01-25,2025-04-24,Inactive
821,Customer_821,User_821,customer821@example.com,01700000821,Barisal,Bangladesh,Female,1997-04-18,2025-05-11,Active
822,Customer_822,User_822,customer822@example.com,01700000822,Rangpur,Bangladesh,Male,1997-07-10,2025-05-28,Active
823,Customer_823,User_823,customer823@example.com,01700000823,Mymensingh,Bangladesh,Female,1997-10-01,2025-06-14,Active
824,Customer_824,User_824,customer824@example.com,01700000824,Dhaka,Bangladesh,Male,1997-12-23,2025-07-01,Active
825,Customer_825,User_825,customer825@example.com,01700000825,Chittagong,Bangladesh,Female,1998-03-16,2025-07-18,Active
826,Customer_826,User_826,customer826@example.com,01700000826,Sylhet,Bangladesh,Male,1998-06-07,2025-08-04,Active
827,Customer_827,User_827,customer827@example.com,01700000827,Rajshahi,Bangladesh,Female,1998-08-29,2025-08-21,Active
828,Customer_828,User_828,customer828@example.com,01700000828,Khulna,Bangladesh,Male,1998-11-20,2025-09-07,Active
829,Customer_829,User_829,customer829@example.com,01700000829,Barisal,Bangladesh,Female,1999-02-11,2025-09-24,Active
830,Customer_830,User_830,customer830@example.com,01700000830,Rangpur,Bangladesh,Male,1999-05-05,2025-10-11,Inactive
831,Customer_831,User_831,customer831@example.com,01700000831,Mymensingh,Bangladesh,Female,1999-07-27,2025-10-28,Active
832,Customer_832,User_832,customer832@example.com,01700000832,Dhaka,Bangladesh,Male,1999-10-18,2025-11-14,Active
833,Customer_833,User_833,customer833@example.com,01700000833,Chittagong,Bangladesh,Female,2000-01-09,2025-12-01,Active
834,Customer_834,User_834,customer834@example.com,01700000834,Sylhet,Bangladesh,Male,2000-04-01,2025-12-18,Active
835,Customer_835,User_835,customer835@example.com,01700000835,Rajshahi,Bangladesh,Female,2000-06-23,2026-01-04,Active
836,Customer_836,User_836,customer836@example.com,01700000836,Khulna,Bangladesh,Male,2000-09-14,2026-01-21,Active
837,Customer_837,User_837,customer837@example.com,01700000837,Barisal,Bangladesh,Female,2000-12-06,2026-02-07,Active
838,Customer_838,User_838,customer838@example.com,01700000838,Rangpur,Bangladesh,Male,2001-02-27,2026-02-24,Active
839,Customer_839,User_839,customer839@example.com,01700000839,Mymensingh,Bangladesh,Female,2001-05-21,2026-03-13,Active
840,Customer_840,User_840,customer840@example.com,01700000840,Dhaka,Bangladesh,Male,2001-08-12,2026-03-30,Inactive
841,Customer_841,User_841,customer841@example.com,01700000841,Chittagong,Bangladesh,Female,2001-11-03,2026-04-16,Active
842,Customer_842,User_842,customer842@example.com,01700000842,Sylhet,Bangladesh,Male,2002-01-25,2026-05-03,Active
843,Customer_843,User_843,customer843@example.com,01700000843,Rajshahi,Bangladesh,Female,2002-04-18,2026-05-20,Active
844,Customer_844,User_844,customer844@example.com,01700000844,Khulna,Bangladesh,Male,2002-07-10,2026-06-06,Active
845,Customer_845,User_845,customer845@example.com,01700000845,Barisal,Bangladesh,Female,2002-10-01,2026-06-23,Active
846,Customer_846,User_846,customer846@example.com,01700000846,Rangpur,Bangladesh,Male,2002-12-23,2026-07-10,Active
847,Customer_847,User_847,customer847@example.com,01700000847,Mymensingh,Bangladesh,Female,2003-03-16,2026-07-27,Active
848,Customer_848,User_848,customer848@example.com,01700000848,Dhaka,Bangladesh,Male,2003-06-07,2020-01-17,Active
849,Customer_849,User_849,customer849@example.com,01700000849,Chittagong,Bangladesh,Female,2003-08-29,2020-02-03,Active
850,Customer_850,User_850,customer850@example.com,01700000850,Sylhet,Bangladesh,Male,2003-11-20,2020-02-20,Inactive
851,Customer_851,User_851,customer851@example.com,01700000851,Rajshahi,Bangladesh,Female,2004-02-11,2020-03-08,Active
852,Customer_852,User_852,customer852@example.com,01700000852,Khulna,Bangladesh,Male,2004-05-04,2020-03-25,Active
853,Customer_853,User_853,customer853@example.com,01700000853,Barisal,Bangladesh,Female,2004-07-26,2020-04-11,Active
854,Customer_854,User_854,customer854@example.com,01700000854,Rangpur,Bangladesh,Male,2004-10-17,2020-04-28,Active
855,Customer_855,User_855,customer855@example.com,01700000855,Mymensingh,Bangladesh,Female,2005-01-08,2020-05-15,Active
856,Customer_856,User_856,customer856@example.com,01700000856,Dhaka,Bangladesh,Male,2005-04-01,2020-06-01,Active
857,Customer_857,User_857,customer857@example.com,01700000857,Chittagong,Bangladesh,Female,2005-06-23,2020-06-18,Active
858,Customer_858,User_858,customer858@example.com,01700000858,Sylhet,Bangladesh,Male,2005-09-14,2020-07-05,Active
859,Customer_859,User_859,customer859@example.com,01700000859,Rajshahi,Bangladesh,Female,2005-12-06,2020-07-22,Active
860,Customer_860,User_860,customer860@example.com,01700000860,Khulna,Bangladesh,Male,2006-02-27,2020-08-08,Inactive
861,Customer_861,User_861,customer861@example.com,01700000861,Barisal,Bangladesh,Female,2006-05-21,2020-08-25,Active
862,Customer_862,User_862,customer862@example.com,01700000862,Rangpur,Bangladesh,Male,2006-08-12,2020-09-11,Active
863,Customer_863,User_863,customer863@example.com,01700000863,Mymensingh,Bangladesh,Female,2006-11-03,2020-09-28,Active
864,Customer_864,User_864,customer864@example.com,01700000864,Dhaka,Bangladesh,Male,2007-01-25,2020-10-15,Active
865,Customer_865,User_865,customer865@example.com,01700000865,Chittagong,Bangladesh,Female,2007-04-18,2020-11-01,Active
866,Customer_866,User_866,customer866@example.com,01700000866,Sylhet,Bangladesh,Male,2007-07-10,2020-11-18,Active
867,Customer_867,User_867,customer867@example.com,01700000867,Rajshahi,Bangladesh,Female,2007-10-01,2020-12-05,Active
868,Customer_868,User_868,customer868@example.com,01700000868,Khulna,Bangladesh,Male,1975-02-14,2020-12-22,Active
869,Customer_869,User_869,customer869@example.com,01700000869,Barisal,Bangladesh,Female,1975-05-08,2021-01-08,Active
870,Customer_870,User_870,customer870@example.com,01700000870,Rangpur,Bangladesh,Male,1975-07-30,2021-01-25,Inactive
871,Customer_871,User_871,customer871@example.com,01700000871,Mymensingh,Bangladesh,Female,1975-10-21,2021-02-11,Active
872,Customer_872,User_872,customer872@example.com,01700000872,Dhaka,Bangladesh,Male,1976-01-12,2021-02-28,Active
873,Customer_873,User_873,customer873@example.com,01700000873,Chittagong,Bangladesh,Female,1976-04-04,2021-03-17,Active
874,Customer_874,User_874,customer874@example.com,01700000874,Sylhet,Bangladesh,Male,1976-06-26,2021-04-03,Active
875,Customer_875,User_875,customer875@example.com,01700000875,Rajshahi,Bangladesh,Female,1976-09-17,2021-04-20,Active
876,Customer_876,User_876,customer876@example.com,01700000876,Khulna,Bangladesh,Male,1976-12-09,2021-05-07,Active
877,Customer_877,User_877,customer877@example.com,01700000877,Barisal,Bangladesh,Female,1977-03-02,2021-05-24,Active
878,Customer_878,User_878,customer878@example.com,01700000878,Rangpur,Bangladesh,Male,1977-05-24,2021-06-10,Active
879,Customer_879,User_879,customer879@example.com,01700000879,Mymensingh,Bangladesh,Female,1977-08-15,2021-06-27,Active
880,Customer_880,User_880,customer880@example.com,01700000880,Dhaka,Bangladesh,Male,1977-11-06,2021-07-14,Inactive
881,Customer_881,User_881,customer881@example.com,01700000881,Chittagong,Bangladesh,Female,1978-01-28,2021-07-31,Active
882,Customer_882,User_882,customer882@example.com,01700000882,Sylhet,Bangladesh,Male,1978-04-21,2021-08-17,Active
883,Customer_883,User_883,customer883@example.com,01700000883,Rajshahi,Bangladesh,Female,1978-07-13,2021-09-03,Active
884,Customer_884,User_884,customer884@example.com,01700000884,Khulna,Bangladesh,Male,1978-10-04,2021-09-20,Active
885,Customer_885,User_885,customer885@example.com,01700000885,Barisal,Bangladesh,Female,1978-12-26,2021-10-07,Active
886,Customer_886,User_886,customer886@example.com,01700000886,Rangpur,Bangladesh,Male,1979-03-19,2021-10-24,Active
887,Customer_887,User_887,customer887@example.com,01700000887,Mymensingh,Bangladesh,Female,1979-06-10,2021-11-10,Active
888,Customer_888,User_888,customer888@example.com,01700000888,Dhaka,Bangladesh,Male,1979-09-01,2021-11-27,Active
889,Customer_889,User_889,customer889@example.com,01700000889,Chittagong,Bangladesh,Female,1979-11-23,2021-12-14,Active
890,Customer_890,User_890,customer890@example.com,01700000890,Sylhet,Bangladesh,Male,1980-02-14,2021-12-31,Inactive
891,Customer_891,User_891,customer891@example.com,01700000891,Rajshahi,Bangladesh,Female,1980-05-07,2022-01-17,Active
892,Customer_892,User_892,customer892@example.com,01700000892,Khulna,Bangladesh,Male,1980-07-29,2022-02-03,Active
893,Customer_893,User_893,customer893@example.com,01700000893,Barisal,Bangladesh,Female,1980-10-20,2022-02-20,Active
894,Customer_894,User_894,customer894@example.com,01700000894,Rangpur,Bangladesh,Male,1981-01-11,2022-03-09,Active
895,Customer_895,User_895,customer895@example.com,01700000895,Mymensingh,Bangladesh,Female,1981-04-04,2022-03-26,Active
896,Customer_896,User_896,customer896@example.com,01700000896,Dhaka,Bangladesh,Male,1981-06-26,2022-04-12,Active
897,Customer_897,User_897,customer897@example.com,01700000897,Chittagong,Bangladesh,Female,1981-09-17,2022-04-29,Active
898,Customer_898,User_898,customer898@example.com,01700000898,Sylhet,Bangladesh,Male,1981-12-09,2022-05-16,Active
899,Customer_899,User_899,customer899@example.com,01700000899,Rajshahi,Bangladesh,Female,1982-03-02,2022-06-02,Active
900,Customer_900,User_900,customer900@example.com,01700000900,Khulna,Bangladesh,Male,1982-05-24,2022-06-19,Inactive
901,Customer_901,User_901,customer901@example.com,01700000901,Barisal,Bangladesh,Female,1982-08-15,2022-07-06,Active
902,Customer_902,User_902,customer902@example.com,01700000902,Rangpur,Bangladesh,Male,1982-11-06,2022-07-23,Active
903,Customer_903,User_903,customer903@example.com,01700000903,Mymensingh,Bangladesh,Female,1983-01-28,2022-08-09,Active
904,Customer_904,User_904,customer904@example.com,01700000904,Dhaka,Bangladesh,Male,1983-04-21,2022-08-26,Active
905,Customer_905,User_905,customer905@example.com,01700000905,Chittagong,Bangladesh,Female,1983-07-13,2022-09-12,Active
906,Customer_906,User_906,customer906@example.com,01700000906,Sylhet,Bangladesh,Male,1983-10-04,2022-09-29,Active
907,Customer_907,User_907,customer907@example.com,01700000907,Rajshahi,Bangladesh,Female,1983-12-26,2022-10-16,Active
908,Customer_908,User_908,customer908@example.com,01700000908,Khulna,Bangladesh,Male,1984-03-18,2022-11-02,Active
909,Customer_909,User_909,customer909@example.com,01700000909,Barisal,Bangladesh,Female,1984-06-09,2022-11-19,Active
910,Customer_910,User_910,customer910@example.com,01700000910,Rangpur,Bangladesh,Male,1984-08-31,2022-12-06,Inactive
911,Customer_911,User_911,customer911@example.com,01700000911,Mymensingh,Bangladesh,Female,1984-11-22,2022-12-23,Active
912,Customer_912,User_912,customer912@example.com,01700000912,Dhaka,Bangladesh,Male,1985-02-13,2023-01-09,Active
913,Customer_913,User_913,customer913@example.com,01700000913,Chittagong,Bangladesh,Female,1985-05-07,2023-01-26,Active
914,Customer_914,User_914,customer914@example.com,01700000914,Sylhet,Bangladesh,Male,1985-07-29,2023-02-12,Active
915,Customer_915,User_915,customer915@example.com,01700000915,Rajshahi,Bangladesh,Female,1985-10-20,2023-03-01,Active
916,Customer_916,User_916,customer916@example.com,01700000916,Khulna,Bangladesh,Male,1986-01-11,2023-03-18,Active
917,Customer_917,User_917,customer917@example.com,01700000917,Barisal,Bangladesh,Female,1986-04-04,2023-04-04,Active
918,Customer_918,User_918,customer918@example.com,01700000918,Rangpur,Bangladesh,Male,1986-06-26,2023-04-21,Active
919,Customer_919,User_919,customer919@example.com,01700000919,Mymensingh,Bangladesh,Female,1986-09-17,2023-05-08,Active
920,Customer_920,User_920,customer920@example.com,01700000920,Dhaka,Bangladesh,Male,1986-12-09,2023-05-25,Inactive
921,Customer_921,User_921,customer921@example.com,01700000921,Chittagong,Bangladesh,Female,1987-03-02,2023-06-11,Active
922,Customer_922,User_922,customer922@example.com,01700000922,Sylhet,Bangladesh,Male,1987-05-24,2023-06-28,Active
923,Customer_923,User_923,customer923@example.com,01700000923,Rajshahi,Bangladesh,Female,1987-08-15,2023-07-15,Active
924,Customer_924,User_924,customer924@example.com,01700000924,Khulna,Bangladesh,Male,1987-11-06,2023-08-01,Active
925,Customer_925,User_925,customer925@example.com,01700000925,Barisal,Bangladesh,Female,1988-01-28,2023-08-18,Active
926,Customer_926,User_926,customer926@example.com,01700000926,Rangpur,Bangladesh,Male,1988-04-20,2023-09-04,Active
927,Customer_927,User_927,customer927@example.com,01700000927,Mymensingh,Bangladesh,Female,1988-07-12,2023-09-21,Active
928,Customer_928,User_928,customer928@example.com,01700000928,Dhaka,Bangladesh,Male,1988-10-03,2023-10-08,Active
929,Customer_929,User_929,customer929@example.com,01700000929,Chittagong,Bangladesh,Female,1988-12-25,2023-10-25,Active
930,Customer_930,User_930,customer930@example.com,01700000930,Sylhet,Bangladesh,Male,1989-03-18,2023-11-11,Inactive
931,Customer_931,User_931,customer931@example.com,01700000931,Rajshahi,Bangladesh,Female,1989-06-09,2023-11-28,Active
932,Customer_932,User_932,customer932@example.com,01700000932,Khulna,Bangladesh,Male,1989-08-31,2023-12-15,Active
933,Customer_933,User_933,customer933@example.com,01700000933,Barisal,Bangladesh,Female,1989-11-22,2024-01-01,Active
934,Customer_934,User_934,customer934@example.com,01700000934,Rangpur,Bangladesh,Male,1990-02-13,2024-01-18,Active
935,Customer_935,User_935,customer935@example.com,01700000935,Mymensingh,Bangladesh,Female,1990-05-07,2024-02-04,Active
936,Customer_936,User_936,customer936@example.com,01700000936,Dhaka,Bangladesh,Male,1990-07-29,2024-02-21,Active
937,Customer_937,User_937,customer937@example.com,01700000937,Chittagong,Bangladesh,Female,1990-10-20,2024-03-09,Active
938,Customer_938,User_938,customer938@example.com,01700000938,Sylhet,Bangladesh,Male,1991-01-11,2024-03-26,Active
939,Customer_939,User_939,customer939@example.com,01700000939,Rajshahi,Bangladesh,Female,1991-04-04,2024-04-12,Active
940,Customer_940,User_940,customer940@example.com,01700000940,Khulna,Bangladesh,Male,1991-06-26,2024-04-29,Inactive
941,Customer_941,User_941,customer941@example.com,01700000941,Barisal,Bangladesh,Female,1991-09-17,2024-05-16,Active
942,Customer_942,User_942,customer942@example.com,01700000942,Rangpur,Bangladesh,Male,1991-12-09,2024-06-02,Active
943,Customer_943,User_943,customer943@example.com,01700000943,Mymensingh,Bangladesh,Female,1992-03-01,2024-06-19,Active
944,Customer_944,User_944,customer944@example.com,01700000944,Dhaka,Bangladesh,Male,1992-05-23,2024-07-06,Active
945,Customer_945,User_945,customer945@example.com,01700000945,Chittagong,Bangladesh,Female,1992-08-14,2024-07-23,Active
946,Customer_946,User_946,customer946@example.com,01700000946,Sylhet,Bangladesh,Male,1992-11-05,2024-08-09,Active
947,Customer_947,User_947,customer947@example.com,01700000947,Rajshahi,Bangladesh,Female,1993-01-27,2024-08-26,Active
948,Customer_948,User_948,customer948@example.com,01700000948,Khulna,Bangladesh,Male,1993-04-20,2024-09-12,Active
949,Customer_949,User_949,customer949@example.com,01700000949,Barisal,Bangladesh,Female,1993-07-12,2024-09-29,Active
950,Customer_950,User_950,customer950@example.com,01700000950,Rangpur,Bangladesh,Male,1993-10-03,2024-10-16,Inactive
951,Customer_951,User_951,customer951@example.com,01700000951,Mymensingh,Bangladesh,Female,1993-12-25,2024-11-02,Active
952,Customer_952,User_952,customer952@example.com,01700000952,Dhaka,Bangladesh,Male,1994-03-18,2024-11-19,Active
953,Customer_953,User_953,customer953@example.com,01700000953,Chittagong,Bangladesh,Female,1994-06-09,2024-12-06,Active
954,Customer_954,User_954,customer954@example.com,01700000954,Sylhet,Bangladesh,Male,1994-08-31,2024-12-23,Active
955,Customer_955,User_955,customer955@example.com,01700000955,Rajshahi,Bangladesh,Female,1994-11-22,2025-01-09,Active
956,Customer_956,User_956,customer956@example.com,01700000956,Khulna,Bangladesh,Male,1995-02-13,2025-01-26,Active
957,Customer_957,User_957,customer957@example.com,01700000957,Barisal,Bangladesh,Female,1995-05-07,2025-02-12,Active
958,Customer_958,User_958,customer958@example.com,01700000958,Rangpur,Bangladesh,Male,1995-07-29,2025-03-01,Active
959,Customer_959,User_959,customer959@example.com,01700000959,Mymensingh,Bangladesh,Female,1995-10-20,2025-03-18,Active
960,Customer_960,User_960,customer960@example.com,01700000960,Dhaka,Bangladesh,Male,1996-01-11,2025-04-04,Inactive
961,Customer_961,User_961,customer961@example.com,01700000961,Chittagong,Bangladesh,Female,1996-04-03,2025-04-21,Active
962,Customer_962,User_962,customer962@example.com,01700000962,Sylhet,Bangladesh,Male,1996-06-25,2025-05-08,Active
963,Customer_963,User_963,customer963@example.com,01700000963,Rajshahi,Bangladesh,Female,1996-09-16,2025-05-25,Active
964,Customer_964,User_964,customer964@example.com,01700000964,Khulna,Bangladesh,Male,1996-12-08,2025-06-11,Active
965,Customer_965,User_965,customer965@example.com,01700000965,Barisal,Bangladesh,Female,1997-03-01,2025-06-28,Active
966,Customer_966,User_966,customer966@example.com,01700000966,Rangpur,Bangladesh,Male,1997-05-23,2025-07-15,Active
967,Customer_967,User_967,customer967@example.com,01700000967,Mymensingh,Bangladesh,Female,1997-08-14,2025-08-01,Active
968,Customer_968,User_968,customer968@example.com,01700000968,Dhaka,Bangladesh,Male,1997-11-05,2025-08-18,Active
969,Customer_969,User_969,customer969@example.com,01700000969,Chittagong,Bangladesh,Female,1998-01-27,2025-09-04,Active
970,Customer_970,User_970,customer970@example.com,01700000970,Sylhet,Bangladesh,Male,1998-04-20,2025-09-21,Inactive
971,Customer_971,User_971,customer971@example.com,01700000971,Rajshahi,Bangladesh,Female,1998-07-12,2025-10-08,Active
972,Customer_972,User_972,customer972@example.com,01700000972,Khulna,Bangladesh,Male,1998-10-03,2025-10-25,Active
973,Customer_973,User_973,customer973@example.com,01700000973,Barisal,Bangladesh,Female,1998-12-25,2025-11-11,Active
974,Customer_974,User_974,customer974@example.com,01700000974,Rangpur,Bangladesh,Male,1999-03-18,2025-11-28,Active
975,Customer_975,User_975,customer975@example.com,01700000975,Mymensingh,Bangladesh,Female,1999-06-09,2025-12-15,Active
976,Customer_976,User_976,customer976@example.com,01700000976,Dhaka,Bangladesh,Male,1999-08-31,2026-01-01,Active
977,Customer_977,User_977,customer977@example.com,01700000977,Chittagong,Bangladesh,Female,1999-11-22,2026-01-18,Active
978,Customer_978,User_978,customer978@example.com,01700000978,Sylhet,Bangladesh,Male,2000-02-13,2026-02-04,Active
979,Customer_979,User_979,customer979@example.com,01700000979,Rajshahi,Bangladesh,Female,2000-05-06,2026-02-21,Active
980,Customer_980,User_980,customer980@example.com,01700000980,Khulna,Bangladesh,Male,2000-07-28,2026-03-10,Inactive
981,Customer_981,User_981,customer981@example.com,01700000981,Barisal,Bangladesh,Female,2000-10-19,2026-03-27,Active
982,Customer_982,User_982,customer982@example.com,01700000982,Rangpur,Bangladesh,Male,2001-01-10,2026-04-13,Active
983,Customer_983,User_983,customer983@example.com,01700000983,Mymensingh,Bangladesh,Female,2001-04-03,2026-04-30,Active
984,Customer_984,User_984,customer984@example.com,01700000984,Dhaka,Bangladesh,Male,2001-06-25,2026-05-17,Active
985,Customer_985,User_985,customer985@example.com,01700000985,Chittagong,Bangladesh,Female,2001-09-16,2026-06-03,Active
986,Customer_986,User_986,customer986@example.com,01700000986,Sylhet,Bangladesh,Male,2001-12-08,2026-06-20,Active
987,Customer_987,User_987,customer987@example.com,01700000987,Rajshahi,Bangladesh,Female,2002-03-01,2026-07-07,Active
988,Customer_988,User_988,customer988@example.com,01700000988,Khulna,Bangladesh,Male,2002-05-23,2026-07-24,Active
989,Customer_989,User_989,customer989@example.com,01700000989,Barisal,Bangladesh,Female,2002-08-14,2020-01-14,Active
990,Customer_990,User_990,customer990@example.com,01700000990,Rangpur,Bangladesh,Male,2002-11-05,2020-01-31,Inactive
991,Customer_991,User_991,customer991@example.com,01700000991,Mymensingh,Bangladesh,Female,2003-01-27,2020-02-17,Active
992,Customer_992,User_992,customer992@example.com,01700000992,Dhaka,Bangladesh,Male,2003-04-20,2020-03-05,Active
993,Customer_993,User_993,customer993@example.com,01700000993,Chittagong,Bangladesh,Female,2003-07-12,2020-03-22,Active
994,Customer_994,User_994,customer994@example.com,01700000994,Sylhet,Bangladesh,Male,2003-10-03,2020-04-08,Active
995,Customer_995,User_995,customer995@example.com,01700000995,Rajshahi,Bangladesh,Female,2003-12-25,2020-04-25,Active
996,Customer_996,User_996,customer996@example.com,01700000996,Khulna,Bangladesh,Male,2004-03-17,2020-05-12,Active
997,Customer_997,User_997,customer997@example.com,01700000997,Barisal,Bangladesh,Female,2004-06-08,2020-05-29,Active
998,Customer_998,User_998,customer998@example.com,01700000998,Rangpur,Bangladesh,Male,2004-08-30,2020-06-15,Active
999,Customer_999,User_999,customer999@example.com,01700000999,Mymensingh,Bangladesh,Female,2004-11-21,2020-07-02,Active
1000,Customer_1000,User_1000,customer1000@example.com,01700001000,Dhaka,Bangladesh,Male,2005-02-12,2020-07-19,Inactive
1001,Customer_1001,User_1001,customer1001@example.com,01700001001,Chittagong,Bangladesh,Female,2005-05-06,2020-08-05,Active
1002,Customer_1002,User_1002,customer1002@example.com,01700001002,Sylhet,Bangladesh,Male,2005-07-28,2020-08-22,Active
1003,Customer_1003,User_1003,customer1003@example.com,01700001003,Rajshahi,Bangladesh,Female,2005-10-19,2020-09-08,Active
1004,Customer_1004,User_1004,customer1004@example.com,01700001004,Khulna,Bangladesh,Male,2006-01-10,2020-09-25,Active
1005,Customer_1005,User_1005,customer1005@example.com,01700001005,Barisal,Bangladesh,Female,2006-04-03,2020-10-12,Active
1006,Customer_1006,User_1006,customer1006@example.com,01700001006,Rangpur,Bangladesh,Male,2006-06-25,2020-10-29,Active
1007,Customer_1007,User_1007,customer1007@example.com,01700001007,Mymensingh,Bangladesh,Female,2006-09-16,2020-11-15,Active
1008,Customer_1008,User_1008,customer1008@example.com,01700001008,Dhaka,Bangladesh,Male,2006-12-08,2020-12-02,Active
1009,Customer_1009,User_1009,customer1009@example.com,01700001009,Chittagong,Bangladesh,Female,2007-03-01,2020-12-19,Active
1010,Customer_1010,User_1010,customer1010@example.com,01700001010,Sylhet,Bangladesh,Male,2007-05-23,2021-01-05,Inactive
1011,Customer_1011,User_1011,customer1011@example.com,01700001011,Rajshahi,Bangladesh,Female,2007-08-14,2021-01-22,Active
1012,Customer_1012,User_1012,customer1012@example.com,01700001012,Khulna,Bangladesh,Male,2007-11-05,2021-02-08,Active
1013,Customer_1013,User_1013,customer1013@example.com,01700001013,Barisal,Bangladesh,Female,1975-03-21,2021-02-25,Active
1014,Customer_1014,User_1014,customer1014@example.com,01700001014,Rangpur,Bangladesh,Male,1975-06-12,2021-03-14,Active
1015,Customer_1015,User_1015,customer1015@example.com,01700001015,Mymensingh,Bangladesh,Female,1975-09-03,2021-03-31,Active
1016,Customer_1016,User_1016,customer1016@example.com,01700001016,Dhaka,Bangladesh,Male,1975-11-25,2021-04-17,Active
1017,Customer_1017,User_1017,customer1017@example.com,01700001017,Chittagong,Bangladesh,Female,1976-02-16,2021-05-04,Active
1018,Customer_1018,User_1018,customer1018@example.com,01700001018,Sylhet,Bangladesh,Male,1976-05-09,2021-05-21,Active
1019,Customer_1019,User_1019,customer1019@example.com,01700001019,Rajshahi,Bangladesh,Female,1976-07-31,2021-06-07,Active
1020,Customer_1020,User_1020,customer1020@example.com,01700001020,Khulna,Bangladesh,Male,1976-10-22,2021-06-24,Inactive
1021,Customer_1021,User_1021,customer1021@example.com,01700001021,Barisal,Bangladesh,Female,1977-01-13,2021-07-11,Active
1022,Customer_1022,User_1022,customer1022@example.com,01700001022,Rangpur,Bangladesh,Male,1977-04-06,2021-07-28,Active
1023,Customer_1023,User_1023,customer1023@example.com,01700001023,Mymensingh,Bangladesh,Female,1977-06-28,2021-08-14,Active
1024,Customer_1024,User_1024,customer1024@example.com,01700001024,Dhaka,Bangladesh,Male,1977-09-19,2021-08-31,Active
1025,Customer_1025,User_1025,customer1025@example.com,01700001025,Chittagong,Bangladesh,Female,1977-12-11,2021-09-17,Active
1026,Customer_1026,User_1026,customer1026@example.com,01700001026,Sylhet,Bangladesh,Male,1978-03-04,2021-10-04,Active
1027,Customer_1027,User_1027,customer1027@example.com,01700001027,Rajshahi,Bangladesh,Female,1978-05-26,2021-10-21,Active
1028,Customer_1028,User_1028,customer1028@example.com,01700001028,Khulna,Bangladesh,Male,1978-08-17,2021-11-07,Active
1029,Customer_1029,User_1029,customer1029@example.com,01700001029,Barisal,Bangladesh,Female,1978-11-08,2021-11-24,Active
1030,Customer_1030,User_1030,customer1030@example.com,01700001030,Rangpur,Bangladesh,Male,1979-01-30,2021-12-11,Inactive
1031,Customer_1031,User_1031,customer1031@example.com,01700001031,Mymensingh,Bangladesh,Female,1979-04-23,2021-12-28,Active
1032,Customer_1032,User_1032,customer1032@example.com,01700001032,Dhaka,Bangladesh,Male,1979-07-15,2022-01-14,Active
1033,Customer_1033,User_1033,customer1033@example.com,01700001033,Chittagong,Bangladesh,Female,1979-10-06,2022-01-31,Active
1034,Customer_1034,User_1034,customer1034@example.com,01700001034,Sylhet,Bangladesh,Male,1979-12-28,2022-02-17,Active
1035,Customer_1035,User_1035,customer1035@example.com,01700001035,Rajshahi,Bangladesh,Female,1980-03-20,2022-03-06,Active
1036,Customer_1036,User_1036,customer1036@example.com,01700001036,Khulna,Bangladesh,Male,1980-06-11,2022-03-23,Active
1037,Customer_1037,User_1037,customer1037@example.com,01700001037,Barisal,Bangladesh,Female,1980-09-02,2022-04-09,Active
1038,Customer_1038,User_1038,customer1038@example.com,01700001038,Rangpur,Bangladesh,Male,1980-11-24,2022-04-26,Active
1039,Customer_1039,User_1039,customer1039@example.com,01700001039,Mymensingh,Bangladesh,Female,1981-02-15,2022-05-13,Active
1040,Customer_1040,User_1040,customer1040@example.com,01700001040,Dhaka,Bangladesh,Male,1981-05-09,2022-05-30,Inactive
1041,Customer_1041,User_1041,customer1041@example.com,01700001041,Chittagong,Bangladesh,Female,1981-07-31,2022-06-16,Active
1042,Customer_1042,User_1042,customer1042@example.com,01700001042,Sylhet,Bangladesh,Male,1981-10-22,2022-07-03,Active
1043,Customer_1043,User_1043,customer1043@example.com,01700001043,Rajshahi,Bangladesh,Female,1982-01-13,2022-07-20,Active
1044,Customer_1044,User_1044,customer1044@example.com,01700001044,Khulna,Bangladesh,Male,1982-04-06,2022-08-06,Active
1045,Customer_1045,User_1045,customer1045@example.com,01700001045,Barisal,Bangladesh,Female,1982-06-28,2022-08-23,Active
1046,Customer_1046,User_1046,customer1046@example.com,01700001046,Rangpur,Bangladesh,Male,1982-09-19,2022-09-09,Active
1047,Customer_1047,User_1047,customer1047@example.com,01700001047,Mymensingh,Bangladesh,Female,1982-12-11,2022-09-26,Active
1048,Customer_1048,User_1048,customer1048@example.com,01700001048,Dhaka,Bangladesh,Male,1983-03-04,2022-10-13,Active
1049,Customer_1049,User_1049,customer1049@example.com,01700001049,Chittagong,Bangladesh,Female,1983-05-26,2022-10-30,Active
1050,Customer_1050,User_1050,customer1050@example.com,01700001050,Sylhet,Bangladesh,Male,1983-08-17,2022-11-16,Inactive
1051,Customer_1051,User_1051,customer1051@example.com,01700001051,Rajshahi,Bangladesh,Female,1983-11-08,2022-12-03,Active
1052,Customer_1052,User_1052,customer1052@example.com,01700001052,Khulna,Bangladesh,Male,1984-01-30,2022-12-20,Active
1053,Customer_1053,User_1053,customer1053@example.com,01700001053,Barisal,Bangladesh,Female,1984-04-22,2023-01-06,Active
1054,Customer_1054,User_1054,customer1054@example.com,01700001054,Rangpur,Bangladesh,Male,1984-07-14,2023-01-23,Active
1055,Customer_1055,User_1055,customer1055@example.com,01700001055,Mymensingh,Bangladesh,Female,1984-10-05,2023-02-09,Active
1056,Customer_1056,User_1056,customer1056@example.com,01700001056,Dhaka,Bangladesh,Male,1984-12-27,2023-02-26,Active
1057,Customer_1057,User_1057,customer1057@example.com,01700001057,Chittagong,Bangladesh,Female,1985-03-20,2023-03-15,Active
1058,Customer_1058,User_1058,customer1058@example.com,01700001058,Sylhet,Bangladesh,Male,1985-06-11,2023-04-01,Active
1059,Customer_1059,User_1059,customer1059@example.com,01700001059,Rajshahi,Bangladesh,Female,1985-09-02,2023-04-18,Active
1060,Customer_1060,User_1060,customer1060@example.com,01700001060,Khulna,Bangladesh,Male,1985-11-24,2023-05-05,Inactive
1061,Customer_1061,User_1061,customer1061@example.com,01700001061,Barisal,Bangladesh,Female,1986-02-15,2023-05-22,Active
1062,Customer_1062,User_1062,customer1062@example.com,01700001062,Rangpur,Bangladesh,Male,1986-05-09,2023-06-08,Active
1063,Customer_1063,User_1063,customer1063@example.com,01700001063,Mymensingh,Bangladesh,Female,1986-07-31,2023-06-25,Active
1064,Customer_1064,User_1064,customer1064@example.com,01700001064,Dhaka,Bangladesh,Male,1986-10-22,2023-07-12,Active
1065,Customer_1065,User_1065,customer1065@example.com,01700001065,Chittagong,Bangladesh,Female,1987-01-13,2023-07-29,Active
1066,Customer_1066,User_1066,customer1066@example.com,01700001066,Sylhet,Bangladesh,Male,1987-04-06,2023-08-15,Active
1067,Customer_1067,User_1067,customer1067@example.com,01700001067,Rajshahi,Bangladesh,Female,1987-06-28,2023-09-01,Active
1068,Customer_1068,User_1068,customer1068@example.com,01700001068,Khulna,Bangladesh,Male,1987-09-19,2023-09-18,Active
1069,Customer_1069,User_1069,customer1069@example.com,01700001069,Barisal,Bangladesh,Female,1987-12-11,2023-10-05,Active
1070,Customer_1070,User_1070,customer1070@example.com,01700001070,Rangpur,Bangladesh,Male,1988-03-03,2023-10-22,Inactive
1071,Customer_1071,User_1071,customer1071@example.com,01700001071,Mymensingh,Bangladesh,Female,1988-05-25,2023-11-08,Active
1072,Customer_1072,User_1072,customer1072@example.com,01700001072,Dhaka,Bangladesh,Male,1988-08-16,2023-11-25,Active
1073,Customer_1073,User_1073,customer1073@example.com,01700001073,Chittagong,Bangladesh,Female,1988-11-07,2023-12-12,Active
1074,Customer_1074,User_1074,customer1074@example.com,01700001074,Sylhet,Bangladesh,Male,1989-01-29,2023-12-29,Active
1075,Customer_1075,User_1075,customer1075@example.com,01700001075,Rajshahi,Bangladesh,Female,1989-04-22,2024-01-15,Active
1076,Customer_1076,User_1076,customer1076@example.com,01700001076,Khulna,Bangladesh,Male,1989-07-14,2024-02-01,Active
1077,Customer_1077,User_1077,customer1077@example.com,01700001077,Barisal,Bangladesh,Female,1989-10-05,2024-02-18,Active
1078,Customer_1078,User_1078,customer1078@example.com,01700001078,Rangpur,Bangladesh,Male,1989-12-27,2024-03-06,Active
1079,Customer_1079,User_1079,customer1079@example.com,01700001079,Mymensingh,Bangladesh,Female,1990-03-20,2024-03-23,Active
1080,Customer_1080,User_1080,customer1080@example.com,01700001080,Dhaka,Bangladesh,Male,1990-06-11,2024-04-09,Inactive
1081,Customer_1081,User_1081,customer1081@example.com,01700001081,Chittagong,Bangladesh,Female,1990-09-02,2024-04-26,Active
1082,Customer_1082,User_1082,customer1082@example.com,01700001082,Sylhet,Bangladesh,Male,1990-11-24,2024-05-13,Active
1083,Customer_1083,User_1083,customer1083@example.com,01700001083,Rajshahi,Bangladesh,Female,1991-02-15,2024-05-30,Active
1084,Customer_1084,User_1084,customer1084@example.com,01700001084,Khulna,Bangladesh,Male,1991-05-09,2024-06-16,Active
1085,Customer_1085,User_1085,customer1085@example.com,01700001085,Barisal,Bangladesh,Female,1991-07-31,2024-07-03,Active
1086,Customer_1086,User_1086,customer1086@example.com,01700001086,Rangpur,Bangladesh,Male,1991-10-22,2024-07-20,Active
1087,Customer_1087,User_1087,customer1087@example.com,01700001087,Mymensingh,Bangladesh,Female,1992-01-13,2024-08-06,Active
1088,Customer_1088,User_1088,customer1088@example.com,01700001088,Dhaka,Bangladesh,Male,1992-04-05,2024-08-23,Active
1089,Customer_1089,User_1089,customer1089@example.com,01700001089,Chittagong,Bangladesh,Female,1992-06-27,2024-09-09,Active
1090,Customer_1090,User_1090,customer1090@example.com,01700001090,Sylhet,Bangladesh,Male,1992-09-18,2024-09-26,Inactive
1091,Customer_1091,User_1091,customer1091@example.com,01700001091,Rajshahi,Bangladesh,Female,1992-12-10,2024-10-13,Active
1092,Customer_1092,User_1092,customer1092@example.com,01700001092,Khulna,Bangladesh,Male,1993-03-03,2024-10-30,Active
1093,Customer_1093,User_1093,customer1093@example.com,01700001093,Barisal,Bangladesh,Female,1993-05-25,2024-11-16,Active
1094,Customer_1094,User_1094,customer1094@example.com,01700001094,Rangpur,Bangladesh,Male,1993-08-16,2024-12-03,Active
1095,Customer_1095,User_1095,customer1095@example.com,01700001095,Mymensingh,Bangladesh,Female,1993-11-07,2024-12-20,Active
1096,Customer_1096,User_1096,customer1096@example.com,01700001096,Dhaka,Bangladesh,Male,1994-01-29,2025-01-06,Active
1097,Customer_1097,User_1097,customer1097@example.com,01700001097,Chittagong,Bangladesh,Female,1994-04-22,2025-01-23,Active
1098,Customer_1098,User_1098,customer1098@example.com,01700001098,Sylhet,Bangladesh,Male,1994-07-14,2025-02-09,Active
1099,Customer_1099,User_1099,customer1099@example.com,01700001099,Rajshahi,Bangladesh,Female,1994-10-05,2025-02-26,Active
1100,Customer_1100,User_1100,customer1100@example.com,01700001100,Khulna,Bangladesh,Male,1994-12-27,2025-03-15,Inactive
1101,Customer_1101,User_1101,customer1101@example.com,01700001101,Barisal,Bangladesh,Female,1995-03-20,2025-04-01,Active
1102,Customer_1102,User_1102,customer1102@example.com,01700001102,Rangpur,Bangladesh,Male,1995-06-11,2025-04-18,Active
1103,Customer_1103,User_1103,customer1103@example.com,01700001103,Mymensingh,Bangladesh,Female,1995-09-02,2025-05-05,Active
1104,Customer_1104,User_1104,customer1104@example.com,01700001104,Dhaka,Bangladesh,Male,1995-11-24,2025-05-22,Active
1105,Customer_1105,User_1105,customer1105@example.com,01700001105,Chittagong,Bangladesh,Female,1996-02-15,2025-06-08,Active
1106,Customer_1106,User_1106,customer1106@example.com,01700001106,Sylhet,Bangladesh,Male,1996-05-08,2025-06-25,Active
1107,Customer_1107,User_1107,customer1107@example.com,01700001107,Rajshahi,Bangladesh,Female,1996-07-30,2025-07-12,Active
1108,Customer_1108,User_1108,customer1108@example.com,01700001108,Khulna,Bangladesh,Male,1996-10-21,2025-07-29,Active
1109,Customer_1109,User_1109,customer1109@example.com,01700001109,Barisal,Bangladesh,Female,1997-01-12,2025-08-15,Active
1110,Customer_1110,User_1110,customer1110@example.com,01700001110,Rangpur,Bangladesh,Male,1997-04-05,2025-09-01,Inactive
1111,Customer_1111,User_1111,customer1111@example.com,01700001111,Mymensingh,Bangladesh,Female,1997-06-27,2025-09-18,Active
1112,Customer_1112,User_1112,customer1112@example.com,01700001112,Dhaka,Bangladesh,Male,1997-09-18,2025-10-05,Active
1113,Customer_1113,User_1113,customer1113@example.com,01700001113,Chittagong,Bangladesh,Female,1997-12-10,2025-10-22,Active
1114,Customer_1114,User_1114,customer1114@example.com,01700001114,Sylhet,Bangladesh,Male,1998-03-03,2025-11-08,Active
1115,Customer_1115,User_1115,customer1115@example.com,01700001115,Rajshahi,Bangladesh,Female,1998-05-25,2025-11-25,Active
1116,Customer_1116,User_1116,customer1116@example.com,01700001116,Khulna,Bangladesh,Male,1998-08-16,2025-12-12,Active
1117,Customer_1117,User_1117,customer1117@example.com,01700001117,Barisal,Bangladesh,Female,1998-11-07,2025-12-29,Active
1118,Customer_1118,User_1118,customer1118@example.com,01700001118,Rangpur,Bangladesh,Male,1999-01-29,2026-01-15,Active
1119,Customer_1119,User_1119,customer1119@example.com,01700001119,Mymensingh,Bangladesh,Female,1999-04-22,2026-02-01,Active
1120,Customer_1120,User_1120,customer1120@example.com,01700001120,Dhaka,Bangladesh,Male,1999-07-14,2026-02-18,Inactive
1121,Customer_1121,User_1121,customer1121@example.com,01700001121,Chittagong,Bangladesh,Female,1999-10-05,2026-03-07,Active
1122,Customer_1122,User_1122,customer1122@example.com,01700001122,Sylhet,Bangladesh,Male,1999-12-27,2026-03-24,Active
1123,Customer_1123,User_1123,customer1123@example.com,01700001123,Rajshahi,Bangladesh,Female,2000-03-19,2026-04-10,Active
1124,Customer_1124,User_1124,customer1124@example.com,01700001124,Khulna,Bangladesh,Male,2000-06-10,2026-04-27,Active
1125,Customer_1125,User_1125,customer1125@example.com,01700001125,Barisal,Bangladesh,Female,2000-09-01,2026-05-14,Active
1126,Customer_1126,User_1126,customer1126@example.com,01700001126,Rangpur,Bangladesh,Male,2000-11-23,2026-05-31,Active
1127,Customer_1127,User_1127,customer1127@example.com,01700001127,Mymensingh,Bangladesh,Female,2001-02-14,2026-06-17,Active
1128,Customer_1128,User_1128,customer1128@example.com,01700001128,Dhaka,Bangladesh,Male,2001-05-08,2026-07-04,Active
1129,Customer_1129,User_1129,customer1129@example.com,01700001129,Chittagong,Bangladesh,Female,2001-07-30,2026-07-21,Active
1130,Customer_1130,User_1130,customer1130@example.com,01700001130,Sylhet,Bangladesh,Male,2001-10-21,2020-01-11,Inactive
1131,Customer_1131,User_1131,customer1131@example.com,01700001131,Rajshahi,Bangladesh,Female,2002-01-12,2020-01-28,Active
1132,Customer_1132,User_1132,customer1132@example.com,01700001132,Khulna,Bangladesh,Male,2002-04-05,2020-02-14,Active
1133,Customer_1133,User_1133,customer1133@example.com,01700001133,Barisal,Bangladesh,Female,2002-06-27,2020-03-02,Active
1134,Customer_1134,User_1134,customer1134@example.com,01700001134,Rangpur,Bangladesh,Male,2002-09-18,2020-03-19,Active
1135,Customer_1135,User_1135,customer1135@example.com,01700001135,Mymensingh,Bangladesh,Female,2002-12-10,2020-04-05,Active
1136,Customer_1136,User_1136,customer1136@example.com,01700001136,Dhaka,Bangladesh,Male,2003-03-03,2020-04-22,Active
1137,Customer_1137,User_1137,customer1137@example.com,01700001137,Chittagong,Bangladesh,Female,2003-05-25,2020-05-09,Active
1138,Customer_1138,User_1138,customer1138@example.com,01700001138,Sylhet,Bangladesh,Male,2003-08-16,2020-05-26,Active
1139,Customer_1139,User_1139,customer1139@example.com,01700001139,Rajshahi,Bangladesh,Female,2003-11-07,2020-06-12,Active
1140,Customer_1140,User_1140,customer1140@example.com,01700001140,Khulna,Bangladesh,Male,2004-01-29,2020-06-29,Inactive
1141,Customer_1141,User_1141,customer1141@example.com,01700001141,Barisal,Bangladesh,Female,2004-04-21,2020-07-16,Active
1142,Customer_1142,User_1142,customer1142@example.com,01700001142,Rangpur,Bangladesh,Male,2004-07-13,2020-08-02,Active
1143,Customer_1143,User_1143,customer1143@example.com,01700001143,Mymensingh,Bangladesh,Female,2004-10-04,2020-08-19,Active
1144,Customer_1144,User_1144,customer1144@example.com,01700001144,Dhaka,Bangladesh,Male,2004-12-26,2020-09-05,Active
1145,Customer_1145,User_1145,customer1145@example.com,01700001145,Chittagong,Bangladesh,Female,2005-03-19,2020-09-22,Active
1146,Customer_1146,User_1146,customer1146@example.com,01700001146,Sylhet,Bangladesh,Male,2005-06-10,2020-10-09,Active
1147,Customer_1147,User_1147,customer1147@example.com,01700001147,Rajshahi,Bangladesh,Female,2005-09-01,2020-10-26,Active
1148,Customer_1148,User_1148,customer1148@example.com,01700001148,Khulna,Bangladesh,Male,2005-11-23,2020-11-12,Active
1149,Customer_1149,User_1149,customer1149@example.com,01700001149,Barisal,Bangladesh,Female,2006-02-14,2020-11-29,Active
1150,Customer_1150,User_1150,customer1150@example.com,01700001150,Rangpur,Bangladesh,Male,2006-05-08,2020-12-16,Inactive
1151,Customer_1151,User_1151,customer1151@example.com,01700001151,Mymensingh,Bangladesh,Female,2006-07-30,2021-01-02,Active
1152,Customer_1152,User_1152,customer1152@example.com,01700001152,Dhaka,Bangladesh,Male,2006-10-21,2021-01-19,Active
1153,Customer_1153,User_1153,customer1153@example.com,01700001153,Chittagong,Bangladesh,Female,2007-01-12,2021-02-05,Active
1154,Customer_1154,User_1154,customer1154@example.com,01700001154,Sylhet,Bangladesh,Male,2007-04-05,2021-02-22,Active
1155,Customer_1155,User_1155,customer1155@example.com,01700001155,Rajshahi,Bangladesh,Female,2007-06-27,2021-03-11,Active
1156,Customer_1156,User_1156,customer1156@example.com,01700001156,Khulna,Bangladesh,Male,2007-09-18,2021-03-28,Active
1157,Customer_1157,User_1157,customer1157@example.com,01700001157,Barisal,Bangladesh,Female,1975-02-01,2021-04-14,Active
1158,Customer_1158,User_1158,customer1158@example.com,01700001158,Rangpur,Bangladesh,Male,1975-04-25,2021-05-01,Active
1159,Customer_1159,User_1159,customer1159@example.com,01700001159,Mymensingh,Bangladesh,Female,1975-07-17,2021-05-18,Active
1160,Customer_1160,User_1160,customer1160@example.com,01700001160,Dhaka,Bangladesh,Male,1975-10-08,2021-06-04,Inactive
1161,Customer_1161,User_1161,customer1161@example.com,01700001161,Chittagong,Bangladesh,Female,1975-12-30,2021-06-21,Active
1162,Customer_1162,User_1162,customer1162@example.com,01700001162,Sylhet,Bangladesh,Male,1976-03-22,2021-07-08,Active
1163,Customer_1163,User_1163,customer1163@example.com,01700001163,Rajshahi,Bangladesh,Female,1976-06-13,2021-07-25,Active
1164,Customer_1164,User_1164,customer1164@example.com,01700001164,Khulna,Bangladesh,Male,1976-09-04,2021-08-11,Active
1165,Customer_1165,User_1165,customer1165@example.com,01700001165,Barisal,Bangladesh,Female,1976-11-26,2021-08-28,Active
1166,Customer_1166,User_1166,customer1166@example.com,01700001166,Rangpur,Bangladesh,Male,1977-02-17,2021-09-14,Active
1167,Customer_1167,User_1167,customer1167@example.com,01700001167,Mymensingh,Bangladesh,Female,1977-05-11,2021-10-01,Active
1168,Customer_1168,User_1168,customer1168@example.com,01700001168,Dhaka,Bangladesh,Male,1977-08-02,2021-10-18,Active
1169,Customer_1169,User_1169,customer1169@example.com,01700001169,Chittagong,Bangladesh,Female,1977-10-24,2021-11-04,Active
1170,Customer_1170,User_1170,customer1170@example.com,01700001170,Sylhet,Bangladesh,Male,1978-01-15,2021-11-21,Inactive
1171,Customer_1171,User_1171,customer1171@example.com,01700001171,Rajshahi,Bangladesh,Female,1978-04-08,2021-12-08,Active
1172,Customer_1172,User_1172,customer1172@example.com,01700001172,Khulna,Bangladesh,Male,1978-06-30,2021-12-25,Active
1173,Customer_1173,User_1173,customer1173@example.com,01700001173,Barisal,Bangladesh,Female,1978-09-21,2022-01-11,Active
1174,Customer_1174,User_1174,customer1174@example.com,01700001174,Rangpur,Bangladesh,Male,1978-12-13,2022-01-28,Active
1175,Customer_1175,User_1175,customer1175@example.com,01700001175,Mymensingh,Bangladesh,Female,1979-03-06,2022-02-14,Active
1176,Customer_1176,User_1176,customer1176@example.com,01700001176,Dhaka,Bangladesh,Male,1979-05-28,2022-03-03,Active
1177,Customer_1177,User_1177,customer1177@example.com,01700001177,Chittagong,Bangladesh,Female,1979-08-19,2022-03-20,Active
1178,Customer_1178,User_1178,customer1178@example.com,01700001178,Sylhet,Bangladesh,Male,1979-11-10,2022-04-06,Active
1179,Customer_1179,User_1179,customer1179@example.com,01700001179,Rajshahi,Bangladesh,Female,1980-02-01,2022-04-23,Active
1180,Customer_1180,User_1180,customer1180@example.com,01700001180,Khulna,Bangladesh,Male,1980-04-24,2022-05-10,Inactive
1181,Customer_1181,User_1181,customer1181@example.com,01700001181,Barisal,Bangladesh,Female,1980-07-16,2022-05-27,Active
1182,Customer_1182,User_1182,customer1182@example.com,01700001182,Rangpur,Bangladesh,Male,1980-10-07,2022-06-13,Active
1183,Customer_1183,User_1183,customer1183@example.com,01700001183,Mymensingh,Bangladesh,Female,1980-12-29,2022-06-30,Active
1184,Customer_1184,User_1184,customer1184@example.com,01700001184,Dhaka,Bangladesh,Male,1981-03-22,2022-07-17,Active
1185,Customer_1185,User_1185,customer1185@example.com,01700001185,Chittagong,Bangladesh,Female,1981-06-13,2022-08-03,Active
1186,Customer_1186,User_1186,customer1186@example.com,01700001186,Sylhet,Bangladesh,Male,1981-09-04,2022-08-20,Active
1187,Customer_1187,User_1187,customer1187@example.com,01700001187,Rajshahi,Bangladesh,Female,1981-11-26,2022-09-06,Active
1188,Customer_1188,User_1188,customer1188@example.com,01700001188,Khulna,Bangladesh,Male,1982-02-17,2022-09-23,Active
1189,Customer_1189,User_1189,customer1189@example.com,01700001189,Barisal,Bangladesh,Female,1982-05-11,2022-10-10,Active
1190,Customer_1190,User_1190,customer1190@example.com,01700001190,Rangpur,Bangladesh,Male,1982-08-02,2022-10-27,Inactive
1191,Customer_1191,User_1191,customer1191@example.com,01700001191,Mymensingh,Bangladesh,Female,1982-10-24,2022-11-13,Active
1192,Customer_1192,User_1192,customer1192@example.com,01700001192,Dhaka,Bangladesh,Male,1983-01-15,2022-11-30,Active
1193,Customer_1193,User_1193,customer1193@example.com,01700001193,Chittagong,Bangladesh,Female,1983-04-08,2022-12-17,Active
1194,Customer_1194,User_1194,customer1194@example.com,01700001194,Sylhet,Bangladesh,Male,1983-06-30,2023-01-03,Active
1195,Customer_1195,User_1195,customer1195@example.com,01700001195,Rajshahi,Bangladesh,Female,1983-09-21,2023-01-20,Active
1196,Customer_1196,User_1196,customer1196@example.com,01700001196,Khulna,Bangladesh,Male,1983-12-13,2023-02-06,Active
1197,Customer_1197,User_1197,customer1197@example.com,01700001197,Barisal,Bangladesh,Female,1984-03-05,2023-02-23,Active
1198,Customer_1198,User_1198,customer1198@example.com,01700001198,Rangpur,Bangladesh,Male,1984-05-27,2023-03-12,Active
1199,Customer_1199,User_1199,customer1199@example.com,01700001199,Mymensingh,Bangladesh,Female,1984-08-18,2023-03-29,Active
1200,Customer_1200,User_1200,customer1200@example.com,01700001200,Dhaka,Bangladesh,Male,1984-11-09,2023-04-15,Inactive
1201,Customer_1201,User_1201,customer1201@example.com,01700001201,Chittagong,Bangladesh,Female,1985-01-31,2023-05-02,Active
1202,Customer_1202,User_1202,customer1202@example.com,01700001202,Sylhet,Bangladesh,Male,1985-04-24,2023-05-19,Active
1203,Customer_1203,User_1203,customer1203@example.com,01700001203,Rajshahi,Bangladesh,Female,1985-07-16,2023-06-05,Active
1204,Customer_1204,User_1204,customer1204@example.com,01700001204,Khulna,Bangladesh,Male,1985-10-07,2023-06-22,Active
1205,Customer_1205,User_1205,customer1205@example.com,01700001205,Barisal,Bangladesh,Female,1985-12-29,2023-07-09,Active
1206,Customer_1206,User_1206,customer1206@example.com,01700001206,Rangpur,Bangladesh,Male,1986-03-22,2023-07-26,Active
1207,Customer_1207,User_1207,customer1207@example.com,01700001207,Mymensingh,Bangladesh,Female,1986-06-13,2023-08-12,Active
1208,Customer_1208,User_1208,customer1208@example.com,01700001208,Dhaka,Bangladesh,Male,1986-09-04,2023-08-29,Active
1209,Customer_1209,User_1209,customer1209@example.com,01700001209,Chittagong,Bangladesh,Female,1986-11-26,2023-09-15,Active
1210,Customer_1210,User_1210,customer1210@example.com,01700001210,Sylhet,Bangladesh,Male,1987-02-17,2023-10-02,Inactive
1211,Customer_1211,User_1211,customer1211@example.com,01700001211,Rajshahi,Bangladesh,Female,1987-05-11,2023-10-19,Active
1212,Customer_1212,User_1212,customer1212@example.com,01700001212,Khulna,Bangladesh,Male,1987-08-02,2023-11-05,Active
1213,Customer_1213,User_1213,customer1213@example.com,01700001213,Barisal,Bangladesh,Female,1987-10-24,2023-11-22,Active
1214,Customer_1214,User_1214,customer1214@example.com,01700001214,Rangpur,Bangladesh,Male,1988-01-15,2023-12-09,Active
1215,Customer_1215,User_1215,customer1215@example.com,01700001215,Mymensingh,Bangladesh,Female,1988-04-07,2023-12-26,Active
1216,Customer_1216,User_1216,customer1216@example.com,01700001216,Dhaka,Bangladesh,Male,1988-06-29,2024-01-12,Active
1217,Customer_1217,User_1217,customer1217@example.com,01700001217,Chittagong,Bangladesh,Female,1988-09-20,2024-01-29,Active
1218,Customer_1218,User_1218,customer1218@example.com,01700001218,Sylhet,Bangladesh,Male,1988-12-12,2024-02-15,Active
1219,Customer_1219,User_1219,customer1219@example.com,01700001219,Rajshahi,Bangladesh,Female,1989-03-05,2024-03-03,Active
1220,Customer_1220,User_1220,customer1220@example.com,01700001220,Khulna,Bangladesh,Male,1989-05-27,2024-03-20,Inactive
1221,Customer_1221,User_1221,customer1221@example.com,01700001221,Barisal,Bangladesh,Female,1989-08-18,2024-04-06,Active
1222,Customer_1222,User_1222,customer1222@example.com,01700001222,Rangpur,Bangladesh,Male,1989-11-09,2024-04-23,Active
1223,Customer_1223,User_1223,customer1223@example.com,01700001223,Mymensingh,Bangladesh,Female,1990-01-31,2024-05-10,Active
1224,Customer_1224,User_1224,customer1224@example.com,01700001224,Dhaka,Bangladesh,Male,1990-04-24,2024-05-27,Active
1225,Customer_1225,User_1225,customer1225@example.com,01700001225,Chittagong,Bangladesh,Female,1990-07-16,2024-06-13,Active
1226,Customer_1226,User_1226,customer1226@example.com,01700001226,Sylhet,Bangladesh,Male,1990-10-07,2024-06-30,Active
1227,Customer_1227,User_1227,customer1227@example.com,01700001227,Rajshahi,Bangladesh,Female,1990-12-29,2024-07-17,Active
1228,Customer_1228,User_1228,customer1228@example.com,01700001228,Khulna,Bangladesh,Male,1991-03-22,2024-08-03,Active
1229,Customer_1229,User_1229,customer1229@example.com,01700001229,Barisal,Bangladesh,Female,1991-06-13,2024-08-20,Active
1230,Customer_1230,User_1230,customer1230@example.com,01700001230,Rangpur,Bangladesh,Male,1991-09-04,2024-09-06,Inactive
1231,Customer_1231,User_1231,customer1231@example.com,01700001231,Mymensingh,Bangladesh,Female,1991-11-26,2024-09-23,Active
1232,Customer_1232,User_1232,customer1232@example.com,01700001232,Dhaka,Bangladesh,Male,1992-02-17,2024-10-10,Active
1233,Customer_1233,User_1233,customer1233@example.com,01700001233,Chittagong,Bangladesh,Female,1992-05-10,2024-10-27,Active
1234,Customer_1234,User_1234,customer1234@example.com,01700001234,Sylhet,Bangladesh,Male,1992-08-01,2024-11-13,Active
1235,Customer_1235,User_1235,customer1235@example.com,01700001235,Rajshahi,Bangladesh,Female,1992-10-23,2024-11-30,Active
1236,Customer_1236,User_1236,customer1236@example.com,01700001236,Khulna,Bangladesh,Male,1993-01-14,2024-12-17,Active
1237,Customer_1237,User_1237,customer1237@example.com,01700001237,Barisal,Bangladesh,Female,1993-04-07,2025-01-03,Active
1238,Customer_1238,User_1238,customer1238@example.com,01700001238,Rangpur,Bangladesh,Male,1993-06-29,2025-01-20,Active
1239,Customer_1239,User_1239,customer1239@example.com,01700001239,Mymensingh,Bangladesh,Female,1993-09-20,2025-02-06,Active
1240,Customer_1240,User_1240,customer1240@example.com,01700001240,Dhaka,Bangladesh,Male,1993-12-12,2025-02-23,Inactive
1241,Customer_1241,User_1241,customer1241@example.com,01700001241,Chittagong,Bangladesh,Female,1994-03-05,2025-03-12,Active
1242,Customer_1242,User_1242,customer1242@example.com,01700001242,Sylhet,Bangladesh,Male,1994-05-27,2025-03-29,Active
1243,Customer_1243,User_1243,customer1243@example.com,01700001243,Rajshahi,Bangladesh,Female,1994-08-18,2025-04-15,Active
1244,Customer_1244,User_1244,customer1244@example.com,01700001244,Khulna,Bangladesh,Male,1994-11-09,2025-05-02,Active
1245,Customer_1245,User_1245,customer1245@example.com,01700001245,Barisal,Bangladesh,Female,1995-01-31,2025-05-19,Active
1246,Customer_1246,User_1246,customer1246@example.com,01700001246,Rangpur,Bangladesh,Male,1995-04-24,2025-06-05,Active
1247,Customer_1247,User_1247,customer1247@example.com,01700001247,Mymensingh,Bangladesh,Female,1995-07-16,2025-06-22,Active
1248,Customer_1248,User_1248,customer1248@example.com,01700001248,Dhaka,Bangladesh,Male,1995-10-07,2025-07-09,Active
1249,Customer_1249,User_1249,customer1249@example.com,01700001249,Chittagong,Bangladesh,Female,1995-12-29,2025-07-26,Active
1250,Customer_1250,User_1250,customer1250@example.com,01700001250,Sylhet,Bangladesh,Male,1996-03-21,2025-08-12,Inactive
1251,Customer_1251,User_1251,customer1251@example.com,01700001251,Rajshahi,Bangladesh,Female,1996-06-12,2025-08-29,Active
1252,Customer_1252,User_1252,customer1252@example.com,01700001252,Khulna,Bangladesh,Male,1996-09-03,2025-09-15,Active
1253,Customer_1253,User_1253,customer1253@example.com,01700001253,Barisal,Bangladesh,Female,1996-11-25,2025-10-02,Active
1254,Customer_1254,User_1254,customer1254@example.com,01700001254,Rangpur,Bangladesh,Male,1997-02-16,2025-10-19,Active
1255,Customer_1255,User_1255,customer1255@example.com,01700001255,Mymensingh,Bangladesh,Female,1997-05-10,2025-11-05,Active
1256,Customer_1256,User_1256,customer1256@example.com,01700001256,Dhaka,Bangladesh,Male,1997-08-01,2025-11-22,Active
1257,Customer_1257,User_1257,customer1257@example.com,01700001257,Chittagong,Bangladesh,Female,1997-10-23,2025-12-09,Active
1258,Customer_1258,User_1258,customer1258@example.com,01700001258,Sylhet,Bangladesh,Male,1998-01-14,2025-12-26,Active
1259,Customer_1259,User_1259,customer1259@example.com,01700001259,Rajshahi,Bangladesh,Female,1998-04-07,2026-01-12,Active
1260,Customer_1260,User_1260,customer1260@example.com,01700001260,Khulna,Bangladesh,Male,1998-06-29,2026-01-29,Inactive
1261,Customer_1261,User_1261,customer1261@example.com,01700001261,Barisal,Bangladesh,Female,1998-09-20,2026-02-15,Active
1262,Customer_1262,User_1262,customer1262@example.com,01700001262,Rangpur,Bangladesh,Male,1998-12-12,2026-03-04,Active
1263,Customer_1263,User_1263,customer1263@example.com,01700001263,Mymensingh,Bangladesh,Female,1999-03-05,2026-03-21,Active
1264,Customer_1264,User_1264,customer1264@example.com,01700001264,Dhaka,Bangladesh,Male,1999-05-27,2026-04-07,Active
1265,Customer_1265,User_1265,customer1265@example.com,01700001265,Chittagong,Bangladesh,Female,1999-08-18,2026-04-24,Active
1266,Customer_1266,User_1266,customer1266@example.com,01700001266,Sylhet,Bangladesh,Male,1999-11-09,2026-05-11,Active
1267,Customer_1267,User_1267,customer1267@example.com,01700001267,Rajshahi,Bangladesh,Female,2000-01-31,2026-05-28,Active
1268,Customer_1268,User_1268,customer1268@example.com,01700001268,Khulna,Bangladesh,Male,2000-04-23,2026-06-14,Active
1269,Customer_1269,User_1269,customer1269@example.com,01700001269,Barisal,Bangladesh,Female,2000-07-15,2026-07-01,Active
1270,Customer_1270,User_1270,customer1270@example.com,01700001270,Rangpur,Bangladesh,Male,2000-10-06,2026-07-18,Inactive
1271,Customer_1271,User_1271,customer1271@example.com,01700001271,Mymensingh,Bangladesh,Female,2000-12-28,2020-01-08,Active
1272,Customer_1272,User_1272,customer1272@example.com,01700001272,Dhaka,Bangladesh,Male,2001-03-21,2020-01-25,Active
1273,Customer_1273,User_1273,customer1273@example.com,01700001273,Chittagong,Bangladesh,Female,2001-06-12,2020-02-11,Active
1274,Customer_1274,User_1274,customer1274@example.com,01700001274,Sylhet,Bangladesh,Male,2001-09-03,2020-02-28,Active
1275,Customer_1275,User_1275,customer1275@example.com,01700001275,Rajshahi,Bangladesh,Female,2001-11-25,2020-03-16,Active
1276,Customer_1276,User_1276,customer1276@example.com,01700001276,Khulna,Bangladesh,Male,2002-02-16,2020-04-02,Active
1277,Customer_1277,User_1277,customer1277@example.com,01700001277,Barisal,Bangladesh,Female,2002-05-10,2020-04-19,Active
1278,Customer_1278,User_1278,customer1278@example.com,01700001278,Rangpur,Bangladesh,Male,2002-08-01,2020-05-06,Active
1279,Customer_1279,User_1279,customer1279@example.com,01700001279,Mymensingh,Bangladesh,Female,2002-10-23,2020-05-23,Active
1280,Customer_1280,User_1280,customer1280@example.com,01700001280,Dhaka,Bangladesh,Male,2003-01-14,2020-06-09,Inactive
1281,Customer_1281,User_1281,customer1281@example.com,01700001281,Chittagong,Bangladesh,Female,2003-04-07,2020-06-26,Active
1282,Customer_1282,User_1282,customer1282@example.com,01700001282,Sylhet,Bangladesh,Male,2003-06-29,2020-07-13,Active
1283,Customer_1283,User_1283,customer1283@example.com,01700001283,Rajshahi,Bangladesh,Female,2003-09-20,2020-07-30,Active
1284,Customer_1284,User_1284,customer1284@example.com,01700001284,Khulna,Bangladesh,Male,2003-12-12,2020-08-16,Active
1285,Customer_1285,User_1285,customer1285@example.com,01700001285,Barisal,Bangladesh,Female,2004-03-04,2020-09-02,Active
1286,Customer_1286,User_1286,customer1286@example.com,01700001286,Rangpur,Bangladesh,Male,2004-05-26,2020-09-19,Active
1287,Customer_1287,User_1287,customer1287@example.com,01700001287,Mymensingh,Bangladesh,Female,2004-08-17,2020-10-06,Active
1288,Customer_1288,User_1288,customer1288@example.com,01700001288,Dhaka,Bangladesh,Male,2004-11-08,2020-10-23,Active
1289,Customer_1289,User_1289,customer1289@example.com,01700001289,Chittagong,Bangladesh,Female,2005-01-30,2020-11-09,Active
1290,Customer_1290,User_1290,customer1290@example.com,01700001290,Sylhet,Bangladesh,Male,2005-04-23,2020-11-26,Inactive
1291,Customer_1291,User_1291,customer1291@example.com,01700001291,Rajshahi,Bangladesh,Female,2005-07-15,2020-12-13,Active
1292,Customer_1292,User_1292,customer1292@example.com,01700001292,Khulna,Bangladesh,Male,2005-10-06,2020-12-30,Active
1293,Customer_1293,User_1293,customer1293@example.com,01700001293,Barisal,Bangladesh,Female,2005-12-28,2021-01-16,Active
1294,Customer_1294,User_1294,customer1294@example.com,01700001294,Rangpur,Bangladesh,Male,2006-03-21,2021-02-02,Active
1295,Customer_1295,User_1295,customer1295@example.com,01700001295,Mymensingh,Bangladesh,Female,2006-06-12,2021-02-19,Active
1296,Customer_1296,User_1296,customer1296@example.com,01700001296,Dhaka,Bangladesh,Male,2006-09-03,2021-03-08,Active
1297,Customer_1297,User_1297,customer1297@example.com,01700001297,Chittagong,Bangladesh,Female,2006-11-25,2021-03-25,Active
1298,Customer_1298,User_1298,customer1298@example.com,01700001298,Sylhet,Bangladesh,Male,2007-02-16,2021-04-11,Active
1299,Customer_1299,User_1299,customer1299@example.com,01700001299,Rajshahi,Bangladesh,Female,2007-05-10,2021-04-28,Active
1300,Customer_1300,User_1300,customer1300@example.com,01700001300,Khulna,Bangladesh,Male,2007-08-01,2021-05-15,Inactive
1301,Customer_1301,User_1301,customer1301@example.com,01700001301,Barisal,Bangladesh,Female,2007-10-23,2021-06-01,Active
1302,Customer_1302,User_1302,customer1302@example.com,01700001302,Rangpur,Bangladesh,Male,1975-03-08,2021-06-18,Active
1303,Customer_1303,User_1303,customer1303@example.com,01700001303,Mymensingh,Bangladesh,Female,1975-05-30,2021-07-05,Active
1304,Customer_1304,User_1304,customer1304@example.com,01700001304,Dhaka,Bangladesh,Male,1975-08-21,2021-07-22,Active
1305,Customer_1305,User_1305,customer1305@example.com,01700001305,Chittagong,Bangladesh,Female,1975-11-12,2021-08-08,Active
1306,Customer_1306,User_1306,customer1306@example.com,01700001306,Sylhet,Bangladesh,Male,1976-02-03,2021-08-25,Active
1307,Customer_1307,User_1307,customer1307@example.com,01700001307,Rajshahi,Bangladesh,Female,1976-04-26,2021-09-11,Active
1308,Customer_1308,User_1308,customer1308@example.com,01700001308,Khulna,Bangladesh,Male,1976-07-18,2021-09-28,Active
1309,Customer_1309,User_1309,customer1309@example.com,01700001309,Barisal,Bangladesh,Female,1976-10-09,2021-10-15,Active
1310,Customer_1310,User_1310,customer1310@example.com,01700001310,Rangpur,Bangladesh,Male,1976-12-31,2021-11-01,Inactive
1311,Customer_1311,User_1311,customer1311@example.com,01700001311,Mymensingh,Bangladesh,Female,1977-03-24,2021-11-18,Active
1312,Customer_1312,User_1312,customer1312@example.com,01700001312,Dhaka,Bangladesh,Male,1977-06-15,2021-12-05,Active
1313,Customer_1313,User_1313,customer1313@example.com,01700001313,Chittagong,Bangladesh,Female,1977-09-06,2021-12-22,Active
1314,Customer_1314,User_1314,customer1314@example.com,01700001314,Sylhet,Bangladesh,Male,1977-11-28,2022-01-08,Active
1315,Customer_1315,User_1315,customer1315@example.com,01700001315,Rajshahi,Bangladesh,Female,1978-02-19,2022-01-25,Active
1316,Customer_1316,User_1316,customer1316@example.com,01700001316,Khulna,Bangladesh,Male,1978-05-13,2022-02-11,Active
1317,Customer_1317,User_1317,customer1317@example.com,01700001317,Barisal,Bangladesh,Female,1978-08-04,2022-02-28,Active
1318,Customer_1318,User_1318,customer1318@example.com,01700001318,Rangpur,Bangladesh,Male,1978-10-26,2022-03-17,Active
1319,Customer_1319,User_1319,customer1319@example.com,01700001319,Mymensingh,Bangladesh,Female,1979-01-17,2022-04-03,Active
1320,Customer_1320,User_1320,customer1320@example.com,01700001320,Dhaka,Bangladesh,Male,1979-04-10,2022-04-20,Inactive
1321,Customer_1321,User_1321,customer1321@example.com,01700001321,Chittagong,Bangladesh,Female,1979-07-02,2022-05-07,Active
1322,Customer_1322,User_1322,customer1322@example.com,01700001322,Sylhet,Bangladesh,Male,1979-09-23,2022-05-24,Active
1323,Customer_1323,User_1323,customer1323@example.com,01700001323,Rajshahi,Bangladesh,Female,1979-12-15,2022-06-10,Active
1324,Customer_1324,User_1324,customer1324@example.com,01700001324,Khulna,Bangladesh,Male,1980-03-07,2022-06-27,Active
1325,Customer_1325,User_1325,customer1325@example.com,01700001325,Barisal,Bangladesh,Female,1980-05-29,2022-07-14,Active
1326,Customer_1326,User_1326,customer1326@example.com,01700001326,Rangpur,Bangladesh,Male,1980-08-20,2022-07-31,Active
1327,Customer_1327,User_1327,customer1327@example.com,01700001327,Mymensingh,Bangladesh,Female,1980-11-11,2022-08-17,Active
1328,Customer_1328,User_1328,customer1328@example.com,01700001328,Dhaka,Bangladesh,Male,1981-02-02,2022-09-03,Active
1329,Customer_1329,User_1329,customer1329@example.com,01700001329,Chittagong,Bangladesh,Female,1981-04-26,2022-09-20,Active
1330,Customer_1330,User_1330,customer1330@example.com,01700001330,Sylhet,Bangladesh,Male,1981-07-18,2022-10-07,Inactive
1331,Customer_1331,User_1331,customer1331@example.com,01700001331,Rajshahi,Bangladesh,Female,1981-10-09,2022-10-24,Active
1332,Customer_1332,User_1332,customer1332@example.com,01700001332,Khulna,Bangladesh,Male,1981-12-31,2022-11-10,Active
1333,Customer_1333,User_1333,customer1333@example.com,01700001333,Barisal,Bangladesh,Female,1982-03-24,2022-11-27,Active
1334,Customer_1334,User_1334,customer1334@example.com,01700001334,Rangpur,Bangladesh,Male,1982-06-15,2022-12-14,Active
1335,Customer_1335,User_1335,customer1335@example.com,01700001335,Mymensingh,Bangladesh,Female,1982-09-06,2022-12-31,Active
1336,Customer_1336,User_1336,customer1336@example.com,01700001336,Dhaka,Bangladesh,Male,1982-11-28,2023-01-17,Active
1337,Customer_1337,User_1337,customer1337@example.com,01700001337,Chittagong,Bangladesh,Female,1983-02-19,2023-02-03,Active
1338,Customer_1338,User_1338,customer1338@example.com,01700001338,Sylhet,Bangladesh,Male,1983-05-13,2023-02-20,Active
1339,Customer_1339,User_1339,customer1339@example.com,01700001339,Rajshahi,Bangladesh,Female,1983-08-04,2023-03-09,Active
1340,Customer_1340,User_1340,customer1340@example.com,01700001340,Khulna,Bangladesh,Male,1983-10-26,2023-03-26,Inactive
1341,Customer_1341,User_1341,customer1341@example.com,01700001341,Barisal,Bangladesh,Female,1984-01-17,2023-04-12,Active
1342,Customer_1342,User_1342,customer1342@example.com,01700001342,Rangpur,Bangladesh,Male,1984-04-09,2023-04-29,Active
1343,Customer_1343,User_1343,customer1343@example.com,01700001343,Mymensingh,Bangladesh,Female,1984-07-01,2023-05-16,Active
1344,Customer_1344,User_1344,customer1344@example.com,01700001344,Dhaka,Bangladesh,Male,1984-09-22,2023-06-02,Active
1345,Customer_1345,User_1345,customer1345@example.com,01700001345,Chittagong,Bangladesh,Female,1984-12-14,2023-06-19,Active
1346,Customer_1346,User_1346,customer1346@example.com,01700001346,Sylhet,Bangladesh,Male,1985-03-07,2023-07-06,Active
1347,Customer_1347,User_1347,customer1347@example.com,01700001347,Rajshahi,Bangladesh,Female,1985-05-29,2023-07-23,Active
1348,Customer_1348,User_1348,customer1348@example.com,01700001348,Khulna,Bangladesh,Male,1985-08-20,2023-08-09,Active
1349,Customer_1349,User_1349,customer1349@example.com,01700001349,Barisal,Bangladesh,Female,1985-11-11,2023-08-26,Active
1350,Customer_1350,User_1350,customer1350@example.com,01700001350,Rangpur,Bangladesh,Male,1986-02-02,2023-09-12,Inactive
1351,Customer_1351,User_1351,customer1351@example.com,01700001351,Mymensingh,Bangladesh,Female,1986-04-26,2023-09-29,Active
1352,Customer_1352,User_1352,customer1352@example.com,01700001352,Dhaka,Bangladesh,Male,1986-07-18,2023-10-16,Active
1353,Customer_1353,User_1353,customer1353@example.com,01700001353,Chittagong,Bangladesh,Female,1986-10-09,2023-11-02,Active
1354,Customer_1354,User_1354,customer1354@example.com,01700001354,Sylhet,Bangladesh,Male,1986-12-31,2023-11-19,Active
1355,Customer_1355,User_1355,customer1355@example.com,01700001355,Rajshahi,Bangladesh,Female,1987-03-24,2023-12-06,Active
1356,Customer_1356,User_1356,customer1356@example.com,01700001356,Khulna,Bangladesh,Male,1987-06-15,2023-12-23,Active
1357,Customer_1357,User_1357,customer1357@example.com,01700001357,Barisal,Bangladesh,Female,1987-09-06,2024-01-09,Active
1358,Customer_1358,User_1358,customer1358@example.com,01700001358,Rangpur,Bangladesh,Male,1987-11-28,2024-01-26,Active
1359,Customer_1359,User_1359,customer1359@example.com,01700001359,Mymensingh,Bangladesh,Female,1988-02-19,2024-02-12,Active
1360,Customer_1360,User_1360,customer1360@example.com,01700001360,Dhaka,Bangladesh,Male,1988-05-12,2024-02-29,Inactive
1361,Customer_1361,User_1361,customer1361@example.com,01700001361,Chittagong,Bangladesh,Female,1988-08-03,2024-03-17,Active
1362,Customer_1362,User_1362,customer1362@example.com,01700001362,Sylhet,Bangladesh,Male,1988-10-25,2024-04-03,Active
1363,Customer_1363,User_1363,customer1363@example.com,01700001363,Rajshahi,Bangladesh,Female,1989-01-16,2024-04-20,Active
1364,Customer_1364,User_1364,customer1364@example.com,01700001364,Khulna,Bangladesh,Male,1989-04-09,2024-05-07,Active
1365,Customer_1365,User_1365,customer1365@example.com,01700001365,Barisal,Bangladesh,Female,1989-07-01,2024-05-24,Active
1366,Customer_1366,User_1366,customer1366@example.com,01700001366,Rangpur,Bangladesh,Male,1989-09-22,2024-06-10,Active
1367,Customer_1367,User_1367,customer1367@example.com,01700001367,Mymensingh,Bangladesh,Female,1989-12-14,2024-06-27,Active
1368,Customer_1368,User_1368,customer1368@example.com,01700001368,Dhaka,Bangladesh,Male,1990-03-07,2024-07-14,Active
1369,Customer_1369,User_1369,customer1369@example.com,01700001369,Chittagong,Bangladesh,Female,1990-05-29,2024-07-31,Active
1370,Customer_1370,User_1370,customer1370@example.com,01700001370,Sylhet,Bangladesh,Male,1990-08-20,2024-08-17,Inactive
1371,Customer_1371,User_1371,customer1371@example.com,01700001371,Rajshahi,Bangladesh,Female,1990-11-11,2024-09-03,Active
1372,Customer_1372,User_1372,customer1372@example.com,01700001372,Khulna,Bangladesh,Male,1991-02-02,2024-09-20,Active
1373,Customer_1373,User_1373,customer1373@example.com,01700001373,Barisal,Bangladesh,Female,1991-04-26,2024-10-07,Active
1374,Customer_1374,User_1374,customer1374@example.com,01700001374,Rangpur,Bangladesh,Male,1991-07-18,2024-10-24,Active
1375,Customer_1375,User_1375,customer1375@example.com,01700001375,Mymensingh,Bangladesh,Female,1991-10-09,2024-11-10,Active
1376,Customer_1376,User_1376,customer1376@example.com,01700001376,Dhaka,Bangladesh,Male,1991-12-31,2024-11-27,Active
1377,Customer_1377,User_1377,customer1377@example.com,01700001377,Chittagong,Bangladesh,Female,1992-03-23,2024-12-14,Active
1378,Customer_1378,User_1378,customer1378@example.com,01700001378,Sylhet,Bangladesh,Male,1992-06-14,2024-12-31,Active
1379,Customer_1379,User_1379,customer1379@example.com,01700001379,Rajshahi,Bangladesh,Female,1992-09-05,2025-01-17,Active
1380,Customer_1380,User_1380,customer1380@example.com,01700001380,Khulna,Bangladesh,Male,1992-11-27,2025-02-03,Inactive
1381,Customer_1381,User_1381,customer1381@example.com,01700001381,Barisal,Bangladesh,Female,1993-02-18,2025-02-20,Active
1382,Customer_1382,User_1382,customer1382@example.com,01700001382,Rangpur,Bangladesh,Male,1993-05-12,2025-03-09,Active
1383,Customer_1383,User_1383,customer1383@example.com,01700001383,Mymensingh,Bangladesh,Female,1993-08-03,2025-03-26,Active
1384,Customer_1384,User_1384,customer1384@example.com,01700001384,Dhaka,Bangladesh,Male,1993-10-25,2025-04-12,Active
1385,Customer_1385,User_1385,customer1385@example.com,01700001385,Chittagong,Bangladesh,Female,1994-01-16,2025-04-29,Active
1386,Customer_1386,User_1386,customer1386@example.com,01700001386,Sylhet,Bangladesh,Male,1994-04-09,2025-05-16,Active
1387,Customer_1387,User_1387,customer1387@example.com,01700001387,Rajshahi,Bangladesh,Female,1994-07-01,2025-06-02,Active
1388,Customer_1388,User_1388,customer1388@example.com,01700001388,Khulna,Bangladesh,Male,1994-09-22,2025-06-19,Active
1389,Customer_1389,User_1389,customer1389@example.com,01700001389,Barisal,Bangladesh,Female,1994-12-14,2025-07-06,Active
1390,Customer_1390,User_1390,customer1390@example.com,01700001390,Rangpur,Bangladesh,Male,1995-03-07,2025-07-23,Inactive
1391,Customer_1391,User_1391,customer1391@example.com,01700001391,Mymensingh,Bangladesh,Female,1995-05-29,2025-08-09,Active
1392,Customer_1392,User_1392,customer1392@example.com,01700001392,Dhaka,Bangladesh,Male,1995-08-20,2025-08-26,Active
1393,Customer_1393,User_1393,customer1393@example.com,01700001393,Chittagong,Bangladesh,Female,1995-11-11,2025-09-12,Active
1394,Customer_1394,User_1394,customer1394@example.com,01700001394,Sylhet,Bangladesh,Male,1996-02-02,2025-09-29,Active
1395,Customer_1395,User_1395,customer1395@example.com,01700001395,Rajshahi,Bangladesh,Female,1996-04-25,2025-10-16,Active
1396,Customer_1396,User_1396,customer1396@example.com,01700001396,Khulna,Bangladesh,Male,1996-07-17,2025-11-02,Active
1397,Customer_1397,User_1397,customer1397@example.com,01700001397,Barisal,Bangladesh,Female,1996-10-08,2025-11-19,Active
1398,Customer_1398,User_1398,customer1398@example.com,01700001398,Rangpur,Bangladesh,Male,1996-12-30,2025-12-06,Active
1399,Customer_1399,User_1399,customer1399@example.com,01700001399,Mymensingh,Bangladesh,Female,1997-03-23,2025-12-23,Active
1400,Customer_1400,User_1400,customer1400@example.com,01700001400,Dhaka,Bangladesh,Male,1997-06-14,2026-01-09,Inactive
1401,Customer_1401,User_1401,customer1401@example.com,01700001401,Chittagong,Bangladesh,Female,1997-09-05,2026-01-26,Active
1402,Customer_1402,User_1402,customer1402@example.com,01700001402,Sylhet,Bangladesh,Male,1997-11-27,2026-02-12,Active
1403,Customer_1403,User_1403,customer1403@example.com,01700001403,Rajshahi,Bangladesh,Female,1998-02-18,2026-03-01,Active
1404,Customer_1404,User_1404,customer1404@example.com,01700001404,Khulna,Bangladesh,Male,1998-05-12,2026-03-18,Active
1405,Customer_1405,User_1405,customer1405@example.com,01700001405,Barisal,Bangladesh,Female,1998-08-03,2026-04-04,Active
1406,Customer_1406,User_1406,customer1406@example.com,01700001406,Rangpur,Bangladesh,Male,1998-10-25,2026-04-21,Active
1407,Customer_1407,User_1407,customer1407@example.com,01700001407,Mymensingh,Bangladesh,Female,1999-01-16,2026-05-08,Active
1408,Customer_1408,User_1408,customer1408@example.com,01700001408,Dhaka,Bangladesh,Male,1999-04-09,2026-05-25,Active
1409,Customer_1409,User_1409,customer1409@example.com,01700001409,Chittagong,Bangladesh,Female,1999-07-01,2026-06-11,Active
1410,Customer_1410,User_1410,customer1410@example.com,01700001410,Sylhet,Bangladesh,Male,1999-09-22,2026-06-28,Inactive
1411,Customer_1411,User_1411,customer1411@example.com,01700001411,Rajshahi,Bangladesh,Female,1999-12-14,2026-07-15,Active
1412,Customer_1412,User_1412,customer1412@example.com,01700001412,Khulna,Bangladesh,Male,2000-03-06,2020-01-05,Active
1413,Customer_1413,User_1413,customer1413@example.com,01700001413,Barisal,Bangladesh,Female,2000-05-28,2020-01-22,Active
1414,Customer_1414,User_1414,customer1414@example.com,01700001414,Rangpur,Bangladesh,Male,2000-08-19,2020-02-08,Active
1415,Customer_1415,User_1415,customer1415@example.com,01700001415,Mymensingh,Bangladesh,Female,2000-11-10,2020-02-25,Active
1416,Customer_1416,User_1416,customer1416@example.com,01700001416,Dhaka,Bangladesh,Male,2001-02-01,2020-03-13,Active
1417,Customer_1417,User_1417,customer1417@example.com,01700001417,Chittagong,Bangladesh,Female,2001-04-25,2020-03-30,Active
1418,Customer_1418,User_1418,customer1418@example.com,01700001418,Sylhet,Bangladesh,Male,2001-07-17,2020-04-16,Active
1419,Customer_1419,User_1419,customer1419@example.com,01700001419,Rajshahi,Bangladesh,Female,2001-10-08,2020-05-03,Active
1420,Customer_1420,User_1420,customer1420@example.com,01700001420,Khulna,Bangladesh,Male,2001-12-30,2020-05-20,Inactive
1421,Customer_1421,User_1421,customer1421@example.com,01700001421,Barisal,Bangladesh,Female,2002-03-23,2020-06-06,Active
1422,Customer_1422,User_1422,customer1422@example.com,01700001422,Rangpur,Bangladesh,Male,2002-06-14,2020-06-23,Active
1423,Customer_1423,User_1423,customer1423@example.com,01700001423,Mymensingh,Bangladesh,Female,2002-09-05,2020-07-10,Active
1424,Customer_1424,User_1424,customer1424@example.com,01700001424,Dhaka,Bangladesh,Male,2002-11-27,2020-07-27,Active
1425,Customer_1425,User_1425,customer1425@example.com,01700001425,Chittagong,Bangladesh,Female,2003-02-18,2020-08-13,Active
1426,Customer_1426,User_1426,customer1426@example.com,01700001426,Sylhet,Bangladesh,Male,2003-05-12,2020-08-30,Active
1427,Customer_1427,User_1427,customer1427@example.com,01700001427,Rajshahi,Bangladesh,Female,2003-08-03,2020-09-16,Active
1428,Customer_1428,User_1428,customer1428@example.com,01700001428,Khulna,Bangladesh,Male,2003-10-25,2020-10-03,Active
1429,Customer_1429,User_1429,customer1429@example.com,01700001429,Barisal,Bangladesh,Female,2004-01-16,2020-10-20,Active
1430,Customer_1430,User_1430,customer1430@example.com,01700001430,Rangpur,Bangladesh,Male,2004-04-08,2020-11-06,Inactive
1431,Customer_1431,User_1431,customer1431@example.com,01700001431,Mymensingh,Bangladesh,Female,2004-06-30,2020-11-23,Active
1432,Customer_1432,User_1432,customer1432@example.com,01700001432,Dhaka,Bangladesh,Male,2004-09-21,2020-12-10,Active
1433,Customer_1433,User_1433,customer1433@example.com,01700001433,Chittagong,Bangladesh,Female,2004-12-13,2020-12-27,Active
1434,Customer_1434,User_1434,customer1434@example.com,01700001434,Sylhet,Bangladesh,Male,2005-03-06,2021-01-13,Active
1435,Customer_1435,User_1435,customer1435@example.com,01700001435,Rajshahi,Bangladesh,Female,2005-05-28,2021-01-30,Active
1436,Customer_1436,User_1436,customer1436@example.com,01700001436,Khulna,Bangladesh,Male,2005-08-19,2021-02-16,Active
1437,Customer_1437,User_1437,customer1437@example.com,01700001437,Barisal,Bangladesh,Female,2005-11-10,2021-03-05,Active
1438,Customer_1438,User_1438,customer1438@example.com,01700001438,Rangpur,Bangladesh,Male,2006-02-01,2021-03-22,Active
1439,Customer_1439,User_1439,customer1439@example.com,01700001439,Mymensingh,Bangladesh,Female,2006-04-25,2021-04-08,Active
1440,Customer_1440,User_1440,customer1440@example.com,01700001440,Dhaka,Bangladesh,Male,2006-07-17,2021-04-25,Inactive
1441,Customer_1441,User_1441,customer1441@example.com,01700001441,Chittagong,Bangladesh,Female,2006-10-08,2021-05-12,Active
1442,Customer_1442,User_1442,customer1442@example.com,01700001442,Sylhet,Bangladesh,Male,2006-12-30,2021-05-29,Active
1443,Customer_1443,User_1443,customer1443@example.com,01700001443,Rajshahi,Bangladesh,Female,2007-03-23,2021-06-15,Active
1444,Customer_1444,User_1444,customer1444@example.com,01700001444,Khulna,Bangladesh,Male,2007-06-14,2021-07-02,Active
1445,Customer_1445,User_1445,customer1445@example.com,01700001445,Barisal,Bangladesh,Female,2007-09-05,2021-07-19,Active
1446,Customer_1446,User_1446,customer1446@example.com,01700001446,Rangpur,Bangladesh,Male,1975-01-19,2021-08-05,Active
1447,Customer_1447,User_1447,customer1447@example.com,01700001447,Mymensingh,Bangladesh,Female,1975-04-12,2021-08-22,Active
1448,Customer_1448,User_1448,customer1448@example.com,01700001448,Dhaka,Bangladesh,Male,1975-07-04,2021-09-08,Active
1449,Customer_1449,User_1449,customer1449@example.com,01700001449,Chittagong,Bangladesh,Female,1975-09-25,2021-09-25,Active
1450,Customer_1450,User_1450,customer1450@example.com,01700001450,Sylhet,Bangladesh,Male,1975-12-17,2021-10-12,Inactive
1451,Customer_1451,User_1451,customer1451@example.com,01700001451,Rajshahi,Bangladesh,Female,1976-03-09,2021-10-29,Active
1452,Customer_1452,User_1452,customer1452@example.com,01700001452,Khulna,Bangladesh,Male,1976-05-31,2021-11-15,Active
1453,Customer_1453,User_1453,customer1453@example.com,01700001453,Barisal,Bangladesh,Female,1976-08-22,2021-12-02,Active
1454,Customer_1454,User_1454,customer1454@example.com,01700001454,Rangpur,Bangladesh,Male,1976-11-13,2021-12-19,Active
1455,Customer_1455,User_1455,customer1455@example.com,01700001455,Mymensingh,Bangladesh,Female,1977-02-04,2022-01-05,Active
1456,Customer_1456,User_1456,customer1456@example.com,01700001456,Dhaka,Bangladesh,Male,1977-04-28,2022-01-22,Active
1457,Customer_1457,User_1457,customer1457@example.com,01700001457,Chittagong,Bangladesh,Female,1977-07-20,2022-02-08,Active
1458,Customer_1458,User_1458,customer1458@example.com,01700001458,Sylhet,Bangladesh,Male,1977-10-11,2022-02-25,Active
1459,Customer_1459,User_1459,customer1459@example.com,01700001459,Rajshahi,Bangladesh,Female,1978-01-02,2022-03-14,Active
1460,Customer_1460,User_1460,customer1460@example.com,01700001460,Khulna,Bangladesh,Male,1978-03-26,2022-03-31,Inactive
1461,Customer_1461,User_1461,customer1461@example.com,01700001461,Barisal,Bangladesh,Female,1978-06-17,2022-04-17,Active
1462,Customer_1462,User_1462,customer1462@example.com,01700001462,Rangpur,Bangladesh,Male,1978-09-08,2022-05-04,Active
1463,Customer_1463,User_1463,customer1463@example.com,01700001463,Mymensingh,Bangladesh,Female,1978-11-30,2022-05-21,Active
1464,Customer_1464,User_1464,customer1464@example.com,01700001464,Dhaka,Bangladesh,Male,1979-02-21,2022-06-07,Active
1465,Customer_1465,User_1465,customer1465@example.com,01700001465,Chittagong,Bangladesh,Female,1979-05-15,2022-06-24,Active
1466,Customer_1466,User_1466,customer1466@example.com,01700001466,Sylhet,Bangladesh,Male,1979-08-06,2022-07-11,Active
1467,Customer_1467,User_1467,customer1467@example.com,01700001467,Rajshahi,Bangladesh,Female,1979-10-28,2022-07-28,Active
1468,Customer_1468,User_1468,customer1468@example.com,01700001468,Khulna,Bangladesh,Male,1980-01-19,2022-08-14,Active
1469,Customer_1469,User_1469,customer1469@example.com,01700001469,Barisal,Bangladesh,Female,1980-04-11,2022-08-31,Active
1470,Customer_1470,User_1470,customer1470@example.com,01700001470,Rangpur,Bangladesh,Male,1980-07-03,2022-09-17,Inactive
1471,Customer_1471,User_1471,customer1471@example.com,01700001471,Mymensingh,Bangladesh,Female,1980-09-24,2022-10-04,Active
1472,Customer_1472,User_1472,customer1472@example.com,01700001472,Dhaka,Bangladesh,Male,1980-12-16,2022-10-21,Active
1473,Customer_1473,User_1473,customer1473@example.com,01700001473,Chittagong,Bangladesh,Female,1981-03-09,2022-11-07,Active
1474,Customer_1474,User_1474,customer1474@example.com,01700001474,Sylhet,Bangladesh,Male,1981-05-31,2022-11-24,Active
1475,Customer_1475,User_1475,customer1475@example.com,01700001475,Rajshahi,Bangladesh,Female,1981-08-22,2022-12-11,Active
1476,Customer_1476,User_1476,customer1476@example.com,01700001476,Khulna,Bangladesh,Male,1981-11-13,2022-12-28,Active
1477,Customer_1477,User_1477,customer1477@example.com,01700001477,Barisal,Bangladesh,Female,1982-02-04,2023-01-14,Active
1478,Customer_1478,User_1478,customer1478@example.com,01700001478,Rangpur,Bangladesh,Male,1982-04-28,2023-01-31,Active
1479,Customer_1479,User_1479,customer1479@example.com,01700001479,Mymensingh,Bangladesh,Female,1982-07-20,2023-02-17,Active
1480,Customer_1480,User_1480,customer1480@example.com,01700001480,Dhaka,Bangladesh,Male,1982-10-11,2023-03-06,Inactive
1481,Customer_1481,User_1481,customer1481@example.com,01700001481,Chittagong,Bangladesh,Female,1983-01-02,2023-03-23,Active
1482,Customer_1482,User_1482,customer1482@example.com,01700001482,Sylhet,Bangladesh,Male,1983-03-26,2023-04-09,Active
1483,Customer_1483,User_1483,customer1483@example.com,01700001483,Rajshahi,Bangladesh,Female,1983-06-17,2023-04-26,Active
1484,Customer_1484,User_1484,customer1484@example.com,01700001484,Khulna,Bangladesh,Male,1983-09-08,2023-05-13,Active
1485,Customer_1485,User_1485,customer1485@example.com,01700001485,Barisal,Bangladesh,Female,1983-11-30,2023-05-30,Active
1486,Customer_1486,User_1486,customer1486@example.com,01700001486,Rangpur,Bangladesh,Male,1984-02-21,2023-06-16,Active
1487,Customer_1487,User_1487,customer1487@example.com,01700001487,Mymensingh,Bangladesh,Female,1984-05-14,2023-07-03,Active
1488,Customer_1488,User_1488,customer1488@example.com,01700001488,Dhaka,Bangladesh,Male,1984-08-05,2023-07-20,Active
1489,Customer_1489,User_1489,customer1489@example.com,01700001489,Chittagong,Bangladesh,Female,1984-10-27,2023-08-06,Active
1490,Customer_1490,User_1490,customer1490@example.com,01700001490,Sylhet,Bangladesh,Male,1985-01-18,2023-08-23,Inactive
1491,Customer_1491,User_1491,customer1491@example.com,01700001491,Rajshahi,Bangladesh,Female,1985-04-11,2023-09-09,Active
1492,Customer_1492,User_1492,customer1492@example.com,01700001492,Khulna,Bangladesh,Male,1985-07-03,2023-09-26,Active
1493,Customer_1493,User_1493,customer1493@example.com,01700001493,Barisal,Bangladesh,Female,1985-09-24,2023-10-13,Active
1494,Customer_1494,User_1494,customer1494@example.com,01700001494,Rangpur,Bangladesh,Male,1985-12-16,2023-10-30,Active
1495,Customer_1495,User_1495,customer1495@example.com,01700001495,Mymensingh,Bangladesh,Female,1986-03-09,2023-11-16,Active
1496,Customer_1496,User_1496,customer1496@example.com,01700001496,Dhaka,Bangladesh,Male,1986-05-31,2023-12-03,Active
1497,Customer_1497,User_1497,customer1497@example.com,01700001497,Chittagong,Bangladesh,Female,1986-08-22,2023-12-20,Active
1498,Customer_1498,User_1498,customer1498@example.com,01700001498,Sylhet,Bangladesh,Male,1986-11-13,2024-01-06,Active
1499,Customer_1499,User_1499,customer1499@example.com,01700001499,Rajshahi,Bangladesh,Female,1987-02-04,2024-01-23,Active
1500,Customer_1500,User_1500,customer1500@example.com,01700001500,Khulna,Bangladesh,Male,1987-04-28,2024-02-09,Inactive
1501,Customer_1501,User_1501,customer1501@example.com,01700001501,Barisal,Bangladesh,Female,1987-07-20,2024-02-26,Active
1502,Customer_1502,User_1502,customer1502@example.com,01700001502,Rangpur,Bangladesh,Male,1987-10-11,2024-03-14,Active
1503,Customer_1503,User_1503,customer1503@example.com,01700001503,Mymensingh,Bangladesh,Female,1988-01-02,2024-03-31,Active
1504,Customer_1504,User_1504,customer1504@example.com,01700001504,Dhaka,Bangladesh,Male,1988-03-25,2024-04-17,Active
1505,Customer_1505,User_1505,customer1505@example.com,01700001505,Chittagong,Bangladesh,Female,1988-06-16,2024-05-04,Active
1506,Customer_1506,User_1506,customer1506@example.com,01700001506,Sylhet,Bangladesh,Male,1988-09-07,2024-05-21,Active
1507,Customer_1507,User_1507,customer1507@example.com,01700001507,Rajshahi,Bangladesh,Female,1988-11-29,2024-06-07,Active
1508,Customer_1508,User_1508,customer1508@example.com,01700001508,Khulna,Bangladesh,Male,1989-02-20,2024-06-24,Active
1509,Customer_1509,User_1509,customer1509@example.com,01700001509,Barisal,Bangladesh,Female,1989-05-14,2024-07-11,Active
1510,Customer_1510,User_1510,customer1510@example.com,01700001510,Rangpur,Bangladesh,Male,1989-08-05,2024-07-28,Inactive
1511,Customer_1511,User_1511,customer1511@example.com,01700001511,Mymensingh,Bangladesh,Female,1989-10-27,2024-08-14,Active
1512,Customer_1512,User_1512,customer1512@example.com,01700001512,Dhaka,Bangladesh,Male,1990-01-18,2024-08-31,Active
1513,Customer_1513,User_1513,customer1513@example.com,01700001513,Chittagong,Bangladesh,Female,1990-04-11,2024-09-17,Active
1514,Customer_1514,User_1514,customer1514@example.com,01700001514,Sylhet,Bangladesh,Male,1990-07-03,2024-10-04,Active
1515,Customer_1515,User_1515,customer1515@example.com,01700001515,Rajshahi,Bangladesh,Female,1990-09-24,2024-10-21,Active
1516,Customer_1516,User_1516,customer1516@example.com,01700001516,Khulna,Bangladesh,Male,1990-12-16,2024-11-07,Active
1517,Customer_1517,User_1517,customer1517@example.com,01700001517,Barisal,Bangladesh,Female,1991-03-09,2024-11-24,Active
1518,Customer_1518,User_1518,customer1518@example.com,01700001518,Rangpur,Bangladesh,Male,1991-05-31,2024-12-11,Active
1519,Customer_1519,User_1519,customer1519@example.com,01700001519,Mymensingh,Bangladesh,Female,1991-08-22,2024-12-28,Active
1520,Customer_1520,User_1520,customer1520@example.com,01700001520,Dhaka,Bangladesh,Male,1991-11-13,2025-01-14,Inactive
1521,Customer_1521,User_1521,customer1521@example.com,01700001521,Chittagong,Bangladesh,Female,1992-02-04,2025-01-31,Active
1522,Customer_1522,User_1522,customer1522@example.com,01700001522,Sylhet,Bangladesh,Male,1992-04-27,2025-02-17,Active
1523,Customer_1523,User_1523,customer1523@example.com,01700001523,Rajshahi,Bangladesh,Female,1992-07-19,2025-03-06,Active
1524,Customer_1524,User_1524,customer1524@example.com,01700001524,Khulna,Bangladesh,Male,1992-10-10,2025-03-23,Active
1525,Customer_1525,User_1525,customer1525@example.com,01700001525,Barisal,Bangladesh,Female,1993-01-01,2025-04-09,Active
1526,Customer_1526,User_1526,customer1526@example.com,01700001526,Rangpur,Bangladesh,Male,1993-03-25,2025-04-26,Active
1527,Customer_1527,User_1527,customer1527@example.com,01700001527,Mymensingh,Bangladesh,Female,1993-06-16,2025-05-13,Active
1528,Customer_1528,User_1528,customer1528@example.com,01700001528,Dhaka,Bangladesh,Male,1993-09-07,2025-05-30,Active
1529,Customer_1529,User_1529,customer1529@example.com,01700001529,Chittagong,Bangladesh,Female,1993-11-29,2025-06-16,Active
1530,Customer_1530,User_1530,customer1530@example.com,01700001530,Sylhet,Bangladesh,Male,1994-02-20,2025-07-03,Inactive
1531,Customer_1531,User_1531,customer1531@example.com,01700001531,Rajshahi,Bangladesh,Female,1994-05-14,2025-07-20,Active
1532,Customer_1532,User_1532,customer1532@example.com,01700001532,Khulna,Bangladesh,Male,1994-08-05,2025-08-06,Active
1533,Customer_1533,User_1533,customer1533@example.com,01700001533,Barisal,Bangladesh,Female,1994-10-27,2025-08-23,Active
1534,Customer_1534,User_1534,customer1534@example.com,01700001534,Rangpur,Bangladesh,Male,1995-01-18,2025-09-09,Active
1535,Customer_1535,User_1535,customer1535@example.com,01700001535,Mymensingh,Bangladesh,Female,1995-04-11,2025-09-26,Active
1536,Customer_1536,User_1536,customer1536@example.com,01700001536,Dhaka,Bangladesh,Male,1995-07-03,2025-10-13,Active
1537,Customer_1537,User_1537,customer1537@example.com,01700001537,Chittagong,Bangladesh,Female,1995-09-24,2025-10-30,Active
1538,Customer_1538,User_1538,customer1538@example.com,01700001538,Sylhet,Bangladesh,Male,1995-12-16,2025-11-16,Active
1539,Customer_1539,User_1539,customer1539@example.com,01700001539,Rajshahi,Bangladesh,Female,1996-03-08,2025-12-03,Active
1540,Customer_1540,User_1540,customer1540@example.com,01700001540,Khulna,Bangladesh,Male,1996-05-30,2025-12-20,Inactive
1541,Customer_1541,User_1541,customer1541@example.com,01700001541,Barisal,Bangladesh,Female,1996-08-21,2026-01-06,Active
1542,Customer_1542,User_1542,customer1542@example.com,01700001542,Rangpur,Bangladesh,Male,1996-11-12,2026-01-23,Active
1543,Customer_1543,User_1543,customer1543@example.com,01700001543,Mymensingh,Bangladesh,Female,1997-02-03,2026-02-09,Active
1544,Customer_1544,User_1544,customer1544@example.com,01700001544,Dhaka,Bangladesh,Male,1997-04-27,2026-02-26,Active
1545,Customer_1545,User_1545,customer1545@example.com,01700001545,Chittagong,Bangladesh,Female,1997-07-19,2026-03-15,Active
1546,Customer_1546,User_1546,customer1546@example.com,01700001546,Sylhet,Bangladesh,Male,1997-10-10,2026-04-01,Active
1547,Customer_1547,User_1547,customer1547@example.com,01700001547,Rajshahi,Bangladesh,Female,1998-01-01,2026-04-18,Active
1548,Customer_1548,User_1548,customer1548@example.com,01700001548,Khulna,Bangladesh,Male,1998-03-25,2026-05-05,Active
1549,Customer_1549,User_1549,customer1549@example.com,01700001549,Barisal,Bangladesh,Female,1998-06-16,2026-05-22,Active
1550,Customer_1550,User_1550,customer1550@example.com,01700001550,Rangpur,Bangladesh,Male,1998-09-07,2026-06-08,Inactive
1551,Customer_1551,User_1551,customer1551@example.com,01700001551,Mymensingh,Bangladesh,Female,1998-11-29,2026-06-25,Active
1552,Customer_1552,User_1552,customer1552@example.com,01700001552,Dhaka,Bangladesh,Male,1999-02-20,2026-07-12,Active
1553,Customer_1553,User_1553,customer1553@example.com,01700001553,Chittagong,Bangladesh,Female,1999-05-14,2020-01-02,Active
1554,Customer_1554,User_1554,customer1554@example.com,01700001554,Sylhet,Bangladesh,Male,1999-08-05,2020-01-19,Active
1555,Customer_1555,User_1555,customer1555@example.com,01700001555,Rajshahi,Bangladesh,Female,1999-10-27,2020-02-05,Active
1556,Customer_1556,User_1556,customer1556@example.com,01700001556,Khulna,Bangladesh,Male,2000-01-18,2020-02-22,Active
1557,Customer_1557,User_1557,customer1557@example.com,01700001557,Barisal,Bangladesh,Female,2000-04-10,2020-03-10,Active
1558,Customer_1558,User_1558,customer1558@example.com,01700001558,Rangpur,Bangladesh,Male,2000-07-02,2020-03-27,Active
1559,Customer_1559,User_1559,customer1559@example.com,01700001559,Mymensingh,Bangladesh,Female,2000-09-23,2020-04-13,Active
1560,Customer_1560,User_1560,customer1560@example.com,01700001560,Dhaka,Bangladesh,Male,2000-12-15,2020-04-30,Inactive
1561,Customer_1561,User_1561,customer1561@example.com,01700001561,Chittagong,Bangladesh,Female,2001-03-08,2020-05-17,Active
1562,Customer_1562,User_1562,customer1562@example.com,01700001562,Sylhet,Bangladesh,Male,2001-05-30,2020-06-03,Active
1563,Customer_1563,User_1563,customer1563@example.com,01700001563,Rajshahi,Bangladesh,Female,2001-08-21,2020-06-20,Active
1564,Customer_1564,User_1564,customer1564@example.com,01700001564,Khulna,Bangladesh,Male,2001-11-12,2020-07-07,Active
1565,Customer_1565,User_1565,customer1565@example.com,01700001565,Barisal,Bangladesh,Female,2002-02-03,2020-07-24,Active
1566,Customer_1566,User_1566,customer1566@example.com,01700001566,Rangpur,Bangladesh,Male,2002-04-27,2020-08-10,Active
1567,Customer_1567,User_1567,customer1567@example.com,01700001567,Mymensingh,Bangladesh,Female,2002-07-19,2020-08-27,Active
1568,Customer_1568,User_1568,customer1568@example.com,01700001568,Dhaka,Bangladesh,Male,2002-10-10,2020-09-13,Active
1569,Customer_1569,User_1569,customer1569@example.com,01700001569,Chittagong,Bangladesh,Female,2003-01-01,2020-09-30,Active
1570,Customer_1570,User_1570,customer1570@example.com,01700001570,Sylhet,Bangladesh,Male,2003-03-25,2020-10-17,Inactive
1571,Customer_1571,User_1571,customer1571@example.com,01700001571,Rajshahi,Bangladesh,Female,2003-06-16,2020-11-03,Active
1572,Customer_1572,User_1572,customer1572@example.com,01700001572,Khulna,Bangladesh,Male,2003-09-07,2020-11-20,Active
1573,Customer_1573,User_1573,customer1573@example.com,01700001573,Barisal,Bangladesh,Female,2003-11-29,2020-12-07,Active
1574,Customer_1574,User_1574,customer1574@example.com,01700001574,Rangpur,Bangladesh,Male,2004-02-20,2020-12-24,Active
1575,Customer_1575,User_1575,customer1575@example.com,01700001575,Mymensingh,Bangladesh,Female,2004-05-13,2021-01-10,Active
1576,Customer_1576,User_1576,customer1576@example.com,01700001576,Dhaka,Bangladesh,Male,2004-08-04,2021-01-27,Active
1577,Customer_1577,User_1577,customer1577@example.com,01700001577,Chittagong,Bangladesh,Female,2004-10-26,2021-02-13,Active
1578,Customer_1578,User_1578,customer1578@example.com,01700001578,Sylhet,Bangladesh,Male,2005-01-17,2021-03-02,Active
1579,Customer_1579,User_1579,customer1579@example.com,01700001579,Rajshahi,Bangladesh,Female,2005-04-10,2021-03-19,Active
1580,Customer_1580,User_1580,customer1580@example.com,01700001580,Khulna,Bangladesh,Male,2005-07-02,2021-04-05,Inactive
1581,Customer_1581,User_1581,customer1581@example.com,01700001581,Barisal,Bangladesh,Female,2005-09-23,2021-04-22,Active
1582,Customer_1582,User_1582,customer1582@example.com,01700001582,Rangpur,Bangladesh,Male,2005-12-15,2021-05-09,Active
1583,Customer_1583,User_1583,customer1583@example.com,01700001583,Mymensingh,Bangladesh,Female,2006-03-08,2021-05-26,Active
1584,Customer_1584,User_1584,customer1584@example.com,01700001584,Dhaka,Bangladesh,Male,2006-05-30,2021-06-12,Active
1585,Customer_1585,User_1585,customer1585@example.com,01700001585,Chittagong,Bangladesh,Female,2006-08-21,2021-06-29,Active
1586,Customer_1586,User_1586,customer1586@example.com,01700001586,Sylhet,Bangladesh,Male,2006-11-12,2021-07-16,Active
1587,Customer_1587,User_1587,customer1587@example.com,01700001587,Rajshahi,Bangladesh,Female,2007-02-03,2021-08-02,Active
1588,Customer_1588,User_1588,customer1588@example.com,01700001588,Khulna,Bangladesh,Male,2007-04-27,2021-08-19,Active
1589,Customer_1589,User_1589,customer1589@example.com,01700001589,Barisal,Bangladesh,Female,2007-07-19,2021-09-05,Active
1590,Customer_1590,User_1590,customer1590@example.com,01700001590,Rangpur,Bangladesh,Male,2007-10-10,2021-09-22,Inactive
1591,Customer_1591,User_1591,customer1591@example.com,01700001591,Mymensingh,Bangladesh,Female,1975-02-23,2021-10-09,Active
1592,Customer_1592,User_1592,customer1592@example.com,01700001592,Dhaka,Bangladesh,Male,1975-05-17,2021-10-26,Active
1593,Customer_1593,User_1593,customer1593@example.com,01700001593,Chittagong,Bangladesh,Female,1975-08-08,2021-11-12,Active
1594,Customer_1594,User_1594,customer1594@example.com,01700001594,Sylhet,Bangladesh,Male,1975-10-30,2021-11-29,Active
1595,Customer_1595,User_1595,customer1595@example.com,01700001595,Rajshahi,Bangladesh,Female,1976-01-21,2021-12-16,Active
1596,Customer_1596,User_1596,customer1596@example.com,01700001596,Khulna,Bangladesh,Male,1976-04-13,2022-01-02,Active
1597,Customer_1597,User_1597,customer1597@example.com,01700001597,Barisal,Bangladesh,Female,1976-07-05,2022-01-19,Active
1598,Customer_1598,User_1598,customer1598@example.com,01700001598,Rangpur,Bangladesh,Male,1976-09-26,2022-02-05,Active
1599,Customer_1599,User_1599,customer1599@example.com,01700001599,Mymensingh,Bangladesh,Female,1976-12-18,2022-02-22,Active
1600,Customer_1600,User_1600,customer1600@example.com,01700001600,Dhaka,Bangladesh,Male,1977-03-11,2022-03-11,Inactive
1601,Customer_1601,User_1601,customer1601@example.com,01700001601,Chittagong,Bangladesh,Female,1977-06-02,2022-03-28,Active
1602,Customer_1602,User_1602,customer1602@example.com,01700001602,Sylhet,Bangladesh,Male,1977-08-24,2022-04-14,Active
1603,Customer_1603,User_1603,customer1603@example.com,01700001603,Rajshahi,Bangladesh,Female,1977-11-15,2022-05-01,Active
1604,Customer_1604,User_1604,customer1604@example.com,01700001604,Khulna,Bangladesh,Male,1978-02-06,2022-05-18,Active
1605,Customer_1605,User_1605,customer1605@example.com,01700001605,Barisal,Bangladesh,Female,1978-04-30,2022-06-04,Active
1606,Customer_1606,User_1606,customer1606@example.com,01700001606,Rangpur,Bangladesh,Male,1978-07-22,2022-06-21,Active
1607,Customer_1607,User_1607,customer1607@example.com,01700001607,Mymensingh,Bangladesh,Female,1978-10-13,2022-07-08,Active
1608,Customer_1608,User_1608,customer1608@example.com,01700001608,Dhaka,Bangladesh,Male,1979-01-04,2022-07-25,Active
1609,Customer_1609,User_1609,customer1609@example.com,01700001609,Chittagong,Bangladesh,Female,1979-03-28,2022-08-11,Active
1610,Customer_1610,User_1610,customer1610@example.com,01700001610,Sylhet,Bangladesh,Male,1979-06-19,2022-08-28,Inactive
1611,Customer_1611,User_1611,customer1611@example.com,01700001611,Rajshahi,Bangladesh,Female,1979-09-10,2022-09-14,Active
1612,Customer_1612,User_1612,customer1612@example.com,01700001612,Khulna,Bangladesh,Male,1979-12-02,2022-10-01,Active
1613,Customer_1613,User_1613,customer1613@example.com,01700001613,Barisal,Bangladesh,Female,1980-02-23,2022-10-18,Active
1614,Customer_1614,User_1614,customer1614@example.com,01700001614,Rangpur,Bangladesh,Male,1980-05-16,2022-11-04,Active
1615,Customer_1615,User_1615,customer1615@example.com,01700001615,Mymensingh,Bangladesh,Female,1980-08-07,2022-11-21,Active
1616,Customer_1616,User_1616,customer1616@example.com,01700001616,Dhaka,Bangladesh,Male,1980-10-29,2022-12-08,Active
1617,Customer_1617,User_1617,customer1617@example.com,01700001617,Chittagong,Bangladesh,Female,1981-01-20,2022-12-25,Active
1618,Customer_1618,User_1618,customer1618@example.com,01700001618,Sylhet,Bangladesh,Male,1981-04-13,2023-01-11,Active
1619,Customer_1619,User_1619,customer1619@example.com,01700001619,Rajshahi,Bangladesh,Female,1981-07-05,2023-01-28,Active
1620,Customer_1620,User_1620,customer1620@example.com,01700001620,Khulna,Bangladesh,Male,1981-09-26,2023-02-14,Inactive
1621,Customer_1621,User_1621,customer1621@example.com,01700001621,Barisal,Bangladesh,Female,1981-12-18,2023-03-03,Active
1622,Customer_1622,User_1622,customer1622@example.com,01700001622,Rangpur,Bangladesh,Male,1982-03-11,2023-03-20,Active
1623,Customer_1623,User_1623,customer1623@example.com,01700001623,Mymensingh,Bangladesh,Female,1982-06-02,2023-04-06,Active
1624,Customer_1624,User_1624,customer1624@example.com,01700001624,Dhaka,Bangladesh,Male,1982-08-24,2023-04-23,Active
1625,Customer_1625,User_1625,customer1625@example.com,01700001625,Chittagong,Bangladesh,Female,1982-11-15,2023-05-10,Active
1626,Customer_1626,User_1626,customer1626@example.com,01700001626,Sylhet,Bangladesh,Male,1983-02-06,2023-05-27,Active
1627,Customer_1627,User_1627,customer1627@example.com,01700001627,Rajshahi,Bangladesh,Female,1983-04-30,2023-06-13,Active
1628,Customer_1628,User_1628,customer1628@example.com,01700001628,Khulna,Bangladesh,Male,1983-07-22,2023-06-30,Active
1629,Customer_1629,User_1629,customer1629@example.com,01700001629,Barisal,Bangladesh,Female,1983-10-13,2023-07-17,Active
1630,Customer_1630,User_1630,customer1630@example.com,01700001630,Rangpur,Bangladesh,Male,1984-01-04,2023-08-03,Inactive
1631,Customer_1631,User_1631,customer1631@example.com,01700001631,Mymensingh,Bangladesh,Female,1984-03-27,2023-08-20,Active
1632,Customer_1632,User_1632,customer1632@example.com,01700001632,Dhaka,Bangladesh,Male,1984-06-18,2023-09-06,Active
1633,Customer_1633,User_1633,customer1633@example.com,01700001633,Chittagong,Bangladesh,Female,1984-09-09,2023-09-23,Active
1634,Customer_1634,User_1634,customer1634@example.com,01700001634,Sylhet,Bangladesh,Male,1984-12-01,2023-10-10,Active
1635,Customer_1635,User_1635,customer1635@example.com,01700001635,Rajshahi,Bangladesh,Female,1985-02-22,2023-10-27,Active
1636,Customer_1636,User_1636,customer1636@example.com,01700001636,Khulna,Bangladesh,Male,1985-05-16,2023-11-13,Active
1637,Customer_1637,User_1637,customer1637@example.com,01700001637,Barisal,Bangladesh,Female,1985-08-07,2023-11-30,Active
1638,Customer_1638,User_1638,customer1638@example.com,01700001638,Rangpur,Bangladesh,Male,1985-10-29,2023-12-17,Active
1639,Customer_1639,User_1639,customer1639@example.com,01700001639,Mymensingh,Bangladesh,Female,1986-01-20,2024-01-03,Active
1640,Customer_1640,User_1640,customer1640@example.com,01700001640,Dhaka,Bangladesh,Male,1986-04-13,2024-01-20,Inactive
1641,Customer_1641,User_1641,customer1641@example.com,01700001641,Chittagong,Bangladesh,Female,1986-07-05,2024-02-06,Active
1642,Customer_1642,User_1642,customer1642@example.com,01700001642,Sylhet,Bangladesh,Male,1986-09-26,2024-02-23,Active
1643,Customer_1643,User_1643,customer1643@example.com,01700001643,Rajshahi,Bangladesh,Female,1986-12-18,2024-03-11,Active
1644,Customer_1644,User_1644,customer1644@example.com,01700001644,Khulna,Bangladesh,Male,1987-03-11,2024-03-28,Active
1645,Customer_1645,User_1645,customer1645@example.com,01700001645,Barisal,Bangladesh,Female,1987-06-02,2024-04-14,Active
1646,Customer_1646,User_1646,customer1646@example.com,01700001646,Rangpur,Bangladesh,Male,1987-08-24,2024-05-01,Active
1647,Customer_1647,User_1647,customer1647@example.com,01700001647,Mymensingh,Bangladesh,Female,1987-11-15,2024-05-18,Active
1648,Customer_1648,User_1648,customer1648@example.com,01700001648,Dhaka,Bangladesh,Male,1988-02-06,2024-06-04,Active
1649,Customer_1649,User_1649,customer1649@example.com,01700001649,Chittagong,Bangladesh,Female,1988-04-29,2024-06-21,Active
1650,Customer_1650,User_1650,customer1650@example.com,01700001650,Sylhet,Bangladesh,Male,1988-07-21,2024-07-08,Inactive
1651,Customer_1651,User_1651,customer1651@example.com,01700001651,Rajshahi,Bangladesh,Female,1988-10-12,2024-07-25,Active
1652,Customer_1652,User_1652,customer1652@example.com,01700001652,Khulna,Bangladesh,Male,1989-01-03,2024-08-11,Active
1653,Customer_1653,User_1653,customer1653@example.com,01700001653,Barisal,Bangladesh,Female,1989-03-27,2024-08-28,Active
1654,Customer_1654,User_1654,customer1654@example.com,01700001654,Rangpur,Bangladesh,Male,1989-06-18,2024-09-14,Active
1655,Customer_1655,User_1655,customer1655@example.com,01700001655,Mymensingh,Bangladesh,Female,1989-09-09,2024-10-01,Active
1656,Customer_1656,User_1656,customer1656@example.com,01700001656,Dhaka,Bangladesh,Male,1989-12-01,2024-10-18,Active
1657,Customer_1657,User_1657,customer1657@example.com,01700001657,Chittagong,Bangladesh,Female,1990-02-22,2024-11-04,Active
1658,Customer_1658,User_1658,customer1658@example.com,01700001658,Sylhet,Bangladesh,Male,1990-05-16,2024-11-21,Active
1659,Customer_1659,User_1659,customer1659@example.com,01700001659,Rajshahi,Bangladesh,Female,1990-08-07,2024-12-08,Active
1660,Customer_1660,User_1660,customer1660@example.com,01700001660,Khulna,Bangladesh,Male,1990-10-29,2024-12-25,Inactive
1661,Customer_1661,User_1661,customer1661@example.com,01700001661,Barisal,Bangladesh,Female,1991-01-20,2025-01-11,Active
1662,Customer_1662,User_1662,customer1662@example.com,01700001662,Rangpur,Bangladesh,Male,1991-04-13,2025-01-28,Active
1663,Customer_1663,User_1663,customer1663@example.com,01700001663,Mymensingh,Bangladesh,Female,1991-07-05,2025-02-14,Active
1664,Customer_1664,User_1664,customer1664@example.com,01700001664,Dhaka,Bangladesh,Male,1991-09-26,2025-03-03,Active
1665,Customer_1665,User_1665,customer1665@example.com,01700001665,Chittagong,Bangladesh,Female,1991-12-18,2025-03-20,Active
1666,Customer_1666,User_1666,customer1666@example.com,01700001666,Sylhet,Bangladesh,Male,1992-03-10,2025-04-06,Active
1667,Customer_1667,User_1667,customer1667@example.com,01700001667,Rajshahi,Bangladesh,Female,1992-06-01,2025-04-23,Active
1668,Customer_1668,User_1668,customer1668@example.com,01700001668,Khulna,Bangladesh,Male,1992-08-23,2025-05-10,Active
1669,Customer_1669,User_1669,customer1669@example.com,01700001669,Barisal,Bangladesh,Female,1992-11-14,2025-05-27,Active
1670,Customer_1670,User_1670,customer1670@example.com,01700001670,Rangpur,Bangladesh,Male,1993-02-05,2025-06-13,Inactive
1671,Customer_1671,User_1671,customer1671@example.com,01700001671,Mymensingh,Bangladesh,Female,1993-04-29,2025-06-30,Active
1672,Customer_1672,User_1672,customer1672@example.com,01700001672,Dhaka,Bangladesh,Male,1993-07-21,2025-07-17,Active
1673,Customer_1673,User_1673,customer1673@example.com,01700001673,Chittagong,Bangladesh,Female,1993-10-12,2025-08-03,Active
1674,Customer_1674,User_1674,customer1674@example.com,01700001674,Sylhet,Bangladesh,Male,1994-01-03,2025-08-20,Active
1675,Customer_1675,User_1675,customer1675@example.com,01700001675,Rajshahi,Bangladesh,Female,1994-03-27,2025-09-06,Active
1676,Customer_1676,User_1676,customer1676@example.com,01700001676,Khulna,Bangladesh,Male,1994-06-18,2025-09-23,Active
1677,Customer_1677,User_1677,customer1677@example.com,01700001677,Barisal,Bangladesh,Female,1994-09-09,2025-10-10,Active
1678,Customer_1678,User_1678,customer1678@example.com,01700001678,Rangpur,Bangladesh,Male,1994-12-01,2025-10-27,Active
1679,Customer_1679,User_1679,customer1679@example.com,01700001679,Mymensingh,Bangladesh,Female,1995-02-22,2025-11-13,Active
1680,Customer_1680,User_1680,customer1680@example.com,01700001680,Dhaka,Bangladesh,Male,1995-05-16,2025-11-30,Inactive
1681,Customer_1681,User_1681,customer1681@example.com,01700001681,Chittagong,Bangladesh,Female,1995-08-07,2025-12-17,Active
1682,Customer_1682,User_1682,customer1682@example.com,01700001682,Sylhet,Bangladesh,Male,1995-10-29,2026-01-03,Active
1683,Customer_1683,User_1683,customer1683@example.com,01700001683,Rajshahi,Bangladesh,Female,1996-01-20,2026-01-20,Active
1684,Customer_1684,User_1684,customer1684@example.com,01700001684,Khulna,Bangladesh,Male,1996-04-12,2026-02-06,Active
1685,Customer_1685,User_1685,customer1685@example.com,01700001685,Barisal,Bangladesh,Female,1996-07-04,2026-02-23,Active
1686,Customer_1686,User_1686,customer1686@example.com,01700001686,Rangpur,Bangladesh,Male,1996-09-25,2026-03-12,Active
1687,Customer_1687,User_1687,customer1687@example.com,01700001687,Mymensingh,Bangladesh,Female,1996-12-17,2026-03-29,Active
1688,Customer_1688,User_1688,customer1688@example.com,01700001688,Dhaka,Bangladesh,Male,1997-03-10,2026-04-15,Active
1689,Customer_1689,User_1689,customer1689@example.com,01700001689,Chittagong,Bangladesh,Female,1997-06-01,2026-05-02,Active
1690,Customer_1690,User_1690,customer1690@example.com,01700001690,Sylhet,Bangladesh,Male,1997-08-23,2026-05-19,Inactive
1691,Customer_1691,User_1691,customer1691@example.com,01700001691,Rajshahi,Bangladesh,Female,1997-11-14,2026-06-05,Active
1692,Customer_1692,User_1692,customer1692@example.com,01700001692,Khulna,Bangladesh,Male,1998-02-05,2026-06-22,Active
1693,Customer_1693,User_1693,customer1693@example.com,01700001693,Barisal,Bangladesh,Female,1998-04-29,2026-07-09,Active
1694,Customer_1694,User_1694,customer1694@example.com,01700001694,Rangpur,Bangladesh,Male,1998-07-21,2026-07-26,Active
1695,Customer_1695,User_1695,customer1695@example.com,01700001695,Mymensingh,Bangladesh,Female,1998-10-12,2020-01-16,Active
1696,Customer_1696,User_1696,customer1696@example.com,01700001696,Dhaka,Bangladesh,Male,1999-01-03,2020-02-02,Active
1697,Customer_1697,User_1697,customer1697@example.com,01700001697,Chittagong,Bangladesh,Female,1999-03-27,2020-02-19,Active
1698,Customer_1698,User_1698,customer1698@example.com,01700001698,Sylhet,Bangladesh,Male,1999-06-18,2020-03-07,Active
1699,Customer_1699,User_1699,customer1699@example.com,01700001699,Rajshahi,Bangladesh,Female,1999-09-09,2020-03-24,Active
1700,Customer_1700,User_1700,customer1700@example.com,01700001700,Khulna,Bangladesh,Male,1999-12-01,2020-04-10,Inactive
1701,Customer_1701,User_1701,customer1701@example.com,01700001701,Barisal,Bangladesh,Female,2000-02-22,2020-04-27,Active
1702,Customer_1702,User_1702,customer1702@example.com,01700001702,Rangpur,Bangladesh,Male,2000-05-15,2020-05-14,Active
1703,Customer_1703,User_1703,customer1703@example.com,01700001703,Mymensingh,Bangladesh,Female,2000-08-06,2020-05-31,Active
1704,Customer_1704,User_1704,customer1704@example.com,01700001704,Dhaka,Bangladesh,Male,2000-10-28,2020-06-17,Active
1705,Customer_1705,User_1705,customer1705@example.com,01700001705,Chittagong,Bangladesh,Female,2001-01-19,2020-07-04,Active
1706,Customer_1706,User_1706,customer1706@example.com,01700001706,Sylhet,Bangladesh,Male,2001-04-12,2020-07-21,Active
1707,Customer_1707,User_1707,customer1707@example.com,01700001707,Rajshahi,Bangladesh,Female,2001-07-04,2020-08-07,Active
1708,Customer_1708,User_1708,customer1708@example.com,01700001708,Khulna,Bangladesh,Male,2001-09-25,2020-08-24,Active
1709,Customer_1709,User_1709,customer1709@example.com,01700001709,Barisal,Bangladesh,Female,2001-12-17,2020-09-10,Active
1710,Customer_1710,User_1710,customer1710@example.com,01700001710,Rangpur,Bangladesh,Male,2002-03-10,2020-09-27,Inactive
1711,Customer_1711,User_1711,customer1711@example.com,01700001711,Mymensingh,Bangladesh,Female,2002-06-01,2020-10-14,Active
1712,Customer_1712,User_1712,customer1712@example.com,01700001712,Dhaka,Bangladesh,Male,2002-08-23,2020-10-31,Active
1713,Customer_1713,User_1713,customer1713@example.com,01700001713,Chittagong,Bangladesh,Female,2002-11-14,2020-11-17,Active
1714,Customer_1714,User_1714,customer1714@example.com,01700001714,Sylhet,Bangladesh,Male,2003-02-05,2020-12-04,Active
1715,Customer_1715,User_1715,customer1715@example.com,01700001715,Rajshahi,Bangladesh,Female,2003-04-29,2020-12-21,Active
1716,Customer_1716,User_1716,customer1716@example.com,01700001716,Khulna,Bangladesh,Male,2003-07-21,2021-01-07,Active
1717,Customer_1717,User_1717,customer1717@example.com,01700001717,Barisal,Bangladesh,Female,2003-10-12,2021-01-24,Active
1718,Customer_1718,User_1718,customer1718@example.com,01700001718,Rangpur,Bangladesh,Male,2004-01-03,2021-02-10,Active
1719,Customer_1719,User_1719,customer1719@example.com,01700001719,Mymensingh,Bangladesh,Female,2004-03-26,2021-02-27,Active
1720,Customer_1720,User_1720,customer1720@example.com,01700001720,Dhaka,Bangladesh,Male,2004-06-17,2021-03-16,Inactive
1721,Customer_1721,User_1721,customer1721@example.com,01700001721,Chittagong,Bangladesh,Female,2004-09-08,2021-04-02,Active
1722,Customer_1722,User_1722,customer1722@example.com,01700001722,Sylhet,Bangladesh,Male,2004-11-30,2021-04-19,Active
1723,Customer_1723,User_1723,customer1723@example.com,01700001723,Rajshahi,Bangladesh,Female,2005-02-21,2021-05-06,Active
1724,Customer_1724,User_1724,customer1724@example.com,01700001724,Khulna,Bangladesh,Male,2005-05-15,2021-05-23,Active
1725,Customer_1725,User_1725,customer1725@example.com,01700001725,Barisal,Bangladesh,Female,2005-08-06,2021-06-09,Active
1726,Customer_1726,User_1726,customer1726@example.com,01700001726,Rangpur,Bangladesh,Male,2005-10-28,2021-06-26,Active
1727,Customer_1727,User_1727,customer1727@example.com,01700001727,Mymensingh,Bangladesh,Female,2006-01-19,2021-07-13,Active
1728,Customer_1728,User_1728,customer1728@example.com,01700001728,Dhaka,Bangladesh,Male,2006-04-12,2021-07-30,Active
1729,Customer_1729,User_1729,customer1729@example.com,01700001729,Chittagong,Bangladesh,Female,2006-07-04,2021-08-16,Active
1730,Customer_1730,User_1730,customer1730@example.com,01700001730,Sylhet,Bangladesh,Male,2006-09-25,2021-09-02,Inactive
1731,Customer_1731,User_1731,customer1731@example.com,01700001731,Rajshahi,Bangladesh,Female,2006-12-17,2021-09-19,Active
1732,Customer_1732,User_1732,customer1732@example.com,01700001732,Khulna,Bangladesh,Male,2007-03-10,2021-10-06,Active
1733,Customer_1733,User_1733,customer1733@example.com,01700001733,Barisal,Bangladesh,Female,2007-06-01,2021-10-23,Active
1734,Customer_1734,User_1734,customer1734@example.com,01700001734,Rangpur,Bangladesh,Male,2007-08-23,2021-11-09,Active
1735,Customer_1735,User_1735,customer1735@example.com,01700001735,Mymensingh,Bangladesh,Female,1975-01-06,2021-11-26,Active
1736,Customer_1736,User_1736,customer1736@example.com,01700001736,Dhaka,Bangladesh,Male,1975-03-30,2021-12-13,Active
1737,Customer_1737,User_1737,customer1737@example.com,01700001737,Chittagong,Bangladesh,Female,1975-06-21,2021-12-30,Active
1738,Customer_1738,User_1738,customer1738@example.com,01700001738,Sylhet,Bangladesh,Male,1975-09-12,2022-01-16,Active
1739,Customer_1739,User_1739,customer1739@example.com,01700001739,Rajshahi,Bangladesh,Female,1975-12-04,2022-02-02,Active
1740,Customer_1740,User_1740,customer1740@example.com,01700001740,Khulna,Bangladesh,Male,1976-02-25,2022-02-19,Inactive
1741,Customer_1741,User_1741,customer1741@example.com,01700001741,Barisal,Bangladesh,Female,1976-05-18,2022-03-08,Active
1742,Customer_1742,User_1742,customer1742@example.com,01700001742,Rangpur,Bangladesh,Male,1976-08-09,2022-03-25,Active
1743,Customer_1743,User_1743,customer1743@example.com,01700001743,Mymensingh,Bangladesh,Female,1976-10-31,2022-04-11,Active
1744,Customer_1744,User_1744,customer1744@example.com,01700001744,Dhaka,Bangladesh,Male,1977-01-22,2022-04-28,Active
1745,Customer_1745,User_1745,customer1745@example.com,01700001745,Chittagong,Bangladesh,Female,1977-04-15,2022-05-15,Active
1746,Customer_1746,User_1746,customer1746@example.com,01700001746,Sylhet,Bangladesh,Male,1977-07-07,2022-06-01,Active
1747,Customer_1747,User_1747,customer1747@example.com,01700001747,Rajshahi,Bangladesh,Female,1977-09-28,2022-06-18,Active
1748,Customer_1748,User_1748,customer1748@example.com,01700001748,Khulna,Bangladesh,Male,1977-12-20,2022-07-05,Active
1749,Customer_1749,User_1749,customer1749@example.com,01700001749,Barisal,Bangladesh,Female,1978-03-13,2022-07-22,Active
1750,Customer_1750,User_1750,customer1750@example.com,01700001750,Rangpur,Bangladesh,Male,1978-06-04,2022-08-08,Inactive
1751,Customer_1751,User_1751,customer1751@example.com,01700001751,Mymensingh,Bangladesh,Female,1978-08-26,2022-08-25,Active
1752,Customer_1752,User_1752,customer1752@example.com,01700001752,Dhaka,Bangladesh,Male,1978-11-17,2022-09-11,Active
1753,Customer_1753,User_1753,customer1753@example.com,01700001753,Chittagong,Bangladesh,Female,1979-02-08,2022-09-28,Active
1754,Customer_1754,User_1754,customer1754@example.com,01700001754,Sylhet,Bangladesh,Male,1979-05-02,2022-10-15,Active
1755,Customer_1755,User_1755,customer1755@example.com,01700001755,Rajshahi,Bangladesh,Female,1979-07-24,2022-11-01,Active
1756,Customer_1756,User_1756,customer1756@example.com,01700001756,Khulna,Bangladesh,Male,1979-10-15,2022-11-18,Active
1757,Customer_1757,User_1757,customer1757@example.com,01700001757,Barisal,Bangladesh,Female,1980-01-06,2022-12-05,Active
1758,Customer_1758,User_1758,customer1758@example.com,01700001758,Rangpur,Bangladesh,Male,1980-03-29,2022-12-22,Active
1759,Customer_1759,User_1759,customer1759@example.com,01700001759,Mymensingh,Bangladesh,Female,1980-06-20,2023-01-08,Active
1760,Customer_1760,User_1760,customer1760@example.com,01700001760,Dhaka,Bangladesh,Male,1980-09-11,2023-01-25,Inactive
1761,Customer_1761,User_1761,customer1761@example.com,01700001761,Chittagong,Bangladesh,Female,1980-12-03,2023-02-11,Active
1762,Customer_1762,User_1762,customer1762@example.com,01700001762,Sylhet,Bangladesh,Male,1981-02-24,2023-02-28,Active
1763,Customer_1763,User_1763,customer1763@example.com,01700001763,Rajshahi,Bangladesh,Female,1981-05-18,2023-03-17,Active
1764,Customer_1764,User_1764,customer1764@example.com,01700001764,Khulna,Bangladesh,Male,1981-08-09,2023-04-03,Active
1765,Customer_1765,User_1765,customer1765@example.com,01700001765,Barisal,Bangladesh,Female,1981-10-31,2023-04-20,Active
1766,Customer_1766,User_1766,customer1766@example.com,01700001766,Rangpur,Bangladesh,Male,1982-01-22,2023-05-07,Active
1767,Customer_1767,User_1767,customer1767@example.com,01700001767,Mymensingh,Bangladesh,Female,1982-04-15,2023-05-24,Active
1768,Customer_1768,User_1768,customer1768@example.com,01700001768,Dhaka,Bangladesh,Male,1982-07-07,2023-06-10,Active
1769,Customer_1769,User_1769,customer1769@example.com,01700001769,Chittagong,Bangladesh,Female,1982-09-28,2023-06-27,Active
1770,Customer_1770,User_1770,customer1770@example.com,01700001770,Sylhet,Bangladesh,Male,1982-12-20,2023-07-14,Inactive
1771,Customer_1771,User_1771,customer1771@example.com,01700001771,Rajshahi,Bangladesh,Female,1983-03-13,2023-07-31,Active
1772,Customer_1772,User_1772,customer1772@example.com,01700001772,Khulna,Bangladesh,Male,1983-06-04,2023-08-17,Active
1773,Customer_1773,User_1773,customer1773@example.com,01700001773,Barisal,Bangladesh,Female,1983-08-26,2023-09-03,Active
1774,Customer_1774,User_1774,customer1774@example.com,01700001774,Rangpur,Bangladesh,Male,1983-11-17,2023-09-20,Active
1775,Customer_1775,User_1775,customer1775@example.com,01700001775,Mymensingh,Bangladesh,Female,1984-02-08,2023-10-07,Active
1776,Customer_1776,User_1776,customer1776@example.com,01700001776,Dhaka,Bangladesh,Male,1984-05-01,2023-10-24,Active
1777,Customer_1777,User_1777,customer1777@example.com,01700001777,Chittagong,Bangladesh,Female,1984-07-23,2023-11-10,Active
1778,Customer_1778,User_1778,customer1778@example.com,01700001778,Sylhet,Bangladesh,Male,1984-10-14,2023-11-27,Active
1779,Customer_1779,User_1779,customer1779@example.com,01700001779,Rajshahi,Bangladesh,Female,1985-01-05,2023-12-14,Active
1780,Customer_1780,User_1780,customer1780@example.com,01700001780,Khulna,Bangladesh,Male,1985-03-29,2023-12-31,Inactive
1781,Customer_1781,User_1781,customer1781@example.com,01700001781,Barisal,Bangladesh,Female,1985-06-20,2024-01-17,Active
1782,Customer_1782,User_1782,customer1782@example.com,01700001782,Rangpur,Bangladesh,Male,1985-09-11,2024-02-03,Active
1783,Customer_1783,User_1783,customer1783@example.com,01700001783,Mymensingh,Bangladesh,Female,1985-12-03,2024-02-20,Active
1784,Customer_1784,User_1784,customer1784@example.com,01700001784,Dhaka,Bangladesh,Male,1986-02-24,2024-03-08,Active
1785,Customer_1785,User_1785,customer1785@example.com,01700001785,Chittagong,Bangladesh,Female,1986-05-18,2024-03-25,Active
1786,Customer_1786,User_1786,customer1786@example.com,01700001786,Sylhet,Bangladesh,Male,1986-08-09,2024-04-11,Active
1787,Customer_1787,User_1787,customer1787@example.com,01700001787,Rajshahi,Bangladesh,Female,1986-10-31,2024-04-28,Active
1788,Customer_1788,User_1788,customer1788@example.com,01700001788,Khulna,Bangladesh,Male,1987-01-22,2024-05-15,Active
1789,Customer_1789,User_1789,customer1789@example.com,01700001789,Barisal,Bangladesh,Female,1987-04-15,2024-06-01,Active
1790,Customer_1790,User_1790,customer1790@example.com,01700001790,Rangpur,Bangladesh,Male,1987-07-07,2024-06-18,Inactive
1791,Customer_1791,User_1791,customer1791@example.com,01700001791,Mymensingh,Bangladesh,Female,1987-09-28,2024-07-05,Active
1792,Customer_1792,User_1792,customer1792@example.com,01700001792,Dhaka,Bangladesh,Male,1987-12-20,2024-07-22,Active
1793,Customer_1793,User_1793,customer1793@example.com,01700001793,Chittagong,Bangladesh,Female,1988-03-12,2024-08-08,Active
1794,Customer_1794,User_1794,customer1794@example.com,01700001794,Sylhet,Bangladesh,Male,1988-06-03,2024-08-25,Active
1795,Customer_1795,User_1795,customer1795@example.com,01700001795,Rajshahi,Bangladesh,Female,1988-08-25,2024-09-11,Active
1796,Customer_1796,User_1796,customer1796@example.com,01700001796,Khulna,Bangladesh,Male,1988-11-16,2024-09-28,Active
1797,Customer_1797,User_1797,customer1797@example.com,01700001797,Barisal,Bangladesh,Female,1989-02-07,2024-10-15,Active
1798,Customer_1798,User_1798,customer1798@example.com,01700001798,Rangpur,Bangladesh,Male,1989-05-01,2024-11-01,Active
1799,Customer_1799,User_1799,customer1799@example.com,01700001799,Mymensingh,Bangladesh,Female,1989-07-23,2024-11-18,Active
1800,Customer_1800,User_1800,customer1800@example.com,01700001800,Dhaka,Bangladesh,Male,1989-10-14,2024-12-05,Inactive
1801,Customer_1801,User_1801,customer1801@example.com,01700001801,Chittagong,Bangladesh,Female,1990-01-05,2024-12-22,Active
1802,Customer_1802,User_1802,customer1802@example.com,01700001802,Sylhet,Bangladesh,Male,1990-03-29,2025-01-08,Active
1803,Customer_1803,User_1803,customer1803@example.com,01700001803,Rajshahi,Bangladesh,Female,1990-06-20,2025-01-25,Active
1804,Customer_1804,User_1804,customer1804@example.com,01700001804,Khulna,Bangladesh,Male,1990-09-11,2025-02-11,Active
1805,Customer_1805,User_1805,customer1805@example.com,01700001805,Barisal,Bangladesh,Female,1990-12-03,2025-02-28,Active
1806,Customer_1806,User_1806,customer1806@example.com,01700001806,Rangpur,Bangladesh,Male,1991-02-24,2025-03-17,Active
1807,Customer_1807,User_1807,customer1807@example.com,01700001807,Mymensingh,Bangladesh,Female,1991-05-18,2025-04-03,Active
1808,Customer_1808,User_1808,customer1808@example.com,01700001808,Dhaka,Bangladesh,Male,1991-08-09,2025-04-20,Active
1809,Customer_1809,User_1809,customer1809@example.com,01700001809,Chittagong,Bangladesh,Female,1991-10-31,2025-05-07,Active
1810,Customer_1810,User_1810,customer1810@example.com,01700001810,Sylhet,Bangladesh,Male,1992-01-22,2025-05-24,Inactive
1811,Customer_1811,User_1811,customer1811@example.com,01700001811,Rajshahi,Bangladesh,Female,1992-04-14,2025-06-10,Active
1812,Customer_1812,User_1812,customer1812@example.com,01700001812,Khulna,Bangladesh,Male,1992-07-06,2025-06-27,Active
1813,Customer_1813,User_1813,customer1813@example.com,01700001813,Barisal,Bangladesh,Female,1992-09-27,2025-07-14,Active
1814,Customer_1814,User_1814,customer1814@example.com,01700001814,Rangpur,Bangladesh,Male,1992-12-19,2025-07-31,Active
1815,Customer_1815,User_1815,customer1815@example.com,01700001815,Mymensingh,Bangladesh,Female,1993-03-12,2025-08-17,Active
1816,Customer_1816,User_1816,customer1816@example.com,01700001816,Dhaka,Bangladesh,Male,1993-06-03,2025-09-03,Active
1817,Customer_1817,User_1817,customer1817@example.com,01700001817,Chittagong,Bangladesh,Female,1993-08-25,2025-09-20,Active
1818,Customer_1818,User_1818,customer1818@example.com,01700001818,Sylhet,Bangladesh,Male,1993-11-16,2025-10-07,Active
1819,Customer_1819,User_1819,customer1819@example.com,01700001819,Rajshahi,Bangladesh,Female,1994-02-07,2025-10-24,Active
1820,Customer_1820,User_1820,customer1820@example.com,01700001820,Khulna,Bangladesh,Male,1994-05-01,2025-11-10,Inactive
1821,Customer_1821,User_1821,customer1821@example.com,01700001821,Barisal,Bangladesh,Female,1994-07-23,2025-11-27,Active
1822,Customer_1822,User_1822,customer1822@example.com,01700001822,Rangpur,Bangladesh,Male,1994-10-14,2025-12-14,Active
1823,Customer_1823,User_1823,customer1823@example.com,01700001823,Mymensingh,Bangladesh,Female,1995-01-05,2025-12-31,Active
1824,Customer_1824,User_1824,customer1824@example.com,01700001824,Dhaka,Bangladesh,Male,1995-03-29,2026-01-17,Active
1825,Customer_1825,User_1825,customer1825@example.com,01700001825,Chittagong,Bangladesh,Female,1995-06-20,2026-02-03,Active
1826,Customer_1826,User_1826,customer1826@example.com,01700001826,Sylhet,Bangladesh,Male,1995-09-11,2026-02-20,Active
1827,Customer_1827,User_1827,customer1827@example.com,01700001827,Rajshahi,Bangladesh,Female,1995-12-03,2026-03-09,Active
1828,Customer_1828,User_1828,customer1828@example.com,01700001828,Khulna,Bangladesh,Male,1996-02-24,2026-03-26,Active
1829,Customer_1829,User_1829,customer1829@example.com,01700001829,Barisal,Bangladesh,Female,1996-05-17,2026-04-12,Active
1830,Customer_1830,User_1830,customer1830@example.com,01700001830,Rangpur,Bangladesh,Male,1996-08-08,2026-04-29,Inactive
1831,Customer_1831,User_1831,customer1831@example.com,01700001831,Mymensingh,Bangladesh,Female,1996-10-30,2026-05-16,Active
1832,Customer_1832,User_1832,customer1832@example.com,01700001832,Dhaka,Bangladesh,Male,1997-01-21,2026-06-02,Active
1833,Customer_1833,User_1833,customer1833@example.com,01700001833,Chittagong,Bangladesh,Female,1997-04-14,2026-06-19,Active
1834,Customer_1834,User_1834,customer1834@example.com,01700001834,Sylhet,Bangladesh,Male,1997-07-06,2026-07-06,Active
1835,Customer_1835,User_1835,customer1835@example.com,01700001835,Rajshahi,Bangladesh,Female,1997-09-27,2026-07-23,Active
1836,Customer_1836,User_1836,customer1836@example.com,01700001836,Khulna,Bangladesh,Male,1997-12-19,2020-01-13,Active
1837,Customer_1837,User_1837,customer1837@example.com,01700001837,Barisal,Bangladesh,Female,1998-03-12,2020-01-30,Active
1838,Customer_1838,User_1838,customer1838@example.com,01700001838,Rangpur,Bangladesh,Male,1998-06-03,2020-02-16,Active
1839,Customer_1839,User_1839,customer1839@example.com,01700001839,Mymensingh,Bangladesh,Female,1998-08-25,2020-03-04,Active
1840,Customer_1840,User_1840,customer1840@example.com,01700001840,Dhaka,Bangladesh,Male,1998-11-16,2020-03-21,Inactive
1841,Customer_1841,User_1841,customer1841@example.com,01700001841,Chittagong,Bangladesh,Female,1999-02-07,2020-04-07,Active
1842,Customer_1842,User_1842,customer1842@example.com,01700001842,Sylhet,Bangladesh,Male,1999-05-01,2020-04-24,Active
1843,Customer_1843,User_1843,customer1843@example.com,01700001843,Rajshahi,Bangladesh,Female,1999-07-23,2020-05-11,Active
1844,Customer_1844,User_1844,customer1844@example.com,01700001844,Khulna,Bangladesh,Male,1999-10-14,2020-05-28,Active
1845,Customer_1845,User_1845,customer1845@example.com,01700001845,Barisal,Bangladesh,Female,2000-01-05,2020-06-14,Active
1846,Customer_1846,User_1846,customer1846@example.com,01700001846,Rangpur,Bangladesh,Male,2000-03-28,2020-07-01,Active
1847,Customer_1847,User_1847,customer1847@example.com,01700001847,Mymensingh,Bangladesh,Female,2000-06-19,2020-07-18,Active
1848,Customer_1848,User_1848,customer1848@example.com,01700001848,Dhaka,Bangladesh,Male,2000-09-10,2020-08-04,Active
1849,Customer_1849,User_1849,customer1849@example.com,01700001849,Chittagong,Bangladesh,Female,2000-12-02,2020-08-21,Active
1850,Customer_1850,User_1850,customer1850@example.com,01700001850,Sylhet,Bangladesh,Male,2001-02-23,2020-09-07,Inactive
1851,Customer_1851,User_1851,customer1851@example.com,01700001851,Rajshahi,Bangladesh,Female,2001-05-17,2020-09-24,Active
1852,Customer_1852,User_1852,customer1852@example.com,01700001852,Khulna,Bangladesh,Male,2001-08-08,2020-10-11,Active
1853,Customer_1853,User_1853,customer1853@example.com,01700001853,Barisal,Bangladesh,Female,2001-10-30,2020-10-28,Active
1854,Customer_1854,User_1854,customer1854@example.com,01700001854,Rangpur,Bangladesh,Male,2002-01-21,2020-11-14,Active
1855,Customer_1855,User_1855,customer1855@example.com,01700001855,Mymensingh,Bangladesh,Female,2002-04-14,2020-12-01,Active
1856,Customer_1856,User_1856,customer1856@example.com,01700001856,Dhaka,Bangladesh,Male,2002-07-06,2020-12-18,Active
1857,Customer_1857,User_1857,customer1857@example.com,01700001857,Chittagong,Bangladesh,Female,2002-09-27,2021-01-04,Active
1858,Customer_1858,User_1858,customer1858@example.com,01700001858,Sylhet,Bangladesh,Male,2002-12-19,2021-01-21,Active
1859,Customer_1859,User_1859,customer1859@example.com,01700001859,Rajshahi,Bangladesh,Female,2003-03-12,2021-02-07,Active
1860,Customer_1860,User_1860,customer1860@example.com,01700001860,Khulna,Bangladesh,Male,2003-06-03,2021-02-24,Inactive
1861,Customer_1861,User_1861,customer1861@example.com,01700001861,Barisal,Bangladesh,Female,2003-08-25,2021-03-13,Active
1862,Customer_1862,User_1862,customer1862@example.com,01700001862,Rangpur,Bangladesh,Male,2003-11-16,2021-03-30,Active
1863,Customer_1863,User_1863,customer1863@example.com,01700001863,Mymensingh,Bangladesh,Female,2004-02-07,2021-04-16,Active
1864,Customer_1864,User_1864,customer1864@example.com,01700001864,Dhaka,Bangladesh,Male,2004-04-30,2021-05-03,Active
1865,Customer_1865,User_1865,customer1865@example.com,01700001865,Chittagong,Bangladesh,Female,2004-07-22,2021-05-20,Active
1866,Customer_1866,User_1866,customer1866@example.com,01700001866,Sylhet,Bangladesh,Male,2004-10-13,2021-06-06,Active
1867,Customer_1867,User_1867,customer1867@example.com,01700001867,Rajshahi,Bangladesh,Female,2005-01-04,2021-06-23,Active
1868,Customer_1868,User_1868,customer1868@example.com,01700001868,Khulna,Bangladesh,Male,2005-03-28,2021-07-10,Active
1869,Customer_1869,User_1869,customer1869@example.com,01700001869,Barisal,Bangladesh,Female,2005-06-19,2021-07-27,Active
1870,Customer_1870,User_1870,customer1870@example.com,01700001870,Rangpur,Bangladesh,Male,2005-09-10,2021-08-13,Inactive
1871,Customer_1871,User_1871,customer1871@example.com,01700001871,Mymensingh,Bangladesh,Female,2005-12-02,2021-08-30,Active
1872,Customer_1872,User_1872,customer1872@example.com,01700001872,Dhaka,Bangladesh,Male,2006-02-23,2021-09-16,Active
1873,Customer_1873,User_1873,customer1873@example.com,01700001873,Chittagong,Bangladesh,Female,2006-05-17,2021-10-03,Active
1874,Customer_1874,User_1874,customer1874@example.com,01700001874,Sylhet,Bangladesh,Male,2006-08-08,2021-10-20,Active
1875,Customer_1875,User_1875,customer1875@example.com,01700001875,Rajshahi,Bangladesh,Female,2006-10-30,2021-11-06,Active
1876,Customer_1876,User_1876,customer1876@example.com,01700001876,Khulna,Bangladesh,Male,2007-01-21,2021-11-23,Active
1877,Customer_1877,User_1877,customer1877@example.com,01700001877,Barisal,Bangladesh,Female,2007-04-14,2021-12-10,Active
1878,Customer_1878,User_1878,customer1878@example.com,01700001878,Rangpur,Bangladesh,Male,2007-07-06,2021-12-27,Active
1879,Customer_1879,User_1879,customer1879@example.com,01700001879,Mymensingh,Bangladesh,Female,2007-09-27,2022-01-13,Active
1880,Customer_1880,User_1880,customer1880@example.com,01700001880,Dhaka,Bangladesh,Male,1975-02-10,2022-01-30,Inactive
1881,Customer_1881,User_1881,customer1881@example.com,01700001881,Chittagong,Bangladesh,Female,1975-05-04,2022-02-16,Active
1882,Customer_1882,User_1882,customer1882@example.com,01700001882,Sylhet,Bangladesh,Male,1975-07-26,2022-03-05,Active
1883,Customer_1883,User_1883,customer1883@example.com,01700001883,Rajshahi,Bangladesh,Female,1975-10-17,2022-03-22,Active
1884,Customer_1884,User_1884,customer1884@example.com,01700001884,Khulna,Bangladesh,Male,1976-01-08,2022-04-08,Active
1885,Customer_1885,User_1885,customer1885@example.com,01700001885,Barisal,Bangladesh,Female,1976-03-31,2022-04-25,Active
1886,Customer_1886,User_1886,customer1886@example.com,01700001886,Rangpur,Bangladesh,Male,1976-06-22,2022-05-12,Active
1887,Customer_1887,User_1887,customer1887@example.com,01700001887,Mymensingh,Bangladesh,Female,1976-09-13,2022-05-29,Active
1888,Customer_1888,User_1888,customer1888@example.com,01700001888,Dhaka,Bangladesh,Male,1976-12-05,2022-06-15,Active
1889,Customer_1889,User_1889,customer1889@example.com,01700001889,Chittagong,Bangladesh,Female,1977-02-26,2022-07-02,Active
1890,Customer_1890,User_1890,customer1890@example.com,01700001890,Sylhet,Bangladesh,Male,1977-05-20,2022-07-19,Inactive
1891,Customer_1891,User_1891,customer1891@example.com,01700001891,Rajshahi,Bangladesh,Female,1977-08-11,2022-08-05,Active
1892,Customer_1892,User_1892,customer1892@example.com,01700001892,Khulna,Bangladesh,Male,1977-11-02,2022-08-22,Active
1893,Customer_1893,User_1893,customer1893@example.com,01700001893,Barisal,Bangladesh,Female,1978-01-24,2022-09-08,Active
1894,Customer_1894,User_1894,customer1894@example.com,01700001894,Rangpur,Bangladesh,Male,1978-04-17,2022-09-25,Active
1895,Customer_1895,User_1895,customer1895@example.com,01700001895,Mymensingh,Bangladesh,Female,1978-07-09,2022-10-12,Active
1896,Customer_1896,User_1896,customer1896@example.com,01700001896,Dhaka,Bangladesh,Male,1978-09-30,2022-10-29,Active
1897,Customer_1897,User_1897,customer1897@example.com,01700001897,Chittagong,Bangladesh,Female,1978-12-22,2022-11-15,Active
1898,Customer_1898,User_1898,customer1898@example.com,01700001898,Sylhet,Bangladesh,Male,1979-03-15,2022-12-02,Active
1899,Customer_1899,User_1899,customer1899@example.com,01700001899,Rajshahi,Bangladesh,Female,1979-06-06,2022-12-19,Active
1900,Customer_1900,User_1900,customer1900@example.com,01700001900,Khulna,Bangladesh,Male,1979-08-28,2023-01-05,Inactive
1901,Customer_1901,User_1901,customer1901@example.com,01700001901,Barisal,Bangladesh,Female,1979-11-19,2023-01-22,Active
1902,Customer_1902,User_1902,customer1902@example.com,01700001902,Rangpur,Bangladesh,Male,1980-02-10,2023-02-08,Active
1903,Customer_1903,User_1903,customer1903@example.com,01700001903,Mymensingh,Bangladesh,Female,1980-05-03,2023-02-25,Active
1904,Customer_1904,User_1904,customer1904@example.com,01700001904,Dhaka,Bangladesh,Male,1980-07-25,2023-03-14,Active
1905,Customer_1905,User_1905,customer1905@example.com,01700001905,Chittagong,Bangladesh,Female,1980-10-16,2023-03-31,Active
1906,Customer_1906,User_1906,customer1906@example.com,01700001906,Sylhet,Bangladesh,Male,1981-01-07,2023-04-17,Active
1907,Customer_1907,User_1907,customer1907@example.com,01700001907,Rajshahi,Bangladesh,Female,1981-03-31,2023-05-04,Active
1908,Customer_1908,User_1908,customer1908@example.com,01700001908,Khulna,Bangladesh,Male,1981-06-22,2023-05-21,Active
1909,Customer_1909,User_1909,customer1909@example.com,01700001909,Barisal,Bangladesh,Female,1981-09-13,2023-06-07,Active
1910,Customer_1910,User_1910,customer1910@example.com,01700001910,Rangpur,Bangladesh,Male,1981-12-05,2023-06-24,Inactive
1911,Customer_1911,User_1911,customer1911@example.com,01700001911,Mymensingh,Bangladesh,Female,1982-02-26,2023-07-11,Active
1912,Customer_1912,User_1912,customer1912@example.com,01700001912,Dhaka,Bangladesh,Male,1982-05-20,2023-07-28,Active
1913,Customer_1913,User_1913,customer1913@example.com,01700001913,Chittagong,Bangladesh,Female,1982-08-11,2023-08-14,Active
1914,Customer_1914,User_1914,customer1914@example.com,01700001914,Sylhet,Bangladesh,Male,1982-11-02,2023-08-31,Active
1915,Customer_1915,User_1915,customer1915@example.com,01700001915,Rajshahi,Bangladesh,Female,1983-01-24,2023-09-17,Active
1916,Customer_1916,User_1916,customer1916@example.com,01700001916,Khulna,Bangladesh,Male,1983-04-17,2023-10-04,Active
1917,Customer_1917,User_1917,customer1917@example.com,01700001917,Barisal,Bangladesh,Female,1983-07-09,2023-10-21,Active
1918,Customer_1918,User_1918,customer1918@example.com,01700001918,Rangpur,Bangladesh,Male,1983-09-30,2023-11-07,Active
1919,Customer_1919,User_1919,customer1919@example.com,01700001919,Mymensingh,Bangladesh,Female,1983-12-22,2023-11-24,Active
1920,Customer_1920,User_1920,customer1920@example.com,01700001920,Dhaka,Bangladesh,Male,1984-03-14,2023-12-11,Inactive
1921,Customer_1921,User_1921,customer1921@example.com,01700001921,Chittagong,Bangladesh,Female,1984-06-05,2023-12-28,Active
1922,Customer_1922,User_1922,customer1922@example.com,01700001922,Sylhet,Bangladesh,Male,1984-08-27,2024-01-14,Active
1923,Customer_1923,User_1923,customer1923@example.com,01700001923,Rajshahi,Bangladesh,Female,1984-11-18,2024-01-31,Active
1924,Customer_1924,User_1924,customer1924@example.com,01700001924,Khulna,Bangladesh,Male,1985-02-09,2024-02-17,Active
1925,Customer_1925,User_1925,customer1925@example.com,01700001925,Barisal,Bangladesh,Female,1985-05-03,2024-03-05,Active
1926,Customer_1926,User_1926,customer1926@example.com,01700001926,Rangpur,Bangladesh,Male,1985-07-25,2024-03-22,Active
1927,Customer_1927,User_1927,customer1927@example.com,01700001927,Mymensingh,Bangladesh,Female,1985-10-16,2024-04-08,Active
1928,Customer_1928,User_1928,customer1928@example.com,01700001928,Dhaka,Bangladesh,Male,1986-01-07,2024-04-25,Active
1929,Customer_1929,User_1929,customer1929@example.com,01700001929,Chittagong,Bangladesh,Female,1986-03-31,2024-05-12,Active
1930,Customer_1930,User_1930,customer1930@example.com,01700001930,Sylhet,Bangladesh,Male,1986-06-22,2024-05-29,Inactive
1931,Customer_1931,User_1931,customer1931@example.com,01700001931,Rajshahi,Bangladesh,Female,1986-09-13,2024-06-15,Active
1932,Customer_1932,User_1932,customer1932@example.com,01700001932,Khulna,Bangladesh,Male,1986-12-05,2024-07-02,Active
1933,Customer_1933,User_1933,customer1933@example.com,01700001933,Barisal,Bangladesh,Female,1987-02-26,2024-07-19,Active
1934,Customer_1934,User_1934,customer1934@example.com,01700001934,Rangpur,Bangladesh,Male,1987-05-20,2024-08-05,Active
1935,Customer_1935,User_1935,customer1935@example.com,01700001935,Mymensingh,Bangladesh,Female,1987-08-11,2024-08-22,Active
1936,Customer_1936,User_1936,customer1936@example.com,01700001936,Dhaka,Bangladesh,Male,1987-11-02,2024-09-08,Active
1937,Customer_1937,User_1937,customer1937@example.com,01700001937,Chittagong,Bangladesh,Female,1988-01-24,2024-09-25,Active
1938,Customer_1938,User_1938,customer1938@example.com,01700001938,Sylhet,Bangladesh,Male,1988-04-16,2024-10-12,Active
1939,Customer_1939,User_1939,customer1939@example.com,01700001939,Rajshahi,Bangladesh,Female,1988-07-08,2024-10-29,Active
1940,Customer_1940,User_1940,customer1940@example.com,01700001940,Khulna,Bangladesh,Male,1988-09-29,2024-11-15,Inactive
1941,Customer_1941,User_1941,customer1941@example.com,01700001941,Barisal,Bangladesh,Female,1988-12-21,2024-12-02,Active
1942,Customer_1942,User_1942,customer1942@example.com,01700001942,Rangpur,Bangladesh,Male,1989-03-14,2024-12-19,Active
1943,Customer_1943,User_1943,customer1943@example.com,01700001943,Mymensingh,Bangladesh,Female,1989-06-05,2025-01-05,Active
1944,Customer_1944,User_1944,customer1944@example.com,01700001944,Dhaka,Bangladesh,Male,1989-08-27,2025-01-22,Active
1945,Customer_1945,User_1945,customer1945@example.com,01700001945,Chittagong,Bangladesh,Female,1989-11-18,2025-02-08,Active
1946,Customer_1946,User_1946,customer1946@example.com,01700001946,Sylhet,Bangladesh,Male,1990-02-09,2025-02-25,Active
1947,Customer_1947,User_1947,customer1947@example.com,01700001947,Rajshahi,Bangladesh,Female,1990-05-03,2025-03-14,Active
1948,Customer_1948,User_1948,customer1948@example.com,01700001948,Khulna,Bangladesh,Male,1990-07-25,2025-03-31,Active
1949,Customer_1949,User_1949,customer1949@example.com,01700001949,Barisal,Bangladesh,Female,1990-10-16,2025-04-17,Active
1950,Customer_1950,User_1950,customer1950@example.com,01700001950,Rangpur,Bangladesh,Male,1991-01-07,2025-05-04,Inactive
1951,Customer_1951,User_1951,customer1951@example.com,01700001951,Mymensingh,Bangladesh,Female,1991-03-31,2025-05-21,Active
1952,Customer_1952,User_1952,customer1952@example.com,01700001952,Dhaka,Bangladesh,Male,1991-06-22,2025-06-07,Active
1953,Customer_1953,User_1953,customer1953@example.com,01700001953,Chittagong,Bangladesh,Female,1991-09-13,2025-06-24,Active
1954,Customer_1954,User_1954,customer1954@example.com,01700001954,Sylhet,Bangladesh,Male,1991-12-05,2025-07-11,Active
1955,Customer_1955,User_1955,customer1955@example.com,01700001955,Rajshahi,Bangladesh,Female,1992-02-26,2025-07-28,Active
1956,Customer_1956,User_1956,customer1956@example.com,01700001956,Khulna,Bangladesh,Male,1992-05-19,2025-08-14,Active
1957,Customer_1957,User_1957,customer1957@example.com,01700001957,Barisal,Bangladesh,Female,1992-08-10,2025-08-31,Active
1958,Customer_1958,User_1958,customer1958@example.com,01700001958,Rangpur,Bangladesh,Male,1992-11-01,2025-09-17,Active
1959,Customer_1959,User_1959,customer1959@example.com,01700001959,Mymensingh,Bangladesh,Female,1993-01-23,2025-10-04,Active
1960,Customer_1960,User_1960,customer1960@example.com,01700001960,Dhaka,Bangladesh,Male,1993-04-16,2025-10-21,Inactive
1961,Customer_1961,User_1961,customer1961@example.com,01700001961,Chittagong,Bangladesh,Female,1993-07-08,2025-11-07,Active
1962,Customer_1962,User_1962,customer1962@example.com,01700001962,Sylhet,Bangladesh,Male,1993-09-29,2025-11-24,Active
1963,Customer_1963,User_1963,customer1963@example.com,01700001963,Rajshahi,Bangladesh,Female,1993-12-21,2025-12-11,Active
1964,Customer_1964,User_1964,customer1964@example.com,01700001964,Khulna,Bangladesh,Male,1994-03-14,2025-12-28,Active
1965,Customer_1965,User_1965,customer1965@example.com,01700001965,Barisal,Bangladesh,Female,1994-06-05,2026-01-14,Active
1966,Customer_1966,User_1966,customer1966@example.com,01700001966,Rangpur,Bangladesh,Male,1994-08-27,2026-01-31,Active
1967,Customer_1967,User_1967,customer1967@example.com,01700001967,Mymensingh,Bangladesh,Female,1994-11-18,2026-02-17,Active
1968,Customer_1968,User_1968,customer1968@example.com,01700001968,Dhaka,Bangladesh,Male,1995-02-09,2026-03-06,Active
1969,Customer_1969,User_1969,customer1969@example.com,01700001969,Chittagong,Bangladesh,Female,1995-05-03,2026-03-23,Active
1970,Customer_1970,User_1970,customer1970@example.com,01700001970,Sylhet,Bangladesh,Male,1995-07-25,2026-04-09,Inactive
1971,Customer_1971,User_1971,customer1971@example.com,01700001971,Rajshahi,Bangladesh,Female,1995-10-16,2026-04-26,Active
1972,Customer_1972,User_1972,customer1972@example.com,01700001972,Khulna,Bangladesh,Male,1996-01-07,2026-05-13,Active
1973,Customer_1973,User_1973,customer1973@example.com,01700001973,Barisal,Bangladesh,Female,1996-03-30,2026-05-30,Active
1974,Customer_1974,User_1974,customer1974@example.com,01700001974,Rangpur,Bangladesh,Male,1996-06-21,2026-06-16,Active
1975,Customer_1975,User_1975,customer1975@example.com,01700001975,Mymensingh,Bangladesh,Female,1996-09-12,2026-07-03,Active
1976,Customer_1976,User_1976,customer1976@example.com,01700001976,Dhaka,Bangladesh,Male,1996-12-04,2026-07-20,Active
1977,Customer_1977,User_1977,customer1977@example.com,01700001977,Chittagong,Bangladesh,Female,1997-02-25,2020-01-10,Active
1978,Customer_1978,User_1978,customer1978@example.com,01700001978,Sylhet,Bangladesh,Male,1997-05-19,2020-01-27,Active
1979,Customer_1979,User_1979,customer1979@example.com,01700001979,Rajshahi,Bangladesh,Female,1997-08-10,2020-02-13,Active
1980,Customer_1980,User_1980,customer1980@example.com,01700001980,Khulna,Bangladesh,Male,1997-11-01,2020-03-01,Inactive
1981,Customer_1981,User_1981,customer1981@example.com,01700001981,Barisal,Bangladesh,Female,1998-01-23,2020-03-18,Active
1982,Customer_1982,User_1982,customer1982@example.com,01700001982,Rangpur,Bangladesh,Male,1998-04-16,2020-04-04,Active
1983,Customer_1983,User_1983,customer1983@example.com,01700001983,Mymensingh,Bangladesh,Female,1998-07-08,2020-04-21,Active
1984,Customer_1984,User_1984,customer1984@example.com,01700001984,Dhaka,Bangladesh,Male,1998-09-29,2020-05-08,Active
1985,Customer_1985,User_1985,customer1985@example.com,01700001985,Chittagong,Bangladesh,Female,1998-12-21,2020-05-25,Active
1986,Customer_1986,User_1986,customer1986@example.com,01700001986,Sylhet,Bangladesh,Male,1999-03-14,2020-06-11,Active
1987,Customer_1987,User_1987,customer1987@example.com,01700001987,Rajshahi,Bangladesh,Female,1999-06-05,2020-06-28,Active
1988,Customer_1988,User_1988,customer1988@example.com,01700001988,Khulna,Bangladesh,Male,1999-08-27,2020-07-15,Active
1989,Customer_1989,User_1989,customer1989@example.com,01700001989,Barisal,Bangladesh,Female,1999-11-18,2020-08-01,Active
1990,Customer_1990,User_1990,customer1990@example.com,01700001990,Rangpur,Bangladesh,Male,2000-02-09,2020-08-18,Inactive
1991,Customer_1991,User_1991,customer1991@example.com,01700001991,Mymensingh,Bangladesh,Female,2000-05-02,2020-09-04,Active
1992,Customer_1992,User_1992,customer1992@example.com,01700001992,Dhaka,Bangladesh,Male,2000-07-24,2020-09-21,Active
1993,Customer_1993,User_1993,customer1993@example.com,01700001993,Chittagong,Bangladesh,Female,2000-10-15,2020-10-08,Active
1994,Customer_1994,User_1994,customer1994@example.com,01700001994,Sylhet,Bangladesh,Male,2001-01-06,2020-10-25,Active
1995,Customer_1995,User_1995,customer1995@example.com,01700001995,Rajshahi,Bangladesh,Female,2001-03-30,2020-11-11,Active
1996,Customer_1996,User_1996,customer1996@example.com,01700001996,Khulna,Bangladesh,Male,2001-06-21,2020-11-28,Active
1997,Customer_1997,User_1997,customer1997@example.com,01700001997,Barisal,Bangladesh,Female,2001-09-12,2020-12-15,Active
1998,Customer_1998,User_1998,customer1998@example.com,01700001998,Rangpur,Bangladesh,Male,2001-12-04,2021-01-01,Active
1999,Customer_1999,User_1999,customer1999@example.com,01700001999,Mymensingh,Bangladesh,Female,2002-02-25,2021-01-18,Active
2000,Customer_2000,User_2000,customer2000@example.com,01700002000,Dhaka,Bangladesh,Male,2002-05-19,2021-02-04,Inactive
