return_id,order_item_id,return_date,return_quantity,return_reason,refund_amount
1,23,2022-11-06,1,Damaged Product,5262.0
2,46,2023-09-01,1,Wrong Product,1963.0
3,69,2024-06-26,1,Customer Changed Mind,6664.0
4,92,2025-04-21,1,Late Delivery,3365.0
5,115,2022-02-15,1,Quality Issue,7187.7
6,138,2022-12-11,1,Damaged Product,4267.0
7,161,2023-10-06,1,Wrong Product,871.2
8,184,2024-07-31,1,Customer Changed Mind,5669.0
9,207,2025-05-26,1,Late Delivery,2370.0
10,230,2022-03-22,1,Quality Issue,5585.35
11,253,2023-01-15,1,Damaged Product,3272.0
12,276,2023-11-10,1,Wrong Product,7973.0
13,299,2024-09-04,1,Customer Changed Mind,4674.0
14,322,2025-06-30,1,Late Delivery,787.5
15,345,2022-04-26,1,Quality Issue,5297.2
16,368,2023-02-19,1,Damaged Product,2277.0
17,391,2023-12-15,1,Wrong Product,6978.0
18,414,2024-10-09,1,Customer Changed Mind,3679.0
19,437,2025-08-04,1,Late Delivery,7880.0
20,460,2022-05-31,1,Quality Issue,3893.85
21,483,2023-03-26,1,Damaged Product,1153.8
22,506,2024-01-19,1,Wrong Product,5983.0
23,529,2024-11-13,1,Customer Changed Mind,2184.0
24,552,2025-09-08,1,Late Delivery,6885.0
25,575,2022-07-05,1,Quality Issue,3406.7
26,598,2023-04-30,1,Damaged Product,287.0
27,621,2024-02-23,1,Wrong Product,4988.0
28,644,2024-12-18,1,Customer Changed Mind,1070.1
29,667,2025-10-13,1,Late Delivery,5890.0
30,690,2022-08-09,1,Quality Issue,2202.35
31,713,2023-06-04,1,Damaged Product,7292.0
32,736,2024-03-29,1,Wrong Product,3993.0
33,759,2025-01-22,1,Customer Changed Mind,194.0
34,782,2025-11-17,1,Late Delivery,4895.0
35,805,2022-09-13,1,Quality Issue,1436.4
36,828,2023-07-09,1,Damaged Product,6297.0
37,851,2024-05-03,1,Wrong Product,2498.0
38,874,2025-02-26,1,Customer Changed Mind,7199.0
39,897,2025-12-22,1,Late Delivery,3900.0
40,920,2022-10-18,1,Quality Issue,510.85
41,943,2023-08-13,1,Damaged Product,5302.0
42,966,2024-06-07,1,Wrong Product,1352.7
43,989,2025-04-02,1,Customer Changed Mind,6204.0
44,1012,2022-01-27,1,Late Delivery,2905.0
45,1035,2022-11-22,1,Quality Issue,7225.7
46,1058,2023-09-17,1,Damaged Product,3807.0
47,1081,2024-07-12,1,Wrong Product,508.0
48,1104,2025-05-07,1,Customer Changed Mind,5209.0
49,1127,2022-03-03,1,Late Delivery,1719.0
50,1150,2022-12-27,1,Quality Issue,5619.35
51,1173,2023-10-22,1,Damaged Product,2812.0
52,1196,2024-08-16,1,Wrong Product,7513.0
53,1219,2025-06-11,1,Customer Changed Mind,4214.0
54,1242,2022-04-07,1,Late Delivery,915.0
55,1265,2023-01-31,1,Quality Issue,5335.2
56,1288,2023-11-26,1,Damaged Product,1635.3
57,1311,2024-09-20,1,Wrong Product,6518.0
58,1334,2025-07-16,1,Customer Changed Mind,3219.0
59,1357,2022-05-12,1,Late Delivery,7920.0
60,1380,2023-03-07,1,Quality Issue,3502.85
61,1403,2023-12-31,1,Damaged Product,822.0
62,1426,2024-10-25,1,Wrong Product,5523.0
63,1449,2025-08-20,1,Customer Changed Mind,2001.6
64,1472,2022-06-16,1,Late Delivery,6925.0
65,1495,2023-04-11,1,Quality Issue,2969.7
66,1518,2024-02-04,1,Damaged Product,7827.0
67,1541,2024-11-29,1,Wrong Product,4528.0
68,1564,2025-09-24,1,Customer Changed Mind,1229.0
69,1587,2022-07-21,1,Late Delivery,5430.0
70,1610,2023-05-16,1,Quality Issue,1811.35
71,1633,2024-03-10,1,Damaged Product,6832.0
72,1656,2025-01-03,1,Wrong Product,3533.0
73,1679,2025-10-29,1,Customer Changed Mind,234.0
74,1702,2022-08-25,1,Late Delivery,4435.0
75,1725,2023-06-20,1,Quality Issue,1079.2
76,1748,2024-04-14,1,Damaged Product,5837.0
77,1771,2025-02-07,1,Wrong Product,2284.2
78,1794,2025-12-03,1,Customer Changed Mind,6739.0
79,1817,2022-09-29,1,Late Delivery,3440.0
80,1840,2023-07-25,1,Quality Issue,6919.85
81,1863,2024-05-19,1,Damaged Product,4842.0
82,1886,2025-03-14,1,Wrong Product,1543.0
83,1909,2026-01-07,1,Customer Changed Mind,5744.0
84,1932,2022-11-03,1,Late Delivery,2200.5
85,1955,2023-08-29,1,Quality Issue,6788.7
86,1978,2024-06-23,1,Damaged Product,3847.0
87,2001,2025-04-18,1,Wrong Product,548.0
88,2024,2022-02-12,1,Customer Changed Mind,4749.0
89,2047,2022-12-08,1,Late Delivery,1450.0
90,2070,2023-10-03,1,Quality Issue,5228.35
91,2093,2024-07-28,1,Damaged Product,2566.8
92,2116,2025-05-23,1,Wrong Product,7053.0
93,2139,2022-03-19,1,Customer Changed Mind,3754.0
94,2162,2023-01-12,1,Late Delivery,455.0
95,2185,2023-11-07,1,Quality Issue,4898.2
96,2208,2024-09-01,1,Damaged Product,1857.0
97,2231,2025-06-27,1,Wrong Product,6058.0
98,2254,2022-04-23,1,Customer Changed Mind,2483.1
99,2277,2023-02-16,1,Late Delivery,7460.0
100,2300,2023-12-12,1,Quality Issue,3536.85
101,2323,2024-10-06,1,Damaged Product,362.0
102,2346,2025-08-01,1,Wrong Product,5063.0
103,2369,2022-05-28,1,Customer Changed Mind,1764.0
104,2392,2023-03-23,1,Late Delivery,6465.0
105,2415,2024-01-16,1,Quality Issue,2849.4
106,2438,2024-11-10,1,Damaged Product,7367.0
107,2461,2025-09-05,1,Wrong Product,4068.0
108,2484,2022-07-02,1,Customer Changed Mind,769.0
109,2507,2023-04-27,1,Late Delivery,5470.0
110,2530,2024-02-20,1,Quality Issue,1845.35
111,2553,2024-12-15,1,Damaged Product,6372.0
112,2576,2025-10-10,1,Wrong Product,2765.7
113,2599,2022-08-06,1,Customer Changed Mind,7774.0
114,2622,2023-06-01,1,Late Delivery,4475.0
115,2645,2024-03-26,1,Quality Issue,642.2
116,2668,2025-01-19,1,Damaged Product,5377.0
117,2691,2025-11-14,1,Wrong Product,2078.0
118,2714,2022-09-10,1,Customer Changed Mind,6779.0
119,2737,2023-07-06,1,Late Delivery,3132.0
120,2760,2024-04-30,1,Quality Issue,6528.85
121,2783,2025-02-23,1,Damaged Product,4382.0
122,2806,2025-12-19,1,Wrong Product,1083.0
123,2829,2022-10-15,1,Customer Changed Mind,5784.0
124,2852,2023-08-10,1,Late Delivery,1985.0
125,2875,2024-06-04,1,Quality Issue,6351.7
126,2898,2025-03-30,1,Damaged Product,3048.3
127,2921,2022-01-24,1,Wrong Product,8088.0
128,2944,2022-11-19,1,Customer Changed Mind,4789.0
129,2967,2023-09-14,1,Late Delivery,990.0
130,2990,2024-07-09,1,Quality Issue,4837.35
131,3013,2025-05-04,1,Damaged Product,2392.0
132,3036,2022-02-28,1,Wrong Product,7093.0
133,3059,2022-12-24,1,Customer Changed Mind,3414.6
134,3082,2023-10-19,1,Late Delivery,7995.0
135,3105,2024-08-13,1,Quality Issue,4461.2
136,3128,2025-06-08,1,Damaged Product,1397.0
137,3151,2022-04-04,1,Wrong Product,6098.0
138,3174,2023-01-28,1,Customer Changed Mind,2299.0
139,3197,2023-11-23,1,Late Delivery,7000.0
140,3220,2024-09-17,1,Quality Issue,3145.85
141,3243,2025-07-13,1,Damaged Product,402.0
142,3266,2022-05-09,1,Wrong Product,5103.0
143,3289,2023-03-04,1,Customer Changed Mind,1304.0
144,3312,2023-12-28,1,Late Delivery,6005.0
145,3335,2024-10-22,1,Quality Issue,2570.7
146,3358,2025-08-17,1,Damaged Product,7407.0
147,3381,2022-06-13,1,Wrong Product,3247.2
148,3404,2023-04-08,1,Customer Changed Mind,309.0
149,3427,2024-02-01,1,Late Delivery,5010.0
150,3450,2024-11-26,1,Quality Issue,1454.35
151,3473,2025-09-21,1,Damaged Product,6412.0
152,3496,2022-07-18,1,Wrong Product,2613.0
153,3519,2023-05-13,1,Customer Changed Mind,7314.0
154,3542,2024-03-07,1,Late Delivery,3613.5
155,3565,2024-12-31,1,Quality Issue,680.2
156,3588,2025-10-26,1,Damaged Product,4917.0
157,3611,2022-08-22,1,Wrong Product,1618.0
158,3634,2023-06-17,1,Customer Changed Mind,6319.0
159,3657,2024-04-11,1,Late Delivery,3020.0
160,3680,2025-02-04,1,Quality Issue,6562.85
161,3703,2025-11-30,1,Damaged Product,3529.8
162,3726,2022-09-26,1,Wrong Product,623.0
163,3749,2023-07-22,1,Customer Changed Mind,5324.0
164,3772,2024-05-16,1,Late Delivery,2025.0
165,3795,2025-03-11,1,Quality Issue,6389.7
166,3818,2026-01-04,1,Damaged Product,2927.0
167,3841,2022-10-31,1,Wrong Product,7628.0
168,3864,2023-08-26,1,Customer Changed Mind,3896.1
169,3887,2024-06-20,1,Late Delivery,1030.0
170,3910,2025-04-15,1,Quality Issue,4446.35
171,3933,2022-02-09,1,Damaged Product,1932.0
172,3956,2022-12-05,1,Wrong Product,6633.0
173,3979,2023-09-30,1,Customer Changed Mind,3334.0
174,4002,2024-07-25,1,Late Delivery,8035.0
175,4025,2025-05-20,1,Quality Issue,3812.4
176,4048,2022-03-16,1,Damaged Product,937.0
177,4071,2023-01-09,1,Wrong Product,5638.0
178,4094,2023-11-04,1,Customer Changed Mind,2339.0
179,4117,2024-08-29,1,Late Delivery,6540.0
180,4140,2025-06-24,1,Quality Issue,2754.85
181,4163,2022-04-20,1,Damaged Product,7942.0
182,4186,2023-02-13,1,Wrong Product,4178.7
183,4209,2023-12-09,1,Customer Changed Mind,1344.0
184,4232,2024-10-03,1,Late Delivery,5545.0
185,4255,2025-07-29,1,Quality Issue,2133.7
186,4278,2022-05-25,1,Damaged Product,6947.0
187,4301,2023-03-20,1,Wrong Product,3648.0
188,4324,2024-01-13,1,Customer Changed Mind,349.0
189,4347,2024-11-07,1,Late Delivery,4095.0
190,4370,2025-09-02,1,Quality Issue,1063.35
191,4393,2022-06-29,1,Damaged Product,5952.0
192,4416,2023-04-24,1,Wrong Product,2653.0
193,4439,2024-02-17,1,Customer Changed Mind,6854.0
194,4462,2024-12-12,1,Late Delivery,3555.0
195,4485,2025-10-07,1,Quality Issue,243.2
196,4508,2022-08-03,1,Damaged Product,4461.3
197,4531,2023-05-29,1,Wrong Product,1658.0
198,4554,2024-03-23,1,Customer Changed Mind,5859.0
199,4577,2025-01-16,1,Late Delivery,2560.0
200,4600,2025-11-11,1,Quality Issue,6171.85
201,4623,2022-09-07,1,Damaged Product,3962.0
202,4646,2023-07-03,1,Wrong Product,163.0
203,4669,2024-04-27,1,Customer Changed Mind,4377.6
204,4692,2025-02-20,1,Late Delivery,1565.0
205,4715,2025-12-16,1,Quality Issue,5952.7
206,4738,2022-10-12,1,Damaged Product,2967.0
207,4761,2023-08-07,1,Wrong Product,7168.0
208,4784,2024-06-01,1,Customer Changed Mind,3869.0
209,4807,2025-03-27,1,Late Delivery,570.0
210,4830,2022-01-21,1,Quality Issue,4480.35
211,4853,2022-11-16,1,Damaged Product,1972.0
212,4876,2023-09-11,1,Wrong Product,6173.0
213,4899,2024-07-06,1,Customer Changed Mind,2874.0
214,4922,2025-05-01,1,Late Delivery,7575.0
215,4945,2022-02-25,1,Quality Issue,4062.2
216,4968,2022-12-21,1,Damaged Product,477.0
217,4991,2023-10-16,1,Wrong Product,4660.2
218,5014,2024-08-10,1,Customer Changed Mind,1879.0
219,5037,2025-06-05,1,Late Delivery,6580.0
220,5060,2022-04-01,1,Quality Issue,2788.85
221,5083,2023-01-25,1,Damaged Product,7482.0
222,5106,2023-11-20,1,Wrong Product,4183.0
223,5129,2024-09-14,1,Customer Changed Mind,884.0
224,5152,2025-07-10,1,Late Delivery,5026.5
225,5175,2022-05-06,1,Quality Issue,1696.7
226,5198,2023-03-01,1,Damaged Product,6487.0
227,5221,2023-12-25,1,Wrong Product,3188.0
228,5244,2024-10-19,1,Customer Changed Mind,7889.0
229,5267,2025-08-14,1,Late Delivery,4590.0
230,5290,2022-06-10,1,Quality Issue,672.35
231,5313,2023-04-05,1,Damaged Product,4942.8
232,5336,2024-01-29,1,Wrong Product,2193.0
233,5359,2024-11-23,1,Customer Changed Mind,6894.0
234,5382,2025-09-18,1,Late Delivery,3095.0
235,5405,2022-07-15,1,Quality Issue,7406.2
236,5428,2023-05-10,1,Damaged Product,4497.0
237,5451,2024-03-04,1,Wrong Product,1198.0
238,5474,2024-12-28,1,Customer Changed Mind,5309.1
239,5497,2025-10-23,1,Late Delivery,2100.0
240,5520,2022-08-19,1,Quality Issue,5780.85
241,5543,2023-06-14,1,Damaged Product,3502.0
242,5566,2024-04-08,1,Wrong Product,203.0
243,5589,2025-02-01,1,Customer Changed Mind,4904.0
244,5612,2025-11-27,1,Late Delivery,1105.0
245,5635,2022-09-23,1,Quality Issue,5225.4
246,5658,2023-07-19,1,Damaged Product,2507.0
247,5681,2024-05-13,1,Wrong Product,7208.0
248,5704,2025-03-08,1,Customer Changed Mind,3409.0
249,5727,2026-01-01,1,Late Delivery,8110.0
250,5750,2022-10-28,1,Quality Issue,4089.35
251,5773,2023-08-23,1,Damaged Product,1512.0
252,5796,2024-06-17,1,Wrong Product,5591.7
253,5819,2025-04-12,1,Customer Changed Mind,2414.0
254,5842,2022-02-06,1,Late Delivery,7115.0
255,5865,2022-12-02,1,Quality Issue,3625.2
256,5888,2023-09-27,1,Damaged Product,517.0
257,5911,2024-07-22,1,Wrong Product,4718.0
258,5934,2025-05-17,1,Customer Changed Mind,1419.0
259,5957,2022-03-13,1,Late Delivery,5508.0
260,5980,2023-01-06,1,Quality Issue,2397.85
261,6003,2023-11-01,1,Damaged Product,7522.0
262,6026,2024-08-26,1,Wrong Product,3723.0
263,6049,2025-06-21,1,Customer Changed Mind,424.0
264,6072,2022-04-17,1,Late Delivery,5125.0
265,6095,2023-02-10,1,Quality Issue,1734.7
266,6118,2023-12-06,1,Damaged Product,5874.3
267,6141,2024-09-30,1,Wrong Product,2728.0
268,6164,2025-07-26,1,Customer Changed Mind,7429.0
269,6187,2022-05-22,1,Late Delivery,4130.0
270,6210,2023-03-17,1,Quality Issue,706.35
271,6233,2024-01-10,1,Damaged Product,5032.0
272,6256,2024-11-04,1,Wrong Product,1733.0
273,6279,2025-08-30,1,Customer Changed Mind,5790.6
274,6302,2022-06-26,1,Late Delivery,3135.0
275,6325,2023-04-21,1,Quality Issue,7444.2
276,6348,2024-02-14,1,Damaged Product,4037.0
277,6371,2024-12-09,1,Wrong Product,738.0
278,6394,2025-10-04,1,Customer Changed Mind,5439.0
279,6417,2022-07-31,1,Late Delivery,2140.0
280,6440,2023-05-26,1,Quality Issue,5389.85
281,6463,2024-03-20,1,Damaged Product,3042.0
282,6486,2025-01-13,1,Wrong Product,7743.0
283,6509,2025-11-08,1,Customer Changed Mind,4444.0
284,6532,2022-09-04,1,Late Delivery,1145.0
285,6555,2023-06-30,1,Quality Issue,5078.7
286,6578,2024-04-24,1,Damaged Product,2047.0
287,6601,2025-02-17,1,Wrong Product,6073.2
288,6624,2025-12-13,1,Customer Changed Mind,3449.0
289,6647,2022-10-09,1,Late Delivery,7650.0
290,6670,2023-08-04,1,Quality Issue,3698.35
291,6693,2024-05-29,1,Damaged Product,1052.0
292,6716,2025-03-24,1,Wrong Product,5753.0
293,6739,2022-01-18,1,Customer Changed Mind,2454.0
294,6762,2022-11-13,1,Late Delivery,5989.5
295,6785,2023-09-08,1,Quality Issue,3188.2
296,6808,2024-07-03,1,Damaged Product,8057.0
297,6831,2025-04-28,1,Wrong Product,4758.0
298,6854,2022-02-22,1,Customer Changed Mind,1459.0
299,6877,2022-12-18,1,Late Delivery,5660.0
300,6900,2023-10-13,1,Quality Issue,2006.85
301,6923,2024-08-07,1,Damaged Product,6355.8
302,6946,2025-06-02,1,Wrong Product,3763.0
303,6969,2022-03-29,1,Customer Changed Mind,7964.0
304,6992,2023-01-22,1,Late Delivery,4665.0
305,7015,2023-11-17,1,Quality Issue,1297.7
306,7038,2024-09-11,1,Damaged Product,6067.0
307,7061,2025-07-07,1,Wrong Product,2768.0
308,7084,2022-05-03,1,Customer Changed Mind,6272.1
309,7107,2023-02-26,1,Late Delivery,3670.0
310,7130,2023-12-22,1,Quality Issue,315.35
311,7153,2024-10-16,1,Damaged Product,5072.0
312,7176,2025-08-11,1,Wrong Product,1273.0
313,7199,2022-06-07,1,Customer Changed Mind,5974.0
314,7222,2023-04-02,1,Late Delivery,2675.0
315,7245,2024-01-26,1,Quality Issue,6638.4
316,7268,2024-11-20,1,Damaged Product,4077.0
317,7291,2025-09-15,1,Wrong Product,278.0
318,7314,2022-07-12,1,Customer Changed Mind,4979.0
319,7337,2023-05-07,1,Late Delivery,1680.0
320,7360,2024-03-01,1,Quality Issue,5423.85
321,7383,2024-12-25,1,Damaged Product,3082.0
322,7406,2025-10-20,1,Wrong Product,6554.7
323,7429,2022-08-16,1,Customer Changed Mind,3984.0
324,7452,2023-06-11,1,Late Delivery,685.0
325,7475,2024-04-05,1,Quality Issue,5116.7
326,7498,2025-01-29,1,Damaged Product,1587.0
327,7521,2025-11-24,1,Wrong Product,6288.0
328,7544,2022-09-20,1,Customer Changed Mind,2989.0
329,7567,2023-07-16,1,Late Delivery,6921.0
330,7590,2024-05-10,1,Quality Issue,3732.35
331,7613,2025-03-05,1,Damaged Product,592.0
332,7636,2025-12-29,1,Wrong Product,5293.0
333,7659,2022-10-25,1,Customer Changed Mind,1994.0
334,7682,2023-08-20,1,Late Delivery,6695.0
335,7705,2024-06-14,1,Quality Issue,2751.2
336,7728,2025-04-09,1,Damaged Product,6837.3
337,7751,2022-02-03,1,Wrong Product,4298.0
338,7774,2022-11-29,1,Customer Changed Mind,999.0
339,7797,2023-09-24,1,Late Delivery,5700.0
340,7820,2024-07-19,1,Quality Issue,1615.85
341,7843,2025-05-14,1,Damaged Product,6602.0
342,7866,2022-03-10,1,Wrong Product,3303.0
343,7889,2023-01-03,1,Customer Changed Mind,7203.6
344,7912,2023-10-29,1,Late Delivery,4705.0
345,7935,2024-08-23,1,Quality Issue,860.7
346,7958,2025-06-18,1,Damaged Product,5607.0
347,7981,2022-04-14,1,Wrong Product,2308.0
348,8004,2023-02-07,1,Customer Changed Mind,7009.0
349,8027,2023-12-03,1,Late Delivery,3210.0
350,8050,2024-09-27,1,Quality Issue,6724.35
351,8073,2025-07-23,1,Damaged Product,4612.0
352,8096,2022-05-19,1,Wrong Product,1313.0
353,8119,2023-03-14,1,Customer Changed Mind,6014.0
354,8142,2024-01-07,1,Late Delivery,2215.0
355,8165,2024-11-01,1,Quality Issue,6570.2
356,8188,2025-08-27,1,Damaged Product,3617.0
357,8211,2022-06-23,1,Wrong Product,286.2
358,8234,2023-04-18,1,Customer Changed Mind,4519.0
359,8257,2024-02-11,1,Late Delivery,1220.0
360,8280,2024-12-06,1,Quality Issue,5032.85
361,8303,2025-10-01,1,Damaged Product,2622.0
362,8326,2022-07-28,1,Wrong Product,7323.0
363,8349,2023-05-23,1,Customer Changed Mind,3524.0
364,8372,2024-03-17,1,Late Delivery,202.5
365,8395,2025-01-10,1,Quality Issue,4679.7
366,8418,2025-11-05,1,Damaged Product,1627.0
367,8441,2022-09-01,1,Wrong Product,5828.0
368,8464,2023-06-27,1,Customer Changed Mind,2529.0
369,8487,2024-04-21,1,Late Delivery,7230.0
370,8510,2025-02-14,1,Quality Issue,3341.35
371,8533,2025-12-10,1,Damaged Product,568.8
372,8556,2022-10-06,1,Wrong Product,4833.0
373,8579,2023-08-01,1,Customer Changed Mind,1534.0
374,8602,2024-05-26,1,Late Delivery,6235.0
375,8625,2025-03-21,1,Quality Issue,2789.2
376,8648,2022-01-15,1,Damaged Product,7637.0
377,8671,2022-11-10,1,Wrong Product,3838.0
378,8694,2023-09-05,1,Customer Changed Mind,485.1
379,8717,2024-06-30,1,Late Delivery,5240.0
380,8740,2025-04-25,1,Quality Issue,1649.85
381,8763,2022-02-19,1,Damaged Product,6142.0
382,8786,2022-12-15,1,Wrong Product,2843.0
383,8809,2023-10-10,1,Customer Changed Mind,7544.0
384,8832,2024-08-04,1,Late Delivery,4245.0
385,8855,2025-05-30,1,Quality Issue,851.4
386,8878,2022-03-26,1,Damaged Product,5147.0
387,8901,2023-01-19,1,Wrong Product,1848.0
388,8924,2023-11-14,1,Customer Changed Mind,6549.0
389,8947,2024-09-08,1,Late Delivery,3250.0
390,8970,2025-07-04,1,Quality Issue,6333.35
391,8993,2022-04-30,1,Damaged Product,4152.0
392,9016,2023-02-23,1,Wrong Product,767.7
393,9039,2023-12-19,1,Customer Changed Mind,5554.0
394,9062,2024-10-13,1,Late Delivery,2255.0
395,9085,2025-08-08,1,Quality Issue,6133.2
396,9108,2022-06-04,1,Damaged Product,3157.0
397,9131,2023-03-30,1,Wrong Product,7858.0
398,9154,2024-01-23,1,Customer Changed Mind,4559.0
399,9177,2024-11-17,1,Late Delivery,1134.0
400,9200,2025-09-12,1,Quality Issue,4641.85
401,9223,2022-07-09,1,Damaged Product,2162.0
402,9246,2023-05-04,1,Wrong Product,6863.0
403,9269,2024-02-27,1,Customer Changed Mind,3564.0
404,9292,2024-12-22,1,Late Delivery,7765.0
405,9315,2025-10-17,1,Quality Issue,4242.7
406,9338,2022-08-13,1,Damaged Product,1050.3
407,9361,2023-06-08,1,Wrong Product,5868.0
408,9384,2024-04-02,1,Customer Changed Mind,2569.0
409,9407,2025-01-26,1,Late Delivery,6770.0
410,9430,2025-11-21,1,Quality Issue,2950.35
411,9453,2022-09-17,1,Damaged Product,172.0
412,9476,2023-07-13,1,Wrong Product,4873.0
413,9499,2024-05-07,1,Customer Changed Mind,966.6
414,9522,2025-03-02,1,Late Delivery,5775.0
415,9545,2025-12-26,1,Quality Issue,2352.2
416,9568,2022-10-22,1,Damaged Product,7177.0
417,9591,2023-08-17,1,Wrong Product,3878.0
418,9614,2024-06-11,1,Customer Changed Mind,8079.0
419,9637,2025-04-06,1,Late Delivery,4780.0
420,9660,2022-01-31,1,Quality Issue,1258.85
421,9683,2022-11-26,1,Damaged Product,6182.0
422,9706,2023-09-21,1,Wrong Product,2883.0
423,9729,2024-07-16,1,Customer Changed Mind,7084.0
424,9752,2025-05-11,1,Late Delivery,3785.0
425,9775,2022-03-07,1,Quality Issue,461.7
426,9798,2022-12-31,1,Damaged Product,5187.0
427,9821,2023-10-26,1,Wrong Product,1249.2
428,9844,2024-08-20,1,Customer Changed Mind,6089.0
429,9867,2025-06-15,1,Late Delivery,2790.0
430,9890,2022-04-11,1,Quality Issue,6367.35
431,9913,2023-02-04,1,Damaged Product,4192.0
432,9936,2023-11-30,1,Wrong Product,393.0
433,9959,2024-09-24,1,Customer Changed Mind,5094.0
434,9982,2025-07-20,1,Late Delivery,1615.5
435,10005,2022-05-16,1,Quality Issue,6171.2
436,10028,2023-03-11,1,Damaged Product,2697.0
437,10051,2024-01-04,1,Wrong Product,7398.0
438,10074,2024-10-29,1,Customer Changed Mind,4099.0
439,10097,2025-08-24,1,Late Delivery,800.0
440,10120,2022-06-20,1,Quality Issue,4675.85
441,10143,2023-04-15,1,Damaged Product,1531.8
442,10166,2024-02-08,1,Wrong Product,6403.0
443,10189,2024-12-03,1,Customer Changed Mind,3104.0
444,10212,2025-09-28,1,Late Delivery,7805.0
445,10235,2022-07-25,1,Quality Issue,3805.7
446,10258,2023-05-20,1,Damaged Product,707.0
447,10281,2024-03-14,1,Wrong Product,5408.0
448,10304,2025-01-07,1,Customer Changed Mind,1898.1
449,10327,2025-11-02,1,Late Delivery,6810.0
450,10350,2022-08-29,1,Quality Issue,2559.35
451,10373,2023-06-24,1,Damaged Product,7712.0
452,10396,2024-04-18,1,Wrong Product,4413.0
453,10419,2025-02-11,1,Customer Changed Mind,1114.0
454,10442,2025-12-07,1,Late Delivery,5815.0
455,10465,2022-10-03,1,Quality Issue,1814.4
456,10488,2023-07-29,1,Damaged Product,6717.0
457,10511,2024-05-23,1,Wrong Product,3418.0
458,10534,2025-03-18,1,Customer Changed Mind,8119.0
459,10557,2022-01-12,1,Late Delivery,4320.0
460,10580,2022-11-07,1,Quality Issue,867.85
461,10603,2023-09-02,1,Damaged Product,5722.0
462,10626,2024-06-27,1,Wrong Product,2180.7
463,10649,2025-04-22,1,Customer Changed Mind,7124.0
464,10672,2022-02-16,1,Late Delivery,3325.0
465,10695,2022-12-12,1,Quality Issue,7624.7
466,10718,2023-10-07,1,Damaged Product,4727.0
467,10741,2024-08-01,1,Wrong Product,1428.0
468,10764,2025-05-27,1,Customer Changed Mind,5629.0
469,10787,2022-03-23,1,Late Delivery,2097.0
470,10810,2023-01-16,1,Quality Issue,5976.35
471,10833,2023-11-11,1,Damaged Product,3732.0
472,10856,2024-09-05,1,Wrong Product,433.0
473,10879,2025-07-01,1,Customer Changed Mind,4634.0
474,10902,2022-04-27,1,Late Delivery,1335.0
475,10925,2023-02-20,1,Quality Issue,5734.2
476,10948,2023-12-16,1,Damaged Product,2463.3
477,10971,2024-10-10,1,Wrong Product,7438.0
478,10994,2025-08-05,1,Customer Changed Mind,3639.0
479,11017,2022-06-01,1,Late Delivery,340.0
480,11040,2023-03-27,1,Quality Issue,4284.85
481,11063,2024-01-20,1,Damaged Product,1742.0
482,11086,2024-11-14,1,Wrong Product,5943.0
483,11109,2025-09-09,1,Customer Changed Mind,2379.6
484,11132,2022-07-06,1,Late Delivery,7345.0
485,11155,2023-05-01,1,Quality Issue,3843.7
486,11178,2024-02-24,1,Damaged Product,747.0
487,11201,2024-12-19,1,Wrong Product,4948.0
488,11224,2025-10-14,1,Customer Changed Mind,1649.0
489,11247,2022-08-10,1,Late Delivery,6350.0
490,11270,2023-06-05,1,Quality Issue,2593.35
491,11293,2024-03-30,1,Damaged Product,7252.0
492,11316,2025-01-23,1,Wrong Product,3953.0
493,11339,2025-11-18,1,Customer Changed Mind,654.0
494,11362,2022-09-14,1,Late Delivery,5355.0
495,11385,2023-07-10,1,Quality Issue,1953.2
496,11408,2024-05-04,1,Damaged Product,6257.0
497,11431,2025-02-27,1,Wrong Product,2662.2
498,11454,2025-12-23,1,Customer Changed Mind,7659.0
499,11477,2022-10-19,1,Late Delivery,4360.0
500,11500,2023-08-14,1,Quality Issue,901.85
501,11523,2024-06-08,1,Damaged Product,5262.0
502,11546,2025-04-03,1,Wrong Product,1963.0
503,11569,2022-01-28,1,Customer Changed Mind,6664.0
504,11592,2022-11-23,1,Late Delivery,3028.5
505,11615,2023-09-18,1,Quality Issue,7187.7
506,11638,2024-07-13,1,Damaged Product,4267.0
507,11661,2025-05-08,1,Wrong Product,968.0
508,11684,2022-03-04,1,Customer Changed Mind,5669.0
509,11707,2022-12-28,1,Late Delivery,2370.0
510,11730,2023-10-23,1,Quality Issue,5585.35
511,11753,2024-08-17,1,Damaged Product,2944.8
512,11776,2025-06-12,1,Wrong Product,7973.0
513,11799,2022-04-08,1,Customer Changed Mind,4674.0
514,11822,2023-02-01,1,Late Delivery,875.0
515,11845,2023-11-27,1,Quality Issue,5297.2
516,11868,2024-09-21,1,Damaged Product,2277.0
517,11891,2025-07-17,1,Wrong Product,6978.0
518,11914,2022-05-13,1,Customer Changed Mind,3311.1
519,11937,2023-03-08,1,Late Delivery,7880.0
520,11960,2024-01-01,1,Quality Issue,3893.85
521,11983,2024-10-26,1,Damaged Product,1282.0
522,12006,2025-08-21,1,Wrong Product,5983.0
523,12029,2022-06-17,1,Customer Changed Mind,2184.0
524,12052,2023-04-12,1,Late Delivery,6885.0
525,12075,2024-02-05,1,Quality Issue,3227.4
526,12098,2024-11-30,1,Damaged Product,287.0
527,12121,2025-09-25,1,Wrong Product,4988.0
528,12144,2022-07-22,1,Customer Changed Mind,1189.0
529,12167,2023-05-17,1,Late Delivery,5890.0
530,12190,2024-03-11,1,Quality Issue,2202.35
531,12213,2025-01-04,1,Damaged Product,7292.0
532,12236,2025-10-30,1,Wrong Product,3593.7
533,12259,2022-08-26,1,Customer Changed Mind,194.0
534,12282,2023-06-21,1,Late Delivery,4895.0
535,12305,2024-04-15,1,Quality Issue,1516.2
536,12328,2025-02-08,1,Damaged Product,6297.0
537,12351,2025-12-04,1,Wrong Product,2498.0
538,12374,2022-09-30,1,Customer Changed Mind,7199.0
539,12397,2023-07-26,1,Late Delivery,3510.0
540,12420,2024-05-20,1,Quality Issue,510.85
541,12443,2025-03-15,1,Damaged Product,5302.0
542,12466,2026-01-08,1,Wrong Product,1503.0
543,12489,2022-11-04,1,Customer Changed Mind,6204.0
544,12512,2023-08-30,1,Late Delivery,2905.0
545,12535,2024-06-24,1,Quality Issue,7225.7
546,12558,2025-04-19,1,Damaged Product,3426.3
547,12581,2022-02-13,1,Wrong Product,508.0
548,12604,2022-12-09,1,Customer Changed Mind,5209.0
549,12627,2023-10-04,1,Late Delivery,1910.0
550,12650,2024-07-29,1,Quality Issue,5619.35
551,12673,2025-05-24,1,Damaged Product,2812.0
552,12696,2022-03-20,1,Wrong Product,7513.0
553,12719,2023-01-13,1,Customer Changed Mind,3792.6
554,12742,2023-11-08,1,Late Delivery,915.0
555,12765,2024-09-02,1,Quality Issue,5335.2
556,12788,2025-06-28,1,Damaged Product,1817.0
557,12811,2022-04-24,1,Wrong Product,6518.0
558,12834,2023-02-17,1,Customer Changed Mind,3219.0
559,12857,2023-12-13,1,Late Delivery,7920.0
560,12880,2024-10-07,1,Quality Issue,3502.85
561,12903,2025-08-02,1,Damaged Product,822.0
562,12926,2022-05-29,1,Wrong Product,5523.0
563,12949,2023-03-24,1,Customer Changed Mind,2224.0
564,12972,2024-01-17,1,Late Delivery,6925.0
565,12995,2024-11-11,1,Quality Issue,2969.7
566,13018,2025-09-06,1,Damaged Product,7827.0
567,13041,2022-07-03,1,Wrong Product,4075.2
568,13064,2023-04-28,1,Customer Changed Mind,1229.0
569,13087,2024-02-21,1,Late Delivery,5430.0
570,13110,2024-12-16,1,Quality Issue,1811.35
571,13133,2025-10-11,1,Damaged Product,6832.0
572,13156,2022-08-07,1,Wrong Product,3533.0
573,13179,2023-06-02,1,Customer Changed Mind,234.0
574,13202,2024-03-27,1,Late Delivery,3991.5
575,13225,2025-01-20,1,Quality Issue,1079.2
576,13248,2025-11-15,1,Damaged Product,5837.0
577,13271,2022-09-11,1,Wrong Product,2538.0
578,13294,2023-07-07,1,Customer Changed Mind,6739.0
579,13317,2024-05-01,1,Late Delivery,3440.0
580,13340,2025-02-24,1,Quality Issue,6919.85
581,13363,2025-12-20,1,Damaged Product,4357.8
582,13386,2022-10-16,1,Wrong Product,1543.0
583,13409,2023-08-11,1,Customer Changed Mind,5744.0
584,13432,2024-06-05,1,Late Delivery,2445.0
585,13455,2025-03-31,1,Quality Issue,6788.7
586,13478,2022-01-25,1,Damaged Product,3847.0
587,13501,2022-11-20,1,Wrong Product,548.0
588,13524,2023-09-15,1,Customer Changed Mind,4274.1
589,13547,2024-07-10,1,Late Delivery,1450.0
590,13570,2025-05-05,1,Quality Issue,5228.35
591,13593,2022-03-01,1,Damaged Product,2852.0
592,13616,2022-12-25,1,Wrong Product,7053.0
593,13639,2023-10-20,1,Customer Changed Mind,3754.0
594,13662,2024-08-14,1,Late Delivery,455.0
595,13685,2025-06-09,1,Quality Issue,4640.4
596,13708,2022-04-05,1,Damaged Product,1857.0
597,13731,2023-01-29,1,Wrong Product,6058.0
598,13754,2023-11-24,1,Customer Changed Mind,2759.0
599,13777,2024-09-18,1,Late Delivery,7460.0
600,13800,2025-07-14,1,Quality Issue,3536.85
601,13823,2022-05-10,1,Damaged Product,362.0
602,13846,2023-03-05,1,Wrong Product,4556.7
603,13869,2023-12-29,1,Customer Changed Mind,1764.0
604,13892,2024-10-23,1,Late Delivery,6465.0
605,13915,2025-08-18,1,Quality Issue,3007.7
606,13938,2022-06-14,1,Damaged Product,7367.0
607,13961,2023-04-09,1,Wrong Product,4068.0
608,13984,2024-02-02,1,Customer Changed Mind,769.0
609,14007,2024-11-27,1,Late Delivery,4923.0
610,14030,2025-09-22,1,Quality Issue,1845.35
611,14053,2022-07-19,1,Damaged Product,6372.0
612,14076,2023-05-14,1,Wrong Product,3073.0
613,14099,2024-03-08,1,Customer Changed Mind,7774.0
614,14122,2025-01-01,1,Late Delivery,4475.0
615,14145,2025-10-27,1,Quality Issue,642.2
616,14168,2022-08-23,1,Damaged Product,4839.3
617,14191,2023-06-18,1,Wrong Product,2078.0
618,14214,2024-04-12,1,Customer Changed Mind,6779.0
619,14237,2025-02-05,1,Late Delivery,3480.0
620,14260,2025-12-01,1,Quality Issue,6528.85
621,14283,2022-09-27,1,Damaged Product,4382.0
622,14306,2023-07-23,1,Wrong Product,1083.0
623,14329,2024-05-17,1,Customer Changed Mind,5205.6
624,14352,2025-03-12,1,Late Delivery,1985.0
625,14375,2026-01-05,1,Quality Issue,6351.7
626,14398,2022-11-01,1,Damaged Product,3387.0
627,14421,2023-08-27,1,Wrong Product,8088.0
628,14444,2024-06-21,1,Customer Changed Mind,4789.0
629,14467,2025-04-16,1,Late Delivery,990.0
630,14490,2022-02-10,1,Quality Issue,4837.35
631,14513,2022-12-06,1,Damaged Product,2392.0
632,14536,2023-10-01,1,Wrong Product,7093.0
633,14559,2024-07-26,1,Customer Changed Mind,3794.0
634,14582,2025-05-21,1,Late Delivery,7995.0
635,14605,2022-03-17,1,Quality Issue,4461.2
636,14628,2023-01-10,1,Damaged Product,1397.0
637,14651,2023-11-05,1,Wrong Product,5488.2
638,14674,2024-08-30,1,Customer Changed Mind,2299.0
639,14697,2025-06-25,1,Late Delivery,7000.0
640,14720,2022-04-21,1,Quality Issue,3145.85
641,14743,2023-02-14,1,Damaged Product,402.0
642,14766,2023-12-10,1,Wrong Product,5103.0
643,14789,2024-10-04,1,Customer Changed Mind,1304.0
644,14812,2025-07-30,1,Late Delivery,5404.5
645,14835,2022-05-26,1,Quality Issue,2570.7
646,14858,2023-03-21,1,Damaged Product,7407.0
647,14881,2024-01-14,1,Wrong Product,3608.0
648,14904,2024-11-08,1,Customer Changed Mind,309.0
649,14927,2025-09-03,1,Late Delivery,5010.0
650,14950,2022-06-30,1,Quality Issue,1454.35
651,14973,2023-04-25,1,Damaged Product,5770.8
652,14996,2024-02-18,1,Wrong Product,2613.0
653,15019,2024-12-13,1,Customer Changed Mind,7314.0
654,15042,2025-10-08,1,Late Delivery,4015.0
655,15065,2022-08-04,1,Quality Issue,680.2
656,15088,2023-05-30,1,Damaged Product,4917.0
657,15111,2024-03-24,1,Wrong Product,1618.0
658,15134,2025-01-17,1,Customer Changed Mind,5687.1
659,15157,2025-11-12,1,Late Delivery,3020.0
660,15180,2022-09-08,1,Quality Issue,6562.85
661,15203,2023-07-04,1,Damaged Product,3922.0
662,15226,2024-04-28,1,Wrong Product,623.0
663,15249,2025-02-21,1,Customer Changed Mind,5324.0
664,15272,2025-12-17,1,Late Delivery,2025.0
665,15295,2022-10-13,1,Quality Issue,6053.4
666,15318,2023-08-08,1,Damaged Product,2927.0
667,15341,2024-06-02,1,Wrong Product,7628.0
668,15364,2025-03-28,1,Customer Changed Mind,4329.0
669,15387,2022-01-22,1,Late Delivery,1030.0
670,15410,2022-11-17,1,Quality Issue,4446.35
671,15433,2023-09-12,1,Damaged Product,1932.0
672,15456,2024-07-07,1,Wrong Product,5969.7
673,15479,2025-05-02,1,Customer Changed Mind,3334.0
674,15502,2022-02-26,1,Late Delivery,8035.0
675,15525,2022-12-22,1,Quality Issue,4024.2
676,15548,2023-10-17,1,Damaged Product,937.0
677,15571,2024-08-11,1,Wrong Product,5638.0
678,15594,2025-06-06,1,Customer Changed Mind,2339.0
679,15617,2022-04-02,1,Late Delivery,5886.0
680,15640,2023-01-26,1,Quality Issue,2754.85
681,15663,2023-11-21,1,Damaged Product,7942.0
682,15686,2024-09-15,1,Wrong Product,4643.0
683,15709,2025-07-11,1,Customer Changed Mind,1344.0
684,15732,2022-05-07,1,Late Delivery,5545.0
685,15755,2023-03-02,1,Quality Issue,2133.7
686,15778,2023-12-26,1,Damaged Product,6252.3
687,15801,2024-10-20,1,Wrong Product,3648.0
688,15824,2025-08-15,1,Customer Changed Mind,349.0
689,15847,2022-06-11,1,Late Delivery,4550.0
690,15870,2023-04-06,1,Quality Issue,1063.35
691,15893,2024-01-30,1,Damaged Product,5952.0
692,15916,2024-11-24,1,Wrong Product,2653.0
693,15939,2025-09-19,1,Customer Changed Mind,6168.6
694,15962,2022-07-16,1,Late Delivery,3555.0
695,15985,2023-05-11,1,Quality Issue,243.2
696,16008,2024-03-05,1,Damaged Product,4957.0
697,16031,2024-12-29,1,Wrong Product,1658.0
698,16054,2025-10-24,1,Customer Changed Mind,5859.0
699,16077,2022-08-20,1,Late Delivery,2560.0
700,16100,2023-06-15,1,Quality Issue,6171.85
701,16123,2024-04-09,1,Damaged Product,3962.0
702,16146,2025-02-02,1,Wrong Product,163.0
703,16169,2025-11-28,1,Customer Changed Mind,4864.0
704,16192,2022-09-24,1,Late Delivery,1565.0
705,16215,2023-07-20,1,Quality Issue,5952.7
706,16238,2024-05-14,1,Damaged Product,2967.0
707,16261,2025-03-09,1,Wrong Product,6451.2
708,16284,2026-01-02,1,Customer Changed Mind,3869.0
709,16307,2022-10-29,1,Late Delivery,570.0
710,16330,2023-08-24,1,Quality Issue,4480.35
711,16353,2024-06-18,1,Damaged Product,1972.0
712,16376,2025-04-13,1,Wrong Product,6173.0
713,16399,2022-02-07,1,Customer Changed Mind,2874.0
714,16422,2022-12-03,1,Late Delivery,6817.5
715,16445,2023-09-28,1,Quality Issue,4062.2
716,16468,2024-07-23,1,Damaged Product,477.0
717,16491,2025-05-18,1,Wrong Product,5178.0
718,16514,2022-03-14,1,Customer Changed Mind,1879.0
719,16537,2023-01-07,1,Late Delivery,6580.0
720,16560,2023-11-02,1,Quality Issue,2788.85
721,16583,2024-08-27,1,Damaged Product,6733.8
722,16606,2025-06-22,1,Wrong Product,4183.0
723,16629,2022-04-18,1,Customer Changed Mind,884.0
724,16652,2023-02-11,1,Late Delivery,5585.0
725,16675,2023-12-07,1,Quality Issue,1696.7
726,16698,2024-10-01,1,Damaged Product,6487.0
727,16721,2025-07-27,1,Wrong Product,3188.0
728,16744,2022-05-23,1,Customer Changed Mind,7100.1
729,16767,2023-03-18,1,Late Delivery,4590.0
730,16790,2024-01-11,1,Quality Issue,672.35
731,16813,2024-11-05,1,Damaged Product,5492.0
732,16836,2025-08-31,1,Wrong Product,2193.0
733,16859,2022-06-27,1,Customer Changed Mind,6894.0
734,16882,2023-04-22,1,Late Delivery,3095.0
735,16905,2024-02-15,1,Quality Issue,7016.4
736,16928,2024-12-10,1,Damaged Product,4497.0
737,16951,2025-10-05,1,Wrong Product,1198.0
738,16974,2022-08-01,1,Customer Changed Mind,5899.0
739,16997,2023-05-27,1,Late Delivery,2100.0
740,17020,2024-03-21,1,Quality Issue,5780.85
741,17043,2025-01-14,1,Damaged Product,3502.0
742,17066,2025-11-09,1,Wrong Product,182.7
743,17089,2022-09-05,1,Customer Changed Mind,4904.0
744,17112,2023-07-01,1,Late Delivery,1105.0
745,17135,2024-04-25,1,Quality Issue,5515.7
746,17158,2025-02-18,1,Damaged Product,2507.0
747,17181,2025-12-14,1,Wrong Product,7208.0
748,17204,2022-10-10,1,Customer Changed Mind,3409.0
749,17227,2023-08-05,1,Late Delivery,7299.0
750,17250,2024-05-30,1,Quality Issue,4089.35
751,17273,2025-03-25,1,Damaged Product,1512.0
752,17296,2022-01-19,1,Wrong Product,6213.0
753,17319,2022-11-14,1,Customer Changed Mind,2414.0
754,17342,2023-09-09,1,Late Delivery,7115.0
755,17365,2024-07-04,1,Quality Issue,3625.2
756,17388,2025-04-29,1,Damaged Product,465.3
757,17411,2022-02-23,1,Wrong Product,4718.0
758,17434,2022-12-19,1,Customer Changed Mind,1419.0
759,17457,2023-10-14,1,Late Delivery,6120.0
760,17480,2024-08-08,1,Quality Issue,2397.85
761,17503,2025-06-03,1,Damaged Product,7522.0
762,17526,2022-03-30,1,Wrong Product,3723.0
763,17549,2023-01-23,1,Customer Changed Mind,381.6
764,17572,2023-11-18,1,Late Delivery,5125.0
765,17595,2024-09-12,1,Quality Issue,1734.7
766,17618,2025-07-08,1,Damaged Product,6527.0
767,17641,2022-05-04,1,Wrong Product,2728.0
768,17664,2023-02-27,1,Customer Changed Mind,7429.0
769,17687,2023-12-23,1,Late Delivery,4130.0
770,17710,2024-10-17,1,Quality Issue,706.35
771,17733,2025-08-12,1,Damaged Product,5032.0
772,17756,2022-06-08,1,Wrong Product,1733.0
773,17779,2023-04-03,1,Customer Changed Mind,6434.0
774,17802,2024-01-27,1,Late Delivery,3135.0
775,17825,2024-11-21,1,Quality Issue,7444.2
776,17848,2025-09-16,1,Damaged Product,4037.0
777,17871,2022-07-13,1,Wrong Product,664.2
778,17894,2023-05-08,1,Customer Changed Mind,5439.0
779,17917,2024-03-02,1,Late Delivery,2140.0
780,17940,2024-12-26,1,Quality Issue,5389.85
781,17963,2025-10-21,1,Damaged Product,3042.0
782,17986,2022-08-17,1,Wrong Product,7743.0
783,18009,2023-06-12,1,Customer Changed Mind,4444.0
784,18032,2024-04-06,1,Late Delivery,1030.5
785,18055,2025-01-30,1,Quality Issue,5078.7
786,18078,2025-11-25,1,Damaged Product,2047.0
787,18101,2022-09-21,1,Wrong Product,6748.0
788,18124,2023-07-17,1,Customer Changed Mind,3449.0
789,18147,2024-05-11,1,Late Delivery,7650.0
790,18170,2025-03-06,1,Quality Issue,3698.35
791,18193,2025-12-30,1,Damaged Product,946.8
792,18216,2022-10-26,1,Wrong Product,5753.0
793,18239,2023-08-21,1,Customer Changed Mind,2454.0
794,18262,2024-06-15,1,Late Delivery,6655.0
795,18285,2025-04-10,1,Quality Issue,3188.2
796,18308,2022-02-04,1,Damaged Product,8057.0
797,18331,2022-11-30,1,Wrong Product,4758.0
798,18354,2023-09-25,1,Customer Changed Mind,1313.1
799,18377,2024-07-20,1,Late Delivery,5660.0
800,18400,2025-05-15,1,Quality Issue,2006.85
801,18423,2022-03-11,1,Damaged Product,7062.0
802,18446,2023-01-04,1,Wrong Product,3763.0
803,18469,2023-10-30,1,Customer Changed Mind,7964.0
804,18492,2024-08-24,1,Late Delivery,4665.0
805,18515,2025-06-19,1,Quality Issue,1229.4
806,18538,2022-04-15,1,Damaged Product,6067.0
807,18561,2023-02-08,1,Wrong Product,2768.0
808,18584,2023-12-04,1,Customer Changed Mind,6969.0
809,18607,2024-09-28,1,Late Delivery,3670.0
810,18630,2025-07-24,1,Quality Issue,315.35
811,18653,2022-05-20,1,Damaged Product,5072.0
812,18676,2023-03-15,1,Wrong Product,1145.7
813,18699,2024-01-08,1,Customer Changed Mind,5974.0
814,18722,2024-11-02,1,Late Delivery,2675.0
815,18745,2025-08-28,1,Quality Issue,7007.2
816,18768,2022-06-24,1,Damaged Product,4077.0
817,18791,2023-04-19,1,Wrong Product,278.0
818,18814,2024-02-12,1,Customer Changed Mind,4979.0
819,18837,2024-12-07,1,Late Delivery,1512.0
820,18860,2025-10-02,1,Quality Issue,5423.85
821,18883,2022-07-29,1,Damaged Product,3082.0
822,18906,2023-05-24,1,Wrong Product,7283.0
823,18929,2024-03-18,1,Customer Changed Mind,3984.0
824,18952,2025-01-11,1,Late Delivery,685.0
825,18975,2025-11-06,1,Quality Issue,5116.7
826,18998,2022-09-02,1,Damaged Product,1428.3
827,19021,2023-06-28,1,Wrong Product,6288.0
828,19044,2024-04-22,1,Customer Changed Mind,2989.0
829,19067,2025-02-15,1,Late Delivery,7690.0
830,19090,2025-12-11,1,Quality Issue,3732.35
831,19113,2022-10-07,1,Damaged Product,592.0
832,19136,2023-08-02,1,Wrong Product,5293.0
833,19159,2024-05-27,1,Customer Changed Mind,1794.6
834,19182,2025-03-22,1,Late Delivery,6695.0
835,19205,2022-01-16,1,Quality Issue,2751.2
836,19228,2022-11-11,1,Damaged Product,7597.0
837,19251,2023-09-06,1,Wrong Product,4298.0
838,19274,2024-07-01,1,Customer Changed Mind,999.0
839,19297,2025-04-26,1,Late Delivery,5700.0
840,19320,2022-02-20,1,Quality Issue,1615.85
841,19343,2022-12-16,1,Damaged Product,6602.0
842,19366,2023-10-11,1,Wrong Product,3303.0
843,19389,2024-08-05,1,Customer Changed Mind,8004.0
844,19412,2025-05-31,1,Late Delivery,4705.0
845,19435,2022-03-27,1,Quality Issue,860.7
846,19458,2023-01-20,1,Damaged Product,5607.0
847,19481,2023-11-15,1,Wrong Product,2077.2
848,19504,2024-09-09,1,Customer Changed Mind,7009.0
849,19527,2025-07-05,1,Late Delivery,3210.0
850,19550,2022-05-01,1,Quality Issue,6724.35
851,19573,2023-02-24,1,Damaged Product,4612.0
852,19596,2023-12-20,1,Wrong Product,1313.0
853,19619,2024-10-14,1,Customer Changed Mind,6014.0
854,19642,2025-08-09,1,Late Delivery,1993.5
855,19665,2022-06-05,1,Quality Issue,6570.2
856,19688,2023-03-31,1,Damaged Product,3617.0
857,19711,2024-01-24,1,Wrong Product,318.0
858,19734,2024-11-18,1,Customer Changed Mind,4519.0
859,19757,2025-09-13,1,Late Delivery,1220.0
860,19780,2022-07-10,1,Quality Issue,5032.85
861,19803,2023-05-05,1,Damaged Product,2359.8
862,19826,2024-02-28,1,Wrong Product,7323.0
863,19849,2024-12-23,1,Customer Changed Mind,3524.0
864,19872,2025-10-18,1,Late Delivery,225.0
865,19895,2022-08-14,1,Quality Issue,4679.7
866,19918,2023-06-09,1,Damaged Product,1627.0
867,19941,2024-04-03,1,Wrong Product,5828.0
868,19964,2025-01-27,1,Customer Changed Mind,2276.1
869,19987,2025-11-22,1,Late Delivery,7230.0
870,20010,2022-09-18,1,Quality Issue,3341.35
871,20033,2023-07-14,1,Damaged Product,632.0
872,20056,2024-05-08,1,Wrong Product,4833.0
873,20079,2025-03-03,1,Customer Changed Mind,1534.0
874,20102,2025-12-27,1,Late Delivery,6235.0
875,20125,2022-10-23,1,Quality Issue,2642.4
876,20148,2023-08-18,1,Damaged Product,7637.0
877,20171,2024-06-12,1,Wrong Product,3838.0
878,20194,2025-04-07,1,Customer Changed Mind,539.0
879,20217,2022-02-01,1,Late Delivery,5240.0
880,20240,2022-11-27,1,Quality Issue,1649.85
881,20263,2023-09-22,1,Damaged Product,6142.0
882,20286,2024-07-17,1,Wrong Product,2558.7
883,20309,2025-05-12,1,Customer Changed Mind,7544.0
884,20332,2022-03-08,1,Late Delivery,4245.0
885,20355,2023-01-01,1,Quality Issue,898.7
886,20378,2023-10-27,1,Damaged Product,5147.0
887,20401,2024-08-21,1,Wrong Product,1848.0
888,20424,2025-06-16,1,Customer Changed Mind,6549.0
889,20447,2022-04-12,1,Late Delivery,2925.0
890,20470,2023-02-05,1,Quality Issue,6333.35
891,20493,2023-12-01,1,Damaged Product,4152.0
892,20516,2024-09-25,1,Wrong Product,853.0
893,20539,2025-07-21,1,Customer Changed Mind,5554.0
894,20562,2022-05-17,1,Late Delivery,2255.0
895,20585,2023-03-12,1,Quality Issue,6133.2
896,20608,2024-01-05,1,Damaged Product,2841.3
897,20631,2024-10-30,1,Wrong Product,7858.0
898,20654,2025-08-25,1,Customer Changed Mind,4559.0
899,20677,2022-06-21,1,Late Delivery,1260.0
900,20700,2023-04-16,1,Quality Issue,4641.85
901,20723,2024-02-09,1,Damaged Product,2162.0
902,20746,2024-12-04,1,Wrong Product,6863.0
903,20769,2025-09-29,1,Customer Changed Mind,3207.6
904,20792,2022-07-26,1,Late Delivery,7765.0
905,20815,2023-05-21,1,Quality Issue,4242.7
906,20838,2024-03-15,1,Damaged Product,1167.0
907,20861,2025-01-08,1,Wrong Product,5868.0
908,20884,2025-11-03,1,Customer Changed Mind,2569.0
909,20907,2022-08-30,1,Late Delivery,6770.0
910,20930,2023-06-25,1,Quality Issue,2950.35
911,20953,2024-04-19,1,Damaged Product,172.0
912,20976,2025-02-12,1,Wrong Product,4873.0
913,20999,2025-12-08,1,Customer Changed Mind,1074.0
914,21022,2022-10-04,1,Late Delivery,5775.0
915,21045,2023-07-30,1,Quality Issue,2352.2
916,21068,2024-05-24,1,Damaged Product,7177.0
917,21091,2025-03-19,1,Wrong Product,3490.2
918,21114,2022-01-13,1,Customer Changed Mind,8079.0
919,21137,2022-11-08,1,Late Delivery,4780.0
920,21160,2023-09-03,1,Quality Issue,1258.85
921,21183,2024-06-28,1,Damaged Product,6182.0
922,21206,2025-04-23,1,Wrong Product,2883.0
923,21229,2022-02-17,1,Customer Changed Mind,7084.0
924,21252,2022-12-13,1,Late Delivery,3406.5
925,21275,2023-10-08,1,Quality Issue,461.7
926,21298,2024-08-02,1,Damaged Product,5187.0
927,21321,2025-05-28,1,Wrong Product,1388.0
928,21344,2022-03-24,1,Customer Changed Mind,6089.0
929,21367,2023-01-17,1,Late Delivery,2790.0
930,21390,2023-11-12,1,Quality Issue,6367.35
931,21413,2024-09-06,1,Damaged Product,3772.8
932,21436,2025-07-02,1,Wrong Product,393.0
933,21459,2022-04-28,1,Customer Changed Mind,5094.0
934,21482,2023-02-21,1,Late Delivery,1795.0
935,21505,2023-12-17,1,Quality Issue,6171.2
936,21528,2024-10-11,1,Damaged Product,2697.0
937,21551,2025-08-06,1,Wrong Product,7398.0
938,21574,2022-06-02,1,Customer Changed Mind,3689.1
939,21597,2023-03-28,1,Late Delivery,800.0
940,21620,2024-01-21,1,Quality Issue,4675.85
941,21643,2024-11-15,1,Damaged Product,1702.0
942,21666,2025-09-10,1,Wrong Product,6403.0
943,21689,2022-07-07,1,Customer Changed Mind,3104.0
944,21712,2023-05-02,1,Late Delivery,7805.0
945,21735,2024-02-25,1,Quality Issue,3605.4
946,21758,2024-12-20,1,Damaged Product,707.0
947,21781,2025-10-15,1,Wrong Product,5408.0
948,21804,2022-08-11,1,Customer Changed Mind,2109.0
949,21827,2023-06-06,1,Late Delivery,6810.0
950,21850,2024-03-31,1,Quality Issue,2559.35
951,21873,2025-01-24,1,Damaged Product,7712.0
952,21896,2025-11-19,1,Wrong Product,3971.7
953,21919,2022-09-15,1,Customer Changed Mind,1114.0
954,21942,2023-07-11,1,Late Delivery,5815.0
955,21965,2024-05-05,1,Quality Issue,1915.2
956,21988,2025-02-28,1,Damaged Product,6717.0
957,22011,2025-12-24,1,Wrong Product,3418.0
958,22034,2022-10-20,1,Customer Changed Mind,8119.0
959,22057,2023-08-15,1,Late Delivery,3888.0
960,22080,2024-06-09,1,Quality Issue,867.85
961,22103,2025-04-04,1,Damaged Product,5722.0
962,22126,2022-01-29,1,Wrong Product,2423.0
963,22149,2022-11-24,1,Customer Changed Mind,7124.0
964,22172,2023-09-19,1,Late Delivery,3325.0
965,22195,2024-07-14,1,Quality Issue,7624.7
966,22218,2025-05-09,1,Damaged Product,4254.3
967,22241,2022-03-05,1,Wrong Product,1428.0
968,22264,2022-12-29,1,Customer Changed Mind,5629.0
969,22287,2023-10-24,1,Late Delivery,2330.0
970,22310,2024-08-18,1,Quality Issue,5976.35
971,22333,2025-06-13,1,Damaged Product,3732.0
972,22356,2022-04-09,1,Wrong Product,433.0
973,22379,2023-02-02,1,Customer Changed Mind,4170.6
974,22402,2023-11-28,1,Late Delivery,1335.0
975,22425,2024-09-22,1,Quality Issue,5734.2
976,22448,2025-07-18,1,Damaged Product,2737.0
977,22471,2022-05-14,1,Wrong Product,7438.0
978,22494,2023-03-09,1,Customer Changed Mind,3639.0
979,22517,2024-01-02,1,Late Delivery,340.0
980,22540,2024-10-27,1,Quality Issue,4284.85
981,22563,2025-08-22,1,Damaged Product,1742.0
982,22586,2022-06-18,1,Wrong Product,5943.0
983,22609,2023-04-13,1,Customer Changed Mind,2644.0
984,22632,2024-02-06,1,Late Delivery,7345.0
985,22655,2024-12-01,1,Quality Issue,3843.7
986,22678,2025-09-26,1,Damaged Product,747.0
987,22701,2022-07-23,1,Wrong Product,4453.2
988,22724,2023-05-18,1,Customer Changed Mind,1649.0
989,22747,2024-03-12,1,Late Delivery,6350.0
990,22770,2025-01-05,1,Quality Issue,2593.35
991,22793,2025-10-31,1,Damaged Product,7252.0
992,22816,2022-08-27,1,Wrong Product,3953.0
993,22839,2023-06-22,1,Customer Changed Mind,654.0
994,22862,2024-04-16,1,Late Delivery,4819.5
995,22885,2025-02-09,1,Quality Issue,1953.2
996,22908,2025-12-05,1,Damaged Product,6257.0
997,22931,2022-10-01,1,Wrong Product,2958.0
998,22954,2023-07-27,1,Customer Changed Mind,7659.0
999,22977,2024-05-21,1,Late Delivery,4360.0
1000,23000,2025-03-16,1,Quality Issue,901.85
1001,23023,2026-01-09,1,Damaged Product,4735.8
1002,23046,2022-11-05,1,Wrong Product,1963.0
1003,23069,2023-08-31,1,Customer Changed Mind,6664.0
1004,23092,2024-06-25,1,Late Delivery,3365.0
1005,23115,2025-04-20,1,Quality Issue,7187.7
1006,23138,2022-02-14,1,Damaged Product,4267.0
1007,23161,2022-12-10,1,Wrong Product,968.0
1008,23184,2023-10-05,1,Customer Changed Mind,5102.1
1009,23207,2024-07-30,1,Late Delivery,2370.0
1010,23230,2025-05-25,1,Quality Issue,5585.35
1011,23253,2022-03-21,1,Damaged Product,3272.0
1012,23276,2023-01-14,1,Wrong Product,7973.0
1013,23299,2023-11-09,1,Customer Changed Mind,4674.0
1014,23322,2024-09-03,1,Late Delivery,875.0
1015,23345,2025-06-29,1,Quality Issue,5018.4
1016,23368,2022-04-25,1,Damaged Product,2277.0
1017,23391,2023-02-18,1,Wrong Product,6978.0
1018,23414,2023-12-14,1,Customer Changed Mind,3679.0
1019,23437,2024-10-08,1,Late Delivery,7880.0
1020,23460,2025-08-03,1,Quality Issue,3893.85
1021,23483,2022-05-30,1,Damaged Product,1282.0
1022,23506,2023-03-25,1,Wrong Product,5384.7
1023,23529,2024-01-18,1,Customer Changed Mind,2184.0
1024,23552,2024-11-12,1,Late Delivery,6885.0
1025,23575,2025-09-07,1,Quality Issue,3406.7
1026,23598,2022-07-04,1,Damaged Product,287.0
1027,23621,2023-04-29,1,Wrong Product,4988.0
1028,23644,2024-02-22,1,Customer Changed Mind,1189.0
1029,23667,2024-12-17,1,Late Delivery,5301.0
1030,23690,2025-10-12,1,Quality Issue,2202.35
1031,23713,2022-08-08,1,Damaged Product,7292.0
1032,23736,2023-06-03,1,Wrong Product,3993.0
1033,23759,2024-03-28,1,Customer Changed Mind,194.0
1034,23782,2025-01-21,1,Late Delivery,4895.0
1035,23805,2025-11-16,1,Quality Issue,1516.2
1036,23828,2022-09-12,1,Damaged Product,5667.3
1037,23851,2023-07-08,1,Wrong Product,2498.0
1038,23874,2024-05-02,1,Customer Changed Mind,7199.0
1039,23897,2025-02-25,1,Late Delivery,3900.0
1040,23920,2025-12-21,1,Quality Issue,510.85
1041,23943,2022-10-17,1,Damaged Product,5302.0
1042,23966,2023-08-12,1,Wrong Product,1503.0
1043,23989,2024-06-06,1,Customer Changed Mind,5583.6
1044,24012,2025-04-01,1,Late Delivery,2905.0
1045,24035,2022-01-26,1,Quality Issue,7225.7
1046,24058,2022-11-21,1,Damaged Product,3807.0
1047,24081,2023-09-16,1,Wrong Product,508.0
1048,24104,2024-07-11,1,Customer Changed Mind,5209.0
1049,24127,2025-05-06,1,Late Delivery,1910.0
1050,24150,2022-03-02,1,Quality Issue,5619.35
1051,24173,2022-12-26,1,Damaged Product,2812.0
1052,24196,2023-10-21,1,Wrong Product,7513.0
1053,24219,2024-08-15,1,Customer Changed Mind,4214.0
1054,24242,2025-06-10,1,Late Delivery,915.0
1055,24265,2022-04-06,1,Quality Issue,5335.2
1056,24288,2023-01-30,1,Damaged Product,1817.0
1057,24311,2023-11-25,1,Wrong Product,5866.2
1058,24334,2024-09-19,1,Customer Changed Mind,3219.0
1059,24357,2025-07-15,1,Late Delivery,7920.0
1060,24380,2022-05-11,1,Quality Issue,3502.85
1061,24403,2023-03-06,1,Damaged Product,822.0
1062,24426,2023-12-30,1,Wrong Product,5523.0
1063,24449,2024-10-24,1,Customer Changed Mind,2224.0
1064,24472,2025-08-19,1,Late Delivery,6232.5
1065,24495,2022-06-15,1,Quality Issue,2969.7
1066,24518,2023-04-10,1,Damaged Product,7827.0
1067,24541,2024-02-03,1,Wrong Product,4528.0
1068,24564,2024-11-28,1,Customer Changed Mind,1229.0
1069,24587,2025-09-23,1,Late Delivery,5430.0
1070,24610,2022-07-20,1,Quality Issue,1811.35
1071,24633,2023-05-15,1,Damaged Product,6148.8
1072,24656,2024-03-09,1,Wrong Product,3533.0
1073,24679,2025-01-02,1,Customer Changed Mind,234.0
1074,24702,2025-10-28,1,Late Delivery,4435.0
1075,24725,2022-08-24,1,Quality Issue,1079.2
1076,24748,2023-06-19,1,Damaged Product,5837.0
1077,24771,2024-04-13,1,Wrong Product,2538.0
1078,24794,2025-02-06,1,Customer Changed Mind,6065.1
1079,24817,2025-12-02,1,Late Delivery,3440.0
1080,24840,2022-09-28,1,Quality Issue,6919.85
1081,24863,2023-07-24,1,Damaged Product,4842.0
1082,24886,2024-05-18,1,Wrong Product,1543.0
1083,24909,2025-03-13,1,Customer Changed Mind,5744.0
1084,24932,2026-01-06,1,Late Delivery,2445.0
1085,24955,2022-11-02,1,Quality Issue,6431.4
1086,24978,2023-08-28,1,Damaged Product,3847.0
1087,25001,2024-06-22,1,Wrong Product,548.0
1088,25024,2025-04-17,1,Customer Changed Mind,4749.0
1089,25047,2022-02-11,1,Late Delivery,1450.0
1090,25070,2022-12-07,1,Quality Issue,5228.35
1091,25093,2023-10-02,1,Damaged Product,2852.0
1092,25116,2024-07-27,1,Wrong Product,6347.7
1093,25139,2025-05-22,1,Customer Changed Mind,3754.0
1094,25162,2022-03-18,1,Late Delivery,455.0
1095,25185,2023-01-11,1,Quality Issue,4898.2
1096,25208,2023-11-06,1,Damaged Product,1857.0
1097,25231,2024-08-31,1,Wrong Product,6058.0
1098,25254,2025-06-26,1,Customer Changed Mind,2759.0
1099,25277,2022-04-22,1,Late Delivery,6714.0
1100,25300,2023-02-15,1,Quality Issue,3536.85
1101,25323,2023-12-11,1,Damaged Product,362.0
1102,25346,2024-10-05,1,Wrong Product,5063.0
1103,25369,2025-07-31,1,Customer Changed Mind,1764.0
1104,25392,2022-05-27,1,Late Delivery,6465.0
1105,25415,2023-03-22,1,Quality Issue,3007.7
1106,25438,2024-01-15,1,Damaged Product,6630.3
1107,25461,2024-11-09,1,Wrong Product,4068.0
1108,25484,2025-09-04,1,Customer Changed Mind,769.0
1109,25507,2022-07-01,1,Late Delivery,5470.0
1110,25530,2023-04-26,1,Quality Issue,1845.35
1111,25553,2024-02-19,1,Damaged Product,6372.0
1112,25576,2024-12-14,1,Wrong Product,3073.0
1113,25599,2025-10-09,1,Customer Changed Mind,6996.6
1114,25622,2022-08-05,1,Late Delivery,4475.0
1115,25645,2023-05-31,1,Quality Issue,642.2
1116,25668,2024-03-25,1,Damaged Product,5377.0
1117,25691,2025-01-18,1,Wrong Product,2078.0
1118,25714,2025-11-13,1,Customer Changed Mind,6779.0
1119,25737,2022-09-09,1,Late Delivery,3480.0
1120,25760,2023-07-05,1,Quality Issue,6528.85
1121,25783,2024-04-29,1,Damaged Product,4382.0
1122,25806,2025-02-22,1,Wrong Product,1083.0
1123,25829,2025-12-18,1,Customer Changed Mind,5784.0
1124,25852,2022-10-14,1,Late Delivery,1985.0
1125,25875,2023-08-09,1,Quality Issue,6351.7
1126,25898,2024-06-03,1,Damaged Product,3387.0
1127,25921,2025-03-29,1,Wrong Product,7279.2
1128,25944,2022-01-23,1,Customer Changed Mind,4789.0
1129,25967,2022-11-18,1,Late Delivery,990.0
1130,25990,2023-09-13,1,Quality Issue,4837.35
1131,26013,2024-07-08,1,Damaged Product,2392.0
1132,26036,2025-05-03,1,Wrong Product,7093.0
1133,26059,2022-02-27,1,Customer Changed Mind,3794.0
1134,26082,2022-12-23,1,Late Delivery,7195.5
1135,26105,2023-10-18,1,Quality Issue,4461.2
1136,26128,2024-08-12,1,Damaged Product,1397.0
1137,26151,2025-06-07,1,Wrong Product,6098.0
1138,26174,2022-04-03,1,Customer Changed Mind,2299.0
1139,26197,2023-01-27,1,Late Delivery,7000.0
1140,26220,2023-11-22,1,Quality Issue,3145.85
1141,26243,2024-09-16,1,Damaged Product,361.8
1142,26266,2025-07-12,1,Wrong Product,5103.0
1143,26289,2022-05-08,1,Customer Changed Mind,1304.0
1144,26312,2023-03-03,1,Late Delivery,6005.0
1145,26335,2023-12-27,1,Quality Issue,2570.7
1146,26358,2024-10-21,1,Damaged Product,7407.0
1147,26381,2025-08-16,1,Wrong Product,3608.0
1148,26404,2022-06-12,1,Customer Changed Mind,278.1
1149,26427,2023-04-07,1,Late Delivery,5010.0
1150,26450,2024-01-31,1,Quality Issue,1454.35
1151,26473,2024-11-25,1,Damaged Product,6412.0
1152,26496,2025-09-20,1,Wrong Product,2613.0
1153,26519,2022-07-17,1,Customer Changed Mind,7314.0
1154,26542,2023-05-12,1,Late Delivery,4015.0
1155,26565,2024-03-06,1,Quality Issue,644.4
1156,26588,2024-12-30,1,Damaged Product,4917.0
1157,26611,2025-10-25,1,Wrong Product,1618.0
1158,26634,2022-08-21,1,Customer Changed Mind,6319.0
1159,26657,2023-06-16,1,Late Delivery,3020.0
1160,26680,2024-04-10,1,Quality Issue,6562.85
1161,26703,2025-02-03,1,Damaged Product,3922.0
1162,26726,2025-11-29,1,Wrong Product,560.7
1163,26749,2022-09-25,1,Customer Changed Mind,5324.0
1164,26772,2023-07-21,1,Late Delivery,2025.0
1165,26795,2024-05-15,1,Quality Issue,6389.7
1166,26818,2025-03-10,1,Damaged Product,2927.0
1167,26841,2026-01-03,1,Wrong Product,7628.0
1168,26864,2022-10-30,1,Customer Changed Mind,4329.0
1169,26887,2023-08-25,1,Late Delivery,927.0
1170,26910,2024-06-19,1,Quality Issue,4446.35
1171,26933,2025-04-14,1,Damaged Product,1932.0
1172,26956,2022-02-08,1,Wrong Product,6633.0
1173,26979,2022-12-04,1,Customer Changed Mind,3334.0
1174,27002,2023-09-29,1,Late Delivery,8035.0
1175,27025,2024-07-24,1,Quality Issue,4024.2
1176,27048,2025-05-19,1,Damaged Product,843.3
1177,27071,2022-03-15,1,Wrong Product,5638.0
1178,27094,2023-01-08,1,Customer Changed Mind,2339.0
1179,27117,2023-11-03,1,Late Delivery,6540.0
1180,27140,2024-08-28,1,Quality Issue,2754.85
1181,27163,2025-06-23,1,Damaged Product,7942.0
1182,27186,2022-04-19,1,Wrong Product,4643.0
1183,27209,2023-02-12,1,Customer Changed Mind,1209.6
1184,27232,2023-12-08,1,Late Delivery,5545.0
1185,27255,2024-10-02,1,Quality Issue,2133.7
1186,27278,2025-07-28,1,Damaged Product,6947.0
1187,27301,2022-05-24,1,Wrong Product,3648.0
1188,27324,2023-03-19,1,Customer Changed Mind,349.0
1189,27347,2024-01-12,1,Late Delivery,4550.0
1190,27370,2024-11-06,1,Quality Issue,1063.35
1191,27393,2025-09-01,1,Damaged Product,5952.0
1192,27416,2022-06-28,1,Wrong Product,2653.0
1193,27439,2023-04-23,1,Customer Changed Mind,6854.0
1194,27462,2024-02-16,1,Late Delivery,3555.0
1195,27485,2024-12-11,1,Quality Issue,243.2
1196,27508,2025-10-06,1,Damaged Product,4957.0
1197,27531,2022-08-02,1,Wrong Product,1492.2
1198,27554,2023-05-28,1,Customer Changed Mind,5859.0
1199,27577,2024-03-22,1,Late Delivery,2560.0
1200,27600,2025-01-15,1,Quality Issue,6171.85
1201,27623,2025-11-10,1,Damaged Product,3962.0
1202,27646,2022-09-06,1,Wrong Product,163.0
1203,27669,2023-07-02,1,Customer Changed Mind,4864.0
1204,27692,2024-04-26,1,Late Delivery,1408.5
1205,27715,2025-02-19,1,Quality Issue,5952.7
1206,27738,2025-12-15,1,Damaged Product,2967.0
1207,27761,2022-10-11,1,Wrong Product,7168.0
1208,27784,2023-08-06,1,Customer Changed Mind,3869.0
1209,27807,2024-05-31,1,Late Delivery,570.0
1210,27830,2025-03-26,1,Quality Issue,4480.35
1211,27853,2022-01-20,1,Damaged Product,1774.8
1212,27876,2022-11-15,1,Wrong Product,6173.0
1213,27899,2023-09-10,1,Customer Changed Mind,2874.0
1214,27922,2024-07-05,1,Late Delivery,7575.0
1215,27945,2025-04-30,1,Quality Issue,4062.2
1216,27968,2022-02-24,1,Damaged Product,477.0
1217,27991,2022-12-20,1,Wrong Product,5178.0
1218,28014,2023-10-15,1,Customer Changed Mind,1691.1
1219,28037,2024-08-09,1,Late Delivery,6580.0
1220,28060,2025-06-04,1,Quality Issue,2788.85
1221,28083,2022-03-31,1,Damaged Product,7482.0
1222,28106,2023-01-24,1,Wrong Product,4183.0
1223,28129,2023-11-19,1,Customer Changed Mind,884.0
1224,28152,2024-09-13,1,Late Delivery,5585.0
1225,28175,2025-07-09,1,Quality Issue,1607.4
1226,28198,2022-05-05,1,Damaged Product,6487.0
1227,28221,2023-02-28,1,Wrong Product,3188.0
1228,28244,2023-12-24,1,Customer Changed Mind,7889.0
1229,28267,2024-10-18,1,Late Delivery,4590.0
1230,28290,2025-08-13,1,Quality Issue,672.35
1231,28313,2022-06-09,1,Damaged Product,5492.0
1232,28336,2023-04-04,1,Wrong Product,1973.7
1233,28359,2024-01-28,1,Customer Changed Mind,6894.0
1234,28382,2024-11-22,1,Late Delivery,3095.0
1235,28405,2025-09-17,1,Quality Issue,7406.2
1236,28428,2022-07-14,1,Damaged Product,4497.0
1237,28451,2023-05-09,1,Wrong Product,1198.0
1238,28474,2024-03-03,1,Customer Changed Mind,5899.0
1239,28497,2024-12-27,1,Late Delivery,1890.0
1240,28520,2025-10-22,1,Quality Issue,5780.85
1241,28543,2022-08-18,1,Damaged Product,3502.0
1242,28566,2023-06-13,1,Wrong Product,203.0
1243,28589,2024-04-07,1,Customer Changed Mind,4904.0
1244,28612,2025-01-31,1,Late Delivery,1105.0
1245,28635,2025-11-26,1,Quality Issue,5515.7
1246,28658,2022-09-22,1,Damaged Product,2256.3
1247,28681,2023-07-18,1,Wrong Product,7208.0
1248,28704,2024-05-12,1,Customer Changed Mind,3409.0
1249,28727,2025-03-07,1,Late Delivery,8110.0
1250,28750,2025-12-31,1,Quality Issue,4089.35
1251,28773,2022-10-27,1,Damaged Product,1512.0
1252,28796,2023-08-22,1,Wrong Product,6213.0
1253,28819,2024-06-16,1,Customer Changed Mind,2172.6
1254,28842,2025-04-11,1,Late Delivery,7115.0
1255,28865,2022-02-05,1,Quality Issue,3625.2
1256,28888,2022-12-01,1,Damaged Product,517.0
1257,28911,2023-09-26,1,Wrong Product,4718.0
1258,28934,2024-07-21,1,Customer Changed Mind,1419.0
1259,28957,2025-05-16,1,Late Delivery,6120.0
1260,28980,2022-03-12,1,Quality Issue,2397.85
1261,29003,2023-01-05,1,Damaged Product,7522.0
1262,29026,2023-10-31,1,Wrong Product,3723.0
1263,29049,2024-08-25,1,Customer Changed Mind,424.0
1264,29072,2025-06-20,1,Late Delivery,5125.0
1265,29095,2022-04-16,1,Quality Issue,1734.7
1266,29118,2023-02-09,1,Damaged Product,6527.0
1267,29141,2023-12-05,1,Wrong Product,2455.2
1268,29164,2024-09-29,1,Customer Changed Mind,7429.0
1269,29187,2025-07-25,1,Late Delivery,4130.0
1270,29210,2022-05-21,1,Quality Issue,706.35
1271,29233,2023-03-16,1,Damaged Product,5032.0
1272,29256,2024-01-09,1,Wrong Product,1733.0
1273,29279,2024-11-03,1,Customer Changed Mind,6434.0
1274,29302,2025-08-29,1,Late Delivery,2821.5
1275,29325,2022-06-25,1,Quality Issue,7444.2
1276,29348,2023-04-20,1,Damaged Product,4037.0
1277,29371,2024-02-13,1,Wrong Product,738.0
1278,29394,2024-12-08,1,Customer Changed Mind,5439.0
1279,29417,2025-10-03,1,Late Delivery,2140.0
1280,29440,2022-07-30,1,Quality Issue,5389.85
1281,29463,2023-05-25,1,Damaged Product,2737.8
1282,29486,2024-03-19,1,Wrong Product,7743.0
1283,29509,2025-01-12,1,Customer Changed Mind,4444.0
1284,29532,2025-11-07,1,Late Delivery,1145.0
1285,29555,2022-09-03,1,Quality Issue,5078.7
1286,29578,2023-06-29,1,Damaged Product,2047.0
1287,29601,2024-04-23,1,Wrong Product,6748.0
1288,29624,2025-02-16,1,Customer Changed Mind,3104.1
1289,29647,2025-12-12,1,Late Delivery,7650.0
1290,29670,2022-10-08,1,Quality Issue,3698.35
1291,29693,2023-08-03,1,Damaged Product,1052.0
1292,29716,2024-05-28,1,Wrong Product,5753.0
1293,29739,2025-03-23,1,Customer Changed Mind,2454.0
1294,29762,2022-01-17,1,Late Delivery,6655.0
1295,29785,2022-11-12,1,Quality Issue,3020.4
1296,29808,2023-09-07,1,Damaged Product,8057.0
1297,29831,2024-07-02,1,Wrong Product,4758.0
1298,29854,2025-04-27,1,Customer Changed Mind,1459.0
1299,29877,2022-02-21,1,Late Delivery,5660.0
1300,29900,2022-12-17,1,Quality Issue,2006.85
1301,29923,2023-10-12,1,Damaged Product,7062.0
1302,29946,2024-08-06,1,Wrong Product,3386.7
1303,29969,2025-06-01,1,Customer Changed Mind,7964.0
1304,29992,2022-03-28,1,Late Delivery,4665.0
1305,30015,2022-07-25,1,Quality Issue,2062.45
1306,30038,2023-05-20,1,Damaged Product,3073.0
1307,30061,2024-03-14,1,Wrong Product,4475.0
1308,30084,2025-01-07,1,Customer Changed Mind,4839.3
1309,30107,2025-11-02,1,Late Delivery,6779.0
1310,30130,2022-08-29,1,Quality Issue,6528.85
1311,30153,2023-06-24,1,Damaged Product,1083.0
1312,30176,2024-04-18,1,Wrong Product,1985.0
1313,30199,2025-02-11,1,Customer Changed Mind,3387.0
1314,30222,2025-12-07,1,Late Delivery,4789.0
1315,30245,2022-10-03,1,Quality Issue,5121.9
1316,30268,2023-07-29,1,Damaged Product,7093.0
1317,30291,2024-05-23,1,Wrong Product,7995.0
1318,30314,2025-03-18,1,Customer Changed Mind,1397.0
1319,30337,2022-01-12,1,Late Delivery,2299.0
1320,30360,2022-11-07,1,Quality Issue,3145.85
1321,30383,2023-09-02,1,Damaged Product,5103.0
1322,30406,2024-06-27,1,Wrong Product,5404.5
1323,30429,2025-04-22,1,Customer Changed Mind,7407.0
1324,30452,2022-02-16,1,Late Delivery,309.0
1325,30475,2022-12-12,1,Quality Issue,1625.45
1326,30498,2023-10-07,1,Damaged Product,2613.0
1327,30521,2024-08-01,1,Wrong Product,4015.0
1328,30544,2025-05-27,1,Customer Changed Mind,4917.0
1329,30567,2022-03-23,1,Late Delivery,5687.1
1330,30590,2023-01-16,1,Quality Issue,6562.85
1331,30613,2023-11-11,1,Damaged Product,623.0
1332,30636,2024-09-05,1,Wrong Product,2025.0
1333,30659,2025-07-01,1,Customer Changed Mind,2927.0
1334,30682,2022-04-27,1,Late Delivery,4329.0
1335,30705,2023-02-20,1,Quality Issue,4969.45
1336,30728,2023-12-16,1,Damaged Product,5969.7
1337,30751,2024-10-10,1,Wrong Product,8035.0
1338,30774,2025-08-05,1,Customer Changed Mind,937.0
1339,30797,2022-06-01,1,Late Delivery,2339.0
1340,30820,2023-03-27,1,Quality Issue,2754.85
1341,30843,2024-01-20,1,Damaged Product,4643.0
1342,30866,2024-11-14,1,Wrong Product,5545.0
1343,30889,2025-09-09,1,Customer Changed Mind,6252.3
1344,30912,2022-07-06,1,Late Delivery,349.0
1345,30935,2023-05-01,1,Quality Issue,1188.45
1346,30958,2024-02-24,1,Damaged Product,2653.0
1347,30981,2024-12-19,1,Wrong Product,3555.0
1348,31004,2025-10-14,1,Customer Changed Mind,4957.0
1349,31027,2022-08-10,1,Late Delivery,5859.0
1350,31050,2023-06-05,1,Quality Issue,6171.85
1351,31073,2024-03-30,1,Damaged Product,163.0
1352,31096,2025-01-23,1,Wrong Product,1565.0
1353,31119,2025-11-18,1,Customer Changed Mind,2967.0
1354,31142,2022-09-14,1,Late Delivery,3869.0
1355,31165,2023-07-10,1,Quality Issue,5007.45
1356,31188,2024-05-04,1,Damaged Product,6173.0
1357,31211,2025-02-27,1,Wrong Product,6817.5
1358,31234,2025-12-23,1,Customer Changed Mind,477.0
1359,31257,2022-10-19,1,Late Delivery,1879.0
1360,31280,2023-08-14,1,Quality Issue,2788.85
1361,31303,2024-06-08,1,Damaged Product,4183.0
1362,31326,2025-04-03,1,Wrong Product,5585.0
1363,31349,2022-01-28,1,Customer Changed Mind,6487.0
1364,31372,2022-11-23,1,Late Delivery,7100.1
1365,31395,2023-09-18,1,Quality Issue,751.45
1366,31418,2024-07-13,1,Damaged Product,2193.0
1367,31441,2025-05-08,1,Wrong Product,3095.0
1368,31464,2022-03-04,1,Customer Changed Mind,4497.0
1369,31487,2022-12-28,1,Late Delivery,5899.0
1370,31510,2023-10-23,1,Quality Issue,5780.85
1371,31533,2024-08-17,1,Damaged Product,182.7
1372,31556,2025-06-12,1,Wrong Product,1105.0
1373,31579,2022-04-08,1,Customer Changed Mind,2507.0
1374,31602,2023-02-01,1,Late Delivery,3409.0
1375,31625,2023-11-27,1,Quality Issue,4570.45
1376,31648,2024-09-21,1,Damaged Product,6213.0
1377,31671,2025-07-17,1,Wrong Product,7115.0
1378,31694,2022-05-13,1,Customer Changed Mind,465.3
1379,31717,2023-03-08,1,Late Delivery,1419.0
1380,31740,2024-01-01,1,Quality Issue,2397.85
1381,31763,2024-10-26,1,Damaged Product,3723.0
1382,31786,2025-08-21,1,Wrong Product,5125.0
1383,31809,2022-06-17,1,Customer Changed Mind,6527.0
1384,31832,2023-04-12,1,Late Delivery,7429.0
1385,31855,2024-02-05,1,Quality Issue,747.9
1386,31878,2024-11-30,1,Damaged Product,1733.0
1387,31901,2025-09-25,1,Wrong Product,3135.0
1388,31924,2022-07-22,1,Customer Changed Mind,4037.0
1389,31947,2023-05-17,1,Late Delivery,5439.0
1390,31970,2024-03-11,1,Quality Issue,5389.85
1391,31993,2025-01-04,1,Damaged Product,7743.0
1392,32016,2025-10-30,1,Wrong Product,1030.5
1393,32039,2022-08-26,1,Customer Changed Mind,2047.0
1394,32062,2023-06-21,1,Late Delivery,3449.0
1395,32085,2024-04-15,1,Quality Issue,4133.45
1396,32108,2025-02-08,1,Damaged Product,5753.0
1397,32131,2025-12-04,1,Wrong Product,6655.0
1398,32154,2022-09-30,1,Customer Changed Mind,8057.0
1399,32177,2023-07-26,1,Late Delivery,1313.1
1400,32200,2024-05-20,1,Quality Issue,2006.85
1401,32223,2025-03-15,1,Damaged Product,3763.0
1402,32246,2026-01-08,1,Wrong Product,4665.0
1403,32269,2022-11-04,1,Customer Changed Mind,6067.0
1404,32292,2023-08-30,1,Late Delivery,6969.0
1405,32315,2024-06-24,1,Quality Issue,352.45
1406,32338,2025-04-19,1,Damaged Product,1145.7
1407,32361,2022-02-13,1,Wrong Product,2675.0
1408,32384,2022-12-09,1,Customer Changed Mind,4077.0
1409,32407,2023-10-04,1,Late Delivery,4979.0
1410,32430,2024-07-29,1,Quality Issue,5423.85
1411,32453,2025-05-24,1,Damaged Product,7283.0
1412,32476,2022-03-20,1,Wrong Product,685.0
1413,32499,2023-01-13,1,Customer Changed Mind,1428.3
1414,32522,2023-11-08,1,Late Delivery,2989.0
1415,32545,2024-09-02,1,Quality Issue,4171.45
1416,32568,2025-06-28,1,Damaged Product,5293.0
1417,32591,2022-04-24,1,Wrong Product,6695.0
1418,32614,2023-02-17,1,Customer Changed Mind,7597.0
1419,32637,2023-12-13,1,Late Delivery,999.0
1420,32660,2024-10-07,1,Quality Issue,1615.85
1421,32683,2025-08-02,1,Damaged Product,3303.0
1422,32706,2022-05-29,1,Wrong Product,4705.0
1423,32729,2023-03-24,1,Customer Changed Mind,5607.0
1424,32752,2024-01-17,1,Late Delivery,7009.0
1425,32775,2024-11-11,1,Quality Issue,7515.45
1426,32798,2025-09-06,1,Damaged Product,1313.0
1427,32821,2022-07-03,1,Wrong Product,1993.5
1428,32844,2023-04-28,1,Customer Changed Mind,3617.0
1429,32867,2024-02-21,1,Late Delivery,4519.0
1430,32890,2024-12-16,1,Quality Issue,5032.85
1431,32913,2025-10-11,1,Damaged Product,7323.0
1432,32936,2022-08-07,1,Wrong Product,225.0
1433,32959,2023-06-02,1,Customer Changed Mind,1627.0
1434,32982,2024-03-27,1,Late Delivery,2276.1
1435,33005,2025-01-20,1,Quality Issue,3734.45
1436,33028,2025-11-15,1,Damaged Product,4833.0
1437,33051,2022-09-11,1,Wrong Product,6235.0
1438,33074,2023-07-07,1,Customer Changed Mind,7637.0
1439,33097,2024-05-01,1,Late Delivery,539.0
1440,33120,2025-02-24,1,Quality Issue,1649.85
1441,33143,2025-12-20,1,Damaged Product,2558.7
1442,33166,2022-10-16,1,Wrong Product,4245.0
1443,33189,2023-08-11,1,Customer Changed Mind,5147.0
1444,33212,2024-06-05,1,Late Delivery,6549.0
1445,33235,2025-03-31,1,Quality Issue,7078.45
1446,33258,2022-01-25,1,Damaged Product,853.0
1447,33281,2022-11-20,1,Wrong Product,2255.0
1448,33304,2023-09-15,1,Customer Changed Mind,2841.3
1449,33327,2024-07-10,1,Late Delivery,4559.0
1450,33350,2025-05-05,1,Quality Issue,4641.85
1451,33373,2022-03-01,1,Damaged Product,6863.0
1452,33396,2022-12-25,1,Wrong Product,7765.0
1453,33419,2023-10-20,1,Customer Changed Mind,1167.0
1454,33442,2024-08-14,1,Late Delivery,2569.0
1455,33465,2025-06-09,1,Quality Issue,3123.9
1456,33488,2022-04-05,1,Damaged Product,4873.0
1457,33511,2023-01-29,1,Wrong Product,5775.0
1458,33534,2023-11-24,1,Customer Changed Mind,7177.0
1459,33557,2024-09-18,1,Late Delivery,8079.0
1460,33580,2025-07-14,1,Quality Issue,1258.85
1461,33603,2022-05-10,1,Damaged Product,2883.0
1462,33626,2023-03-05,1,Wrong Product,3406.5
1463,33649,2023-12-29,1,Customer Changed Mind,5187.0
1464,33672,2024-10-23,1,Late Delivery,6089.0
1465,33695,2025-08-18,1,Quality Issue,7116.45
1466,33718,2022-06-14,1,Damaged Product,393.0
1467,33741,2023-04-09,1,Wrong Product,1795.0
1468,33764,2024-02-02,1,Customer Changed Mind,2697.0
1469,33787,2024-11-27,1,Late Delivery,3689.1
1470,33810,2025-09-22,1,Quality Issue,4675.85
1471,33833,2022-07-19,1,Damaged Product,6403.0
1472,33856,2023-05-14,1,Wrong Product,7805.0
1473,33879,2024-03-08,1,Customer Changed Mind,707.0
1474,33902,2025-01-01,1,Late Delivery,2109.0
1475,33925,2025-10-27,1,Quality Issue,2860.45
1476,33948,2022-08-23,1,Damaged Product,3971.7
1477,33971,2023-06-18,1,Wrong Product,5815.0
1478,33994,2024-04-12,1,Customer Changed Mind,6717.0
1479,34017,2025-02-05,1,Late Delivery,8119.0
1480,34040,2025-12-01,1,Quality Issue,867.85
1481,34063,2022-09-27,1,Damaged Product,2423.0
1482,34086,2023-07-23,1,Wrong Product,3325.0
1483,34109,2024-05-17,1,Customer Changed Mind,4254.3
1484,34132,2025-03-12,1,Late Delivery,5629.0
1485,34155,2026-01-05,1,Quality Issue,6679.45
1486,34178,2022-11-01,1,Damaged Product,433.0
1487,34201,2023-08-27,1,Wrong Product,1335.0
1488,34224,2024-06-21,1,Customer Changed Mind,2737.0
1489,34247,2025-04-16,1,Late Delivery,3639.0
1490,34270,2022-02-10,1,Quality Issue,4284.85
1491,34293,2022-12-06,1,Damaged Product,5943.0
1492,34316,2023-10-01,1,Wrong Product,7345.0
1493,34339,2024-07-26,1,Customer Changed Mind,747.0
1494,34362,2025-05-21,1,Late Delivery,1649.0
1495,34385,2022-03-17,1,Quality Issue,2898.45
1496,34408,2023-01-10,1,Damaged Product,3953.0
1497,34431,2023-11-05,1,Wrong Product,4819.5
1498,34454,2024-08-30,1,Customer Changed Mind,6257.0
1499,34477,2025-06-25,1,Late Delivery,7659.0
1500,34500,2022-04-21,1,Quality Issue,901.85
1501,34523,2023-02-14,1,Damaged Product,1963.0
1502,34546,2023-12-10,1,Wrong Product,3365.0
1503,34569,2024-10-04,1,Customer Changed Mind,4267.0
1504,34592,2025-07-30,1,Late Delivery,5102.1
1505,34615,2022-05-26,1,Quality Issue,6242.45
1506,34638,2023-03-21,1,Damaged Product,7973.0
1507,34661,2024-01-14,1,Wrong Product,875.0
1508,34684,2024-11-08,1,Customer Changed Mind,2277.0
1509,34707,2025-09-03,1,Late Delivery,3679.0
1510,34730,2022-06-30,1,Quality Issue,3893.85
1511,34753,2023-04-25,1,Damaged Product,5384.7
1512,34776,2024-02-18,1,Wrong Product,6885.0
1513,34799,2024-12-13,1,Customer Changed Mind,287.0
1514,34822,2025-10-08,1,Late Delivery,1189.0
1515,34845,2022-08-04,1,Quality Issue,2461.45
1516,34868,2023-05-30,1,Damaged Product,3993.0
1517,34891,2024-03-24,1,Wrong Product,4895.0
1518,34914,2025-01-17,1,Customer Changed Mind,5667.3
1519,34937,2025-11-12,1,Late Delivery,7199.0
1520,34960,2022-09-08,1,Quality Issue,510.85
1521,34983,2023-07-04,1,Damaged Product,1503.0
1522,35006,2024-04-28,1,Wrong Product,2905.0
1523,35029,2025-02-21,1,Customer Changed Mind,3807.0
1524,35052,2025-12-17,1,Late Delivery,5209.0
1525,35075,2022-10-13,1,Quality Issue,5949.9
1526,35098,2023-08-08,1,Damaged Product,7513.0
1527,35121,2024-06-02,1,Wrong Product,915.0
1528,35144,2025-03-28,1,Customer Changed Mind,1817.0
1529,35167,2022-01-22,1,Late Delivery,3219.0
1530,35190,2022-11-17,1,Quality Issue,3502.85
1531,35213,2023-09-12,1,Damaged Product,5523.0
1532,35236,2024-07-07,1,Wrong Product,6232.5
1533,35259,2025-05-02,1,Customer Changed Mind,7827.0
1534,35282,2022-02-26,1,Late Delivery,1229.0
1535,35305,2022-12-22,1,Quality Issue,2024.45
1536,35328,2023-10-17,1,Damaged Product,3533.0
1537,35351,2024-08-11,1,Wrong Product,4435.0
1538,35374,2025-06-06,1,Customer Changed Mind,5837.0
1539,35397,2022-04-02,1,Late Delivery,6065.1
1540,35420,2023-01-26,1,Quality Issue,6919.85
1541,35443,2023-11-21,1,Damaged Product,1543.0
1542,35466,2024-09-15,1,Wrong Product,2445.0
1543,35489,2025-07-11,1,Customer Changed Mind,3847.0
1544,35512,2022-05-07,1,Late Delivery,4749.0
1545,35535,2023-03-02,1,Quality Issue,5843.45
1546,35558,2023-12-26,1,Damaged Product,6347.7
1547,35581,2024-10-20,1,Wrong Product,455.0
1548,35604,2025-08-15,1,Customer Changed Mind,1857.0
1549,35627,2022-06-11,1,Late Delivery,2759.0
1550,35650,2023-04-06,1,Quality Issue,3536.85
1551,35673,2024-01-30,1,Damaged Product,5063.0
1552,35696,2024-11-24,1,Wrong Product,6465.0
1553,35719,2025-09-19,1,Customer Changed Mind,6630.3
1554,35742,2022-07-16,1,Late Delivery,769.0
1555,35765,2023-05-11,1,Quality Issue,2062.45
1556,35788,2024-03-05,1,Damaged Product,3073.0
1557,35811,2024-12-29,1,Wrong Product,4475.0
1558,35834,2025-10-24,1,Customer Changed Mind,5377.0
1559,35857,2022-08-20,1,Late Delivery,6779.0
1560,35880,2023-06-15,1,Quality Issue,6528.85
1561,35903,2024-04-09,1,Damaged Product,1083.0
1562,35926,2025-02-02,1,Wrong Product,1985.0
1563,35949,2025-11-28,1,Customer Changed Mind,3387.0
1564,35972,2022-09-24,1,Late Delivery,4789.0
1565,35995,2023-07-20,1,Quality Issue,5406.45
1566,36018,2024-05-14,1,Damaged Product,7093.0
1567,36041,2025-03-09,1,Wrong Product,7195.5
1568,36064,2026-01-02,1,Customer Changed Mind,1397.0
1569,36087,2022-10-29,1,Late Delivery,2299.0
1570,36110,2023-08-24,1,Quality Issue,3145.85
1571,36133,2024-06-18,1,Damaged Product,5103.0
1572,36156,2025-04-13,1,Wrong Product,6005.0
1573,36179,2022-02-07,1,Customer Changed Mind,7407.0
1574,36202,2022-12-03,1,Late Delivery,278.1
1575,36225,2023-09-28,1,Quality Issue,1625.45
1576,36248,2024-07-23,1,Damaged Product,2613.0
1577,36271,2025-05-18,1,Wrong Product,4015.0
1578,36294,2022-03-14,1,Customer Changed Mind,4917.0
1579,36317,2023-01-07,1,Late Delivery,6319.0
1580,36340,2023-11-02,1,Quality Issue,6562.85
1581,36363,2024-08-27,1,Damaged Product,560.7
1582,36386,2025-06-22,1,Wrong Product,2025.0
1583,36409,2022-04-18,1,Customer Changed Mind,2927.0
1584,36432,2023-02-11,1,Late Delivery,4329.0
1585,36455,2023-12-07,1,Quality Issue,4969.45
1586,36478,2024-10-01,1,Damaged Product,6633.0
1587,36501,2025-07-27,1,Wrong Product,8035.0
1588,36524,2022-05-23,1,Customer Changed Mind,843.3
1589,36547,2023-03-18,1,Late Delivery,2339.0
1590,36570,2024-01-11,1,Quality Issue,2754.85
1591,36593,2024-11-05,1,Damaged Product,4643.0
1592,36616,2025-08-31,1,Wrong Product,5545.0
1593,36639,2022-06-27,1,Customer Changed Mind,6947.0
1594,36662,2023-04-22,1,Late Delivery,349.0
1595,36685,2024-02-15,1,Quality Issue,1125.9
1596,36708,2024-12-10,1,Damaged Product,2653.0
1597,36731,2025-10-05,1,Wrong Product,3555.0
1598,36754,2022-08-01,1,Customer Changed Mind,4957.0
1599,36777,2023-05-27,1,Late Delivery,5859.0
1600,36800,2024-03-21,1,Quality Issue,6171.85
1601,36823,2025-01-14,1,Damaged Product,163.0
1602,36846,2025-11-09,1,Wrong Product,1408.5
1603,36869,2022-09-05,1,Customer Changed Mind,2967.0
1604,36892,2023-07-01,1,Late Delivery,3869.0
1605,36915,2024-04-25,1,Quality Issue,5007.45
1606,36938,2025-02-18,1,Damaged Product,6173.0
1607,36961,2025-12-14,1,Wrong Product,7575.0
1608,36984,2022-10-10,1,Customer Changed Mind,477.0
1609,37007,2023-08-05,1,Late Delivery,1691.1
1610,37030,2024-05-30,1,Quality Issue,2788.85
1611,37053,2025-03-25,1,Damaged Product,4183.0
1612,37076,2022-01-19,1,Wrong Product,5585.0
1613,37099,2022-11-14,1,Customer Changed Mind,6487.0
1614,37122,2023-09-09,1,Late Delivery,7889.0
1615,37145,2024-07-04,1,Quality Issue,751.45
1616,37168,2025-04-29,1,Damaged Product,1973.7
1617,37191,2022-02-23,1,Wrong Product,3095.0
1618,37214,2022-12-19,1,Customer Changed Mind,4497.0
1619,37237,2023-10-14,1,Late Delivery,5899.0
1620,37260,2024-08-08,1,Quality Issue,5780.85
1621,37283,2025-06-03,1,Damaged Product,203.0
1622,37306,2022-03-30,1,Wrong Product,1105.0
1623,37329,2023-01-23,1,Customer Changed Mind,2256.3
1624,37352,2023-11-18,1,Late Delivery,3409.0
1625,37375,2024-09-12,1,Quality Issue,4570.45
1626,37398,2025-07-08,1,Damaged Product,6213.0
1627,37421,2022-05-04,1,Wrong Product,7115.0
1628,37444,2023-02-27,1,Customer Changed Mind,517.0
1629,37467,2023-12-23,1,Late Delivery,1419.0
1630,37490,2024-10-17,1,Quality Issue,2397.85
1631,37513,2025-08-12,1,Damaged Product,3723.0
1632,37536,2022-06-08,1,Wrong Product,5125.0
1633,37559,2023-04-03,1,Customer Changed Mind,6527.0
1634,37582,2024-01-27,1,Late Delivery,7429.0
1635,37605,2024-11-21,1,Quality Issue,789.45
1636,37628,2025-09-16,1,Damaged Product,1733.0
1637,37651,2022-07-13,1,Wrong Product,2821.5
1638,37674,2023-05-08,1,Customer Changed Mind,4037.0
1639,37697,2024-03-02,1,Late Delivery,5439.0
1640,37720,2024-12-26,1,Quality Issue,5389.85
1641,37743,2025-10-21,1,Damaged Product,7743.0
1642,37766,2022-08-17,1,Wrong Product,1145.0
1643,37789,2023-06-12,1,Customer Changed Mind,2047.0
1644,37812,2024-04-06,1,Late Delivery,3104.1
1645,37835,2025-01-30,1,Quality Issue,4133.45
1646,37858,2025-11-25,1,Damaged Product,5753.0
1647,37881,2022-09-21,1,Wrong Product,6655.0
1648,37904,2023-07-17,1,Customer Changed Mind,8057.0
1649,37927,2024-05-11,1,Late Delivery,1459.0
1650,37950,2025-03-06,1,Quality Issue,2006.85
1651,37973,2025-12-30,1,Damaged Product,3386.7
1652,37996,2022-10-26,1,Wrong Product,4665.0
1653,38019,2023-08-21,1,Customer Changed Mind,6067.0
1654,38042,2024-06-15,1,Late Delivery,6969.0
1655,38065,2025-04-10,1,Quality Issue,352.45
1656,38088,2022-02-04,1,Damaged Product,1273.0
1657,38111,2022-11-30,1,Wrong Product,2675.0
1658,38134,2023-09-25,1,Customer Changed Mind,3669.3
1659,38157,2024-07-20,1,Late Delivery,4979.0
1660,38180,2025-05-15,1,Quality Issue,5423.85
1661,38203,2022-03-11,1,Damaged Product,7283.0
1662,38226,2023-01-04,1,Wrong Product,685.0
1663,38249,2023-10-30,1,Customer Changed Mind,1587.0
1664,38272,2024-08-24,1,Late Delivery,2989.0
1665,38295,2025-06-19,1,Quality Issue,3951.9
1666,38318,2022-04-15,1,Damaged Product,5293.0
1667,38341,2023-02-08,1,Wrong Product,6695.0
1668,38364,2023-12-04,1,Customer Changed Mind,7597.0
1669,38387,2024-09-28,1,Late Delivery,999.0
1670,38410,2025-07-24,1,Quality Issue,1615.85
1671,38433,2022-05-20,1,Damaged Product,3303.0
1672,38456,2023-03-15,1,Wrong Product,4234.5
1673,38479,2024-01-08,1,Customer Changed Mind,5607.0
1674,38502,2024-11-02,1,Late Delivery,7009.0
1675,38525,2025-08-28,1,Quality Issue,7515.45
1676,38548,2022-06-24,1,Damaged Product,1313.0
1677,38571,2023-04-19,1,Wrong Product,2215.0
1678,38594,2024-02-12,1,Customer Changed Mind,3617.0
1679,38617,2024-12-07,1,Late Delivery,4067.1
1680,38640,2025-10-02,1,Quality Issue,5032.85
1681,38663,2022-07-29,1,Damaged Product,7323.0
1682,38686,2023-05-24,1,Wrong Product,225.0
1683,38709,2024-03-18,1,Customer Changed Mind,1627.0
1684,38732,2025-01-11,1,Late Delivery,2529.0
1685,38755,2025-11-06,1,Quality Issue,3734.45
1686,38778,2022-09-02,1,Damaged Product,4349.7
1687,38801,2023-06-28,1,Wrong Product,6235.0
1688,38824,2024-04-22,1,Customer Changed Mind,7637.0
1689,38847,2025-02-15,1,Late Delivery,539.0
1690,38870,2025-12-11,1,Quality Issue,1649.85
1691,38893,2022-10-07,1,Damaged Product,2843.0
1692,38916,2023-08-02,1,Wrong Product,4245.0
1693,38939,2024-05-27,1,Customer Changed Mind,4632.3
1694,38962,2025-03-22,1,Late Delivery,6549.0
1695,38985,2022-01-16,1,Quality Issue,7078.45
1696,39008,2022-11-11,1,Damaged Product,853.0
1697,39031,2023-09-06,1,Wrong Product,2255.0
1698,39054,2024-07-01,1,Customer Changed Mind,3157.0
1699,39077,2025-04-26,1,Late Delivery,4559.0
1700,39100,2022-02-20,1,Quality Issue,4641.85
1701,39123,2022-12-16,1,Damaged Product,6863.0
1702,39146,2023-10-11,1,Wrong Product,7765.0
1703,39169,2024-08-05,1,Customer Changed Mind,1167.0
1704,39192,2025-05-31,1,Late Delivery,2569.0
1705,39215,2022-03-27,1,Quality Issue,3297.45
1706,39238,2023-01-20,1,Damaged Product,4873.0
1707,39261,2023-11-15,1,Wrong Product,5197.5
1708,39284,2024-09-09,1,Customer Changed Mind,7177.0
1709,39307,2025-07-05,1,Late Delivery,8079.0
1710,39330,2022-05-01,1,Quality Issue,1258.85
1711,39353,2023-02-24,1,Damaged Product,2883.0
1712,39376,2023-12-20,1,Wrong Product,3785.0
1713,39399,2024-10-14,1,Customer Changed Mind,5187.0
1714,39422,2025-08-09,1,Late Delivery,5480.1
1715,39445,2022-06-05,1,Quality Issue,7116.45
1716,39468,2023-03-31,1,Damaged Product,393.0
1717,39491,2024-01-24,1,Wrong Product,1795.0
1718,39514,2024-11-18,1,Customer Changed Mind,2697.0
1719,39537,2025-09-13,1,Late Delivery,4099.0
1720,39560,2022-07-10,1,Quality Issue,4675.85
1721,39583,2023-05-05,1,Damaged Product,5762.7
1722,39606,2024-02-28,1,Wrong Product,7805.0
1723,39629,2024-12-23,1,Customer Changed Mind,707.0
1724,39652,2025-10-18,1,Late Delivery,2109.0
1725,39675,2022-08-14,1,Quality Issue,2860.45
1726,39698,2023-06-09,1,Damaged Product,4413.0
1727,39721,2024-04-03,1,Wrong Product,5815.0
1728,39744,2025-01-27,1,Customer Changed Mind,6045.3
1729,39767,2025-11-22,1,Late Delivery,8119.0
1730,39790,2022-09-18,1,Quality Issue,867.85
1731,39813,2023-07-14,1,Damaged Product,2423.0
1732,39836,2024-05-08,1,Wrong Product,3325.0
1733,39859,2025-03-03,1,Customer Changed Mind,4727.0
1734,39882,2025-12-27,1,Late Delivery,5629.0
1735,39905,2022-10-23,1,Quality Issue,6327.9
1736,39928,2023-08-18,1,Damaged Product,433.0
1737,39951,2024-06-12,1,Wrong Product,1335.0
1738,39974,2025-04-07,1,Customer Changed Mind,2737.0
1739,39997,2022-02-01,1,Late Delivery,3639.0
1740,40020,2022-11-27,1,Quality Issue,4284.85
1741,40043,2023-09-22,1,Damaged Product,5943.0
1742,40066,2024-07-17,1,Wrong Product,6610.5
1743,40089,2025-05-12,1,Customer Changed Mind,747.0
1744,40112,2022-03-08,1,Late Delivery,1649.0
1745,40135,2023-01-01,1,Quality Issue,2898.45
1746,40158,2023-10-27,1,Damaged Product,3953.0
1747,40181,2024-08-21,1,Wrong Product,5355.0
1748,40204,2025-06-16,1,Customer Changed Mind,6257.0
1749,40227,2022-04-12,1,Late Delivery,6893.1
1750,40250,2023-02-05,1,Quality Issue,901.85
1751,40273,2023-12-01,1,Damaged Product,1963.0
1752,40296,2024-09-25,1,Wrong Product,3365.0
1753,40319,2025-07-21,1,Customer Changed Mind,4267.0
1754,40342,2022-05-17,1,Late Delivery,5669.0
1755,40365,2023-03-12,1,Quality Issue,6242.45
1756,40388,2024-01-05,1,Damaged Product,7175.7
1757,40411,2024-10-30,1,Wrong Product,875.0
1758,40434,2025-08-25,1,Customer Changed Mind,2277.0
1759,40457,2022-06-21,1,Late Delivery,3679.0
1760,40480,2023-04-16,1,Quality Issue,3893.85
1761,40503,2024-02-09,1,Damaged Product,5983.0
1762,40526,2024-12-04,1,Wrong Product,6885.0
1763,40549,2025-09-29,1,Customer Changed Mind,258.3
1764,40572,2022-07-26,1,Late Delivery,1189.0
1765,40595,2023-05-21,1,Quality Issue,2461.45
1766,40618,2024-03-15,1,Damaged Product,3993.0
1767,40641,2025-01-08,1,Wrong Product,4895.0
1768,40664,2025-11-03,1,Customer Changed Mind,6297.0
1769,40687,2022-08-30,1,Late Delivery,7199.0
1770,40710,2023-06-25,1,Quality Issue,510.85
1771,40733,2024-04-19,1,Damaged Product,1503.0
1772,40756,2025-02-12,1,Wrong Product,2905.0
1773,40779,2025-12-08,1,Customer Changed Mind,3807.0
1774,40802,2022-10-04,1,Late Delivery,5209.0
1775,40825,2023-07-30,1,Quality Issue,6280.45
1776,40848,2024-05-24,1,Damaged Product,7513.0
1777,40871,2025-03-19,1,Wrong Product,823.5
1778,40894,2022-01-13,1,Customer Changed Mind,1817.0
1779,40917,2022-11-08,1,Late Delivery,3219.0
1780,40940,2023-09-03,1,Quality Issue,3502.85
1781,40963,2024-06-28,1,Damaged Product,5523.0
1782,40986,2025-04-23,1,Wrong Product,6925.0
1783,41009,2022-02-17,1,Customer Changed Mind,7827.0
1784,41032,2022-12-13,1,Late Delivery,1106.1
1785,41055,2023-10-08,1,Quality Issue,2024.45
1786,41078,2024-08-02,1,Damaged Product,3533.0
1787,41101,2025-05-28,1,Wrong Product,4435.0
1788,41124,2022-03-24,1,Customer Changed Mind,5837.0
1789,41147,2023-01-17,1,Late Delivery,6739.0
1790,41170,2023-11-12,1,Quality Issue,6919.85
1791,41193,2024-09-06,1,Damaged Product,1388.7
1792,41216,2025-07-02,1,Wrong Product,2445.0
1793,41239,2022-04-28,1,Customer Changed Mind,3847.0
1794,41262,2023-02-21,1,Late Delivery,4749.0
1795,41285,2023-12-17,1,Quality Issue,5843.45
1796,41308,2024-10-11,1,Damaged Product,7053.0
1797,41331,2025-08-06,1,Wrong Product,455.0
1798,41354,2022-06-02,1,Customer Changed Mind,1671.3
1799,41377,2023-03-28,1,Late Delivery,2759.0
1800,41400,2024-01-21,1,Quality Issue,3536.85
1801,41423,2024-11-15,1,Damaged Product,5063.0
1802,41446,2025-09-10,1,Wrong Product,6465.0
1803,41469,2022-07-07,1,Customer Changed Mind,7367.0
1804,41492,2023-05-02,1,Late Delivery,769.0
1805,41515,2024-02-25,1,Quality Issue,1953.9
1806,41538,2024-12-20,1,Damaged Product,3073.0
1807,41561,2025-10-15,1,Wrong Product,4475.0
1808,41584,2022-08-11,1,Customer Changed Mind,5377.0
1809,41607,2023-06-06,1,Late Delivery,6779.0
1810,41630,2024-03-31,1,Quality Issue,6528.85
1811,41653,2025-01-24,1,Damaged Product,1083.0
1812,41676,2025-11-19,1,Wrong Product,1786.5
1813,41699,2022-09-15,1,Customer Changed Mind,3387.0
1814,41722,2023-07-11,1,Late Delivery,4789.0
1815,41745,2024-05-05,1,Quality Issue,5406.45
1816,41768,2025-02-28,1,Damaged Product,7093.0
1817,41791,2025-12-24,1,Wrong Product,7995.0
1818,41814,2022-10-20,1,Customer Changed Mind,1397.0
1819,41837,2023-08-15,1,Late Delivery,2069.1
1820,41860,2024-06-09,1,Quality Issue,3145.85
1821,41883,2025-04-04,1,Damaged Product,5103.0
1822,41906,2022-01-29,1,Wrong Product,6005.0
1823,41929,2022-11-24,1,Customer Changed Mind,7407.0
1824,41952,2023-09-19,1,Late Delivery,309.0
1825,41975,2024-07-14,1,Quality Issue,1625.45
1826,41998,2025-05-09,1,Damaged Product,2351.7
1827,42021,2022-03-05,1,Wrong Product,4015.0
1828,42044,2022-12-29,1,Customer Changed Mind,4917.0
1829,42067,2023-10-24,1,Late Delivery,6319.0
1830,42090,2024-08-18,1,Quality Issue,6562.85
1831,42113,2025-06-13,1,Damaged Product,623.0
1832,42136,2022-04-09,1,Wrong Product,2025.0
1833,42159,2023-02-02,1,Customer Changed Mind,2634.3
1834,42182,2023-11-28,1,Late Delivery,4329.0
1835,42205,2024-09-22,1,Quality Issue,4969.45
1836,42228,2025-07-18,1,Damaged Product,6633.0
1837,42251,2022-05-14,1,Wrong Product,8035.0
1838,42274,2023-03-09,1,Customer Changed Mind,937.0
1839,42297,2024-01-02,1,Late Delivery,2339.0
1840,42320,2024-10-27,1,Quality Issue,2754.85
1841,42343,2025-08-22,1,Damaged Product,4643.0
1842,42366,2022-06-18,1,Wrong Product,5545.0
1843,42389,2023-04-13,1,Customer Changed Mind,6947.0
1844,42412,2024-02-06,1,Late Delivery,349.0
1845,42435,2024-12-01,1,Quality Issue,1188.45
1846,42458,2025-09-26,1,Damaged Product,2653.0
1847,42481,2022-07-23,1,Wrong Product,3199.5
1848,42504,2023-05-18,1,Customer Changed Mind,4957.0
1849,42527,2024-03-12,1,Late Delivery,5859.0
1850,42550,2025-01-05,1,Quality Issue,6171.85
1851,42573,2025-10-31,1,Damaged Product,163.0
1852,42596,2022-08-27,1,Wrong Product,1565.0
1853,42619,2023-06-22,1,Customer Changed Mind,2967.0
1854,42642,2024-04-16,1,Late Delivery,3482.1
1855,42665,2025-02-09,1,Quality Issue,5007.45
1856,42688,2025-12-05,1,Damaged Product,6173.0
1857,42711,2022-10-01,1,Wrong Product,7575.0
1858,42734,2023-07-27,1,Customer Changed Mind,477.0
1859,42757,2024-05-21,1,Late Delivery,1879.0
1860,42780,2025-03-16,1,Quality Issue,2788.85
1861,42803,2026-01-09,1,Damaged Product,3764.7
1862,42826,2022-11-05,1,Wrong Product,5585.0
1863,42849,2023-08-31,1,Customer Changed Mind,6487.0
1864,42872,2024-06-25,1,Late Delivery,7889.0
1865,42895,2025-04-20,1,Quality Issue,751.45
1866,42918,2022-02-14,1,Damaged Product,2193.0
1867,42941,2022-12-10,1,Wrong Product,3095.0
1868,42964,2023-10-05,1,Customer Changed Mind,4047.3
1869,42987,2024-07-30,1,Late Delivery,5899.0
1870,43010,2025-05-25,1,Quality Issue,5780.85
1871,43033,2022-03-21,1,Damaged Product,203.0
1872,43056,2023-01-14,1,Wrong Product,1105.0
1873,43079,2023-11-09,1,Customer Changed Mind,2507.0
1874,43102,2024-09-03,1,Late Delivery,3409.0
1875,43125,2025-06-29,1,Quality Issue,4329.9
1876,43148,2022-04-25,1,Damaged Product,6213.0
1877,43171,2023-02-18,1,Wrong Product,7115.0
1878,43194,2023-12-14,1,Customer Changed Mind,517.0
1879,43217,2024-10-08,1,Late Delivery,1419.0
1880,43240,2025-08-03,1,Quality Issue,2397.85
1881,43263,2022-05-30,1,Damaged Product,3723.0
1882,43286,2023-03-25,1,Wrong Product,4612.5
1883,43309,2024-01-18,1,Customer Changed Mind,6527.0
1884,43332,2024-11-12,1,Late Delivery,7429.0
1885,43355,2025-09-07,1,Quality Issue,789.45
1886,43378,2022-07-04,1,Damaged Product,1733.0
1887,43401,2023-04-29,1,Wrong Product,3135.0
1888,43424,2024-02-22,1,Customer Changed Mind,4037.0
1889,43447,2024-12-17,1,Late Delivery,4895.1
1890,43470,2025-10-12,1,Quality Issue,5389.85
1891,43493,2022-08-08,1,Damaged Product,7743.0
1892,43516,2023-06-03,1,Wrong Product,1145.0
1893,43539,2024-03-28,1,Customer Changed Mind,2047.0
1894,43562,2025-01-21,1,Late Delivery,3449.0
1895,43585,2025-11-16,1,Quality Issue,4133.45
1896,43608,2022-09-12,1,Damaged Product,5177.7
1897,43631,2023-07-08,1,Wrong Product,6655.0
1898,43654,2024-05-02,1,Customer Changed Mind,8057.0
1899,43677,2025-02-25,1,Late Delivery,1459.0
1900,43700,2025-12-21,1,Quality Issue,2006.85
1901,43723,2022-10-17,1,Damaged Product,3763.0
1902,43746,2023-08-12,1,Wrong Product,4665.0
1903,43769,2024-06-06,1,Customer Changed Mind,5460.3
1904,43792,2025-04-01,1,Late Delivery,6969.0
1905,43815,2022-01-26,1,Quality Issue,352.45
1906,43838,2022-11-21,1,Damaged Product,1273.0
1907,43861,2023-09-16,1,Wrong Product,2675.0
1908,43884,2024-07-11,1,Customer Changed Mind,4077.0
1909,43907,2025-05-06,1,Late Delivery,4979.0
1910,43930,2022-03-02,1,Quality Issue,5423.85
1911,43953,2022-12-26,1,Damaged Product,7283.0
1912,43976,2023-10-21,1,Wrong Product,685.0
1913,43999,2024-08-15,1,Customer Changed Mind,1587.0
1914,44022,2025-06-10,1,Late Delivery,2989.0
1915,44045,2022-04-06,1,Quality Issue,4171.45
1916,44068,2023-01-30,1,Damaged Product,5293.0
1917,44091,2023-11-25,1,Wrong Product,6025.5
1918,44114,2024-09-19,1,Customer Changed Mind,7597.0
1919,44137,2025-07-15,1,Late Delivery,999.0
1920,44160,2022-05-11,1,Quality Issue,1615.85
1921,44183,2023-03-06,1,Damaged Product,3303.0
1922,44206,2023-12-30,1,Wrong Product,4705.0
1923,44229,2024-10-24,1,Customer Changed Mind,5607.0
1924,44252,2025-08-19,1,Late Delivery,6308.1
1925,44275,2022-06-15,1,Quality Issue,7515.45
1926,44298,2023-04-10,1,Damaged Product,1313.0
1927,44321,2024-02-03,1,Wrong Product,2215.0
1928,44344,2024-11-28,1,Customer Changed Mind,3617.0
1929,44367,2025-09-23,1,Late Delivery,4519.0
1930,44390,2022-07-20,1,Quality Issue,5032.85
1931,44413,2023-05-15,1,Damaged Product,6590.7
1932,44436,2024-03-09,1,Wrong Product,225.0
1933,44459,2025-01-02,1,Customer Changed Mind,1627.0
1934,44482,2025-10-28,1,Late Delivery,2529.0
1935,44505,2022-08-24,1,Quality Issue,3734.45
1936,44528,2023-06-19,1,Damaged Product,4833.0
1937,44551,2024-04-13,1,Wrong Product,6235.0
1938,44574,2025-02-06,1,Customer Changed Mind,6873.3
1939,44597,2025-12-02,1,Late Delivery,539.0
1940,44620,2022-09-28,1,Quality Issue,1649.85
1941,44643,2023-07-24,1,Damaged Product,2843.0
1942,44666,2024-05-18,1,Wrong Product,4245.0
1943,44689,2025-03-13,1,Customer Changed Mind,5147.0
1944,44712,2026-01-06,1,Late Delivery,6549.0
1945,44735,2022-11-02,1,Quality Issue,6705.9
1946,44758,2023-08-28,1,Damaged Product,853.0
1947,44781,2024-06-22,1,Wrong Product,2255.0
1948,44804,2025-04-17,1,Customer Changed Mind,3157.0
1949,44827,2022-02-11,1,Late Delivery,4559.0
1950,44850,2022-12-07,1,Quality Issue,4641.85
1951,44873,2023-10-02,1,Damaged Product,6863.0
1952,44896,2024-07-27,1,Wrong Product,6988.5
1953,44919,2025-05-22,1,Customer Changed Mind,1167.0
1954,44942,2022-03-18,1,Late Delivery,2569.0
1955,44965,2023-01-11,1,Quality Issue,3297.45
1956,44988,2023-11-06,1,Damaged Product,4873.0
1957,45011,2024-08-31,1,Wrong Product,5775.0
1958,45034,2025-06-26,1,Customer Changed Mind,7177.0
1959,45057,2022-04-22,1,Late Delivery,7271.1
1960,45080,2023-02-15,1,Quality Issue,1258.85
1961,45103,2023-12-11,1,Damaged Product,2883.0
1962,45126,2024-10-05,1,Wrong Product,3785.0
1963,45149,2025-07-31,1,Customer Changed Mind,5187.0
1964,45172,2022-05-27,1,Late Delivery,6089.0
1965,45195,2023-03-22,1,Quality Issue,7116.45
1966,45218,2024-01-15,1,Damaged Product,353.7
1967,45241,2024-11-09,1,Wrong Product,1795.0
1968,45264,2025-09-04,1,Customer Changed Mind,2697.0
1969,45287,2022-07-01,1,Late Delivery,4099.0
1970,45310,2023-04-26,1,Quality Issue,4675.85
1971,45333,2024-02-19,1,Damaged Product,6403.0
1972,45356,2024-12-14,1,Wrong Product,7805.0
1973,45379,2025-10-09,1,Customer Changed Mind,636.3
1974,45402,2022-08-05,1,Late Delivery,2109.0
1975,45425,2023-05-31,1,Quality Issue,2860.45
1976,45448,2024-03-25,1,Damaged Product,4413.0
1977,45471,2025-01-18,1,Wrong Product,5815.0
1978,45494,2025-11-13,1,Customer Changed Mind,6717.0
1979,45517,2022-09-09,1,Late Delivery,8119.0
1980,45540,2023-07-05,1,Quality Issue,867.85
1981,45563,2024-04-29,1,Damaged Product,2423.0
1982,45586,2025-02-22,1,Wrong Product,3325.0
1983,45609,2025-12-18,1,Customer Changed Mind,4727.0
1984,45632,2022-10-14,1,Late Delivery,5629.0
1985,45655,2023-08-09,1,Quality Issue,6679.45
1986,45678,2024-06-03,1,Damaged Product,433.0
1987,45701,2025-03-29,1,Wrong Product,1201.5
1988,45724,2022-01-23,1,Customer Changed Mind,2737.0
1989,45747,2022-11-18,1,Late Delivery,3639.0
1990,45770,2023-09-13,1,Quality Issue,4284.85
1991,45793,2024-07-08,1,Damaged Product,5943.0
1992,45816,2025-05-03,1,Wrong Product,7345.0
1993,45839,2022-02-27,1,Customer Changed Mind,747.0
1994,45862,2022-12-23,1,Late Delivery,1484.1
1995,45885,2023-10-18,1,Quality Issue,2898.45
1996,45908,2024-08-12,1,Damaged Product,3953.0
1997,45931,2025-06-07,1,Wrong Product,5355.0
1998,45954,2022-04-03,1,Customer Changed Mind,6257.0
1999,45977,2023-01-27,1,Late Delivery,7659.0
2000,46000,2023-11-22,1,Quality Issue,901.85
2001,46023,2024-09-16,1,Damaged Product,1766.7
2002,46046,2025-07-12,1,Wrong Product,3365.0
2003,46069,2022-05-08,1,Customer Changed Mind,4267.0
2004,46092,2023-03-03,1,Late Delivery,5669.0
2005,46115,2023-12-27,1,Quality Issue,6242.45
2006,46138,2024-10-21,1,Damaged Product,7973.0
2007,46161,2025-08-16,1,Wrong Product,875.0
2008,46184,2022-06-12,1,Customer Changed Mind,2049.3
2009,46207,2023-04-07,1,Late Delivery,3679.0
2010,46230,2024-01-31,1,Quality Issue,3893.85
2011,46253,2024-11-25,1,Damaged Product,5983.0
2012,46276,2025-09-20,1,Wrong Product,6885.0
2013,46299,2022-07-17,1,Customer Changed Mind,287.0
2014,46322,2023-05-12,1,Late Delivery,1189.0
2015,46345,2024-03-06,1,Quality Issue,2331.9
2016,46368,2024-12-30,1,Damaged Product,3993.0
2017,46391,2025-10-25,1,Wrong Product,4895.0
2018,46414,2022-08-21,1,Customer Changed Mind,6297.0
2019,46437,2023-06-16,1,Late Delivery,7199.0
2020,46460,2024-04-10,1,Quality Issue,510.85
2021,46483,2025-02-03,1,Damaged Product,1503.0
2022,46506,2025-11-29,1,Wrong Product,2614.5
2023,46529,2022-09-25,1,Customer Changed Mind,3807.0
2024,46552,2023-07-21,1,Late Delivery,5209.0
2025,46575,2024-05-15,1,Quality Issue,6280.45
2026,46598,2025-03-10,1,Damaged Product,7513.0
2027,46621,2026-01-03,1,Wrong Product,915.0
2028,46644,2022-10-30,1,Customer Changed Mind,1817.0
2029,46667,2023-08-25,1,Late Delivery,2897.1
2030,46690,2024-06-19,1,Quality Issue,3502.85
2031,46713,2025-04-14,1,Damaged Product,5523.0
2032,46736,2022-02-08,1,Wrong Product,6925.0
2033,46759,2022-12-04,1,Customer Changed Mind,7827.0
2034,46782,2023-09-29,1,Late Delivery,1229.0
2035,46805,2024-07-24,1,Quality Issue,2024.45
2036,46828,2025-05-19,1,Damaged Product,3179.7
2037,46851,2022-03-15,1,Wrong Product,4435.0
2038,46874,2023-01-08,1,Customer Changed Mind,5837.0
2039,46897,2023-11-03,1,Late Delivery,6739.0
2040,46920,2024-08-28,1,Quality Issue,6919.85
2041,46943,2025-06-23,1,Damaged Product,1543.0
2042,46966,2022-04-19,1,Wrong Product,2445.0
2043,46989,2023-02-12,1,Customer Changed Mind,3462.3
2044,47012,2023-12-08,1,Late Delivery,4749.0
2045,47035,2024-10-02,1,Quality Issue,5843.45
2046,47058,2025-07-28,1,Damaged Product,7053.0
2047,47081,2022-05-24,1,Wrong Product,455.0
2048,47104,2023-03-19,1,Customer Changed Mind,1857.0
2049,47127,2024-01-12,1,Late Delivery,2759.0
2050,47150,2024-11-06,1,Quality Issue,3536.85
2051,47173,2025-09-01,1,Damaged Product,5063.0
2052,47196,2022-06-28,1,Wrong Product,6465.0
2053,47219,2023-04-23,1,Customer Changed Mind,7367.0
2054,47242,2024-02-16,1,Late Delivery,769.0
2055,47265,2024-12-11,1,Quality Issue,2062.45
2056,47288,2025-10-06,1,Damaged Product,3073.0
2057,47311,2022-08-02,1,Wrong Product,4027.5
2058,47334,2023-05-28,1,Customer Changed Mind,5377.0
2059,47357,2024-03-22,1,Late Delivery,6779.0
2060,47380,2025-01-15,1,Quality Issue,6528.85
2061,47403,2025-11-10,1,Damaged Product,1083.0
2062,47426,2022-09-06,1,Wrong Product,1985.0
2063,47449,2023-07-02,1,Customer Changed Mind,3387.0
2064,47472,2024-04-26,1,Late Delivery,4310.1
2065,47495,2025-02-19,1,Quality Issue,5406.45
2066,47518,2025-12-15,1,Damaged Product,7093.0
2067,47541,2022-10-11,1,Wrong Product,7995.0
2068,47564,2023-08-06,1,Customer Changed Mind,1397.0
2069,47587,2024-05-31,1,Late Delivery,2299.0
2070,47610,2025-03-26,1,Quality Issue,3145.85
2071,47633,2022-01-20,1,Damaged Product,4592.7
2072,47656,2022-11-15,1,Wrong Product,6005.0
2073,47679,2023-09-10,1,Customer Changed Mind,7407.0
2074,47702,2024-07-05,1,Late Delivery,309.0
2075,47725,2025-04-30,1,Quality Issue,1625.45
2076,47748,2022-02-24,1,Damaged Product,2613.0
2077,47771,2022-12-20,1,Wrong Product,4015.0
2078,47794,2023-10-15,1,Customer Changed Mind,4425.3
2079,47817,2024-08-09,1,Late Delivery,6319.0
2080,47840,2025-06-04,1,Quality Issue,6562.85
2081,47863,2022-03-31,1,Damaged Product,623.0
2082,47886,2023-01-24,1,Wrong Product,2025.0
2083,47909,2023-11-19,1,Customer Changed Mind,2927.0
2084,47932,2024-09-13,1,Late Delivery,4329.0
2085,47955,2025-07-09,1,Quality Issue,4707.9
2086,47978,2022-05-05,1,Damaged Product,6633.0
2087,48001,2023-02-28,1,Wrong Product,8035.0
2088,48024,2023-12-24,1,Customer Changed Mind,937.0
2089,48047,2024-10-18,1,Late Delivery,2339.0
2090,48070,2025-08-13,1,Quality Issue,2754.85
2091,48093,2022-06-09,1,Damaged Product,4643.0
2092,48116,2023-04-04,1,Wrong Product,4990.5
2093,48139,2024-01-28,1,Customer Changed Mind,6947.0
2094,48162,2024-11-22,1,Late Delivery,349.0
2095,48185,2025-09-17,1,Quality Issue,1188.45
2096,48208,2022-07-14,1,Damaged Product,2653.0
2097,48231,2023-05-09,1,Wrong Product,3555.0
2098,48254,2024-03-03,1,Customer Changed Mind,4957.0
2099,48277,2024-12-27,1,Late Delivery,5273.1
2100,48300,2025-10-22,1,Quality Issue,6171.85
2101,48323,2022-08-18,1,Damaged Product,163.0
2102,48346,2023-06-13,1,Wrong Product,1565.0
2103,48369,2024-04-07,1,Customer Changed Mind,2967.0
2104,48392,2025-01-31,1,Late Delivery,3869.0
2105,48415,2025-11-26,1,Quality Issue,5007.45
2106,48438,2022-09-22,1,Damaged Product,5555.7
2107,48461,2023-07-18,1,Wrong Product,7575.0
2108,48484,2024-05-12,1,Customer Changed Mind,477.0
2109,48507,2025-03-07,1,Late Delivery,1879.0
2110,48530,2025-12-31,1,Quality Issue,2788.85
2111,48553,2022-10-27,1,Damaged Product,4183.0
2112,48576,2023-08-22,1,Wrong Product,5585.0
2113,48599,2024-06-16,1,Customer Changed Mind,5838.3
2114,48622,2025-04-11,1,Late Delivery,7889.0
2115,48645,2022-02-05,1,Quality Issue,751.45
2116,48668,2022-12-01,1,Damaged Product,2193.0
2117,48691,2023-09-26,1,Wrong Product,3095.0
2118,48714,2024-07-21,1,Customer Changed Mind,4497.0
2119,48737,2025-05-16,1,Late Delivery,5899.0
2120,48760,2022-03-12,1,Quality Issue,5780.85
2121,48783,2023-01-05,1,Damaged Product,203.0
2122,48806,2023-10-31,1,Wrong Product,1105.0
2123,48829,2024-08-25,1,Customer Changed Mind,2507.0
2124,48852,2025-06-20,1,Late Delivery,3409.0
2125,48875,2022-04-16,1,Quality Issue,4570.45
2126,48898,2023-02-09,1,Damaged Product,6213.0
2127,48921,2023-12-05,1,Wrong Product,6403.5
2128,48944,2024-09-29,1,Customer Changed Mind,517.0
2129,48967,2025-07-25,1,Late Delivery,1419.0
2130,48990,2022-05-21,1,Quality Issue,2397.85
2131,49013,2023-03-16,1,Damaged Product,3723.0
2132,49036,2024-01-09,1,Wrong Product,5125.0
2133,49059,2024-11-03,1,Customer Changed Mind,6527.0
2134,49082,2025-08-29,1,Late Delivery,6686.1
2135,49105,2022-06-25,1,Quality Issue,789.45
2136,49128,2023-04-20,1,Damaged Product,1733.0
2137,49151,2024-02-13,1,Wrong Product,3135.0
2138,49174,2024-12-08,1,Customer Changed Mind,4037.0
2139,49197,2025-10-03,1,Late Delivery,5439.0
2140,49220,2022-07-30,1,Quality Issue,5389.85
2141,49243,2023-05-25,1,Damaged Product,6968.7
2142,49266,2024-03-19,1,Wrong Product,1145.0
2143,49289,2025-01-12,1,Customer Changed Mind,2047.0
2144,49312,2025-11-07,1,Late Delivery,3449.0
2145,49335,2022-09-03,1,Quality Issue,4133.45
2146,49358,2023-06-29,1,Damaged Product,5753.0
2147,49381,2024-04-23,1,Wrong Product,6655.0
2148,49404,2025-02-16,1,Customer Changed Mind,7251.3
2149,49427,2025-12-12,1,Late Delivery,1459.0
2150,49450,2022-10-08,1,Quality Issue,2006.85
2151,49473,2023-08-03,1,Damaged Product,3763.0
2152,49496,2024-05-28,1,Wrong Product,4665.0
2153,49519,2025-03-23,1,Customer Changed Mind,6067.0
2154,49542,2022-01-17,1,Late Delivery,6969.0
2155,49565,2022-11-12,1,Quality Issue,333.9
2156,49588,2023-09-07,1,Damaged Product,1273.0
2157,49611,2024-07-02,1,Wrong Product,2675.0
2158,49634,2025-04-27,1,Customer Changed Mind,4077.0
2159,49657,2022-02-21,1,Late Delivery,4979.0
2160,49680,2022-12-17,1,Quality Issue,5423.85
2161,49703,2023-10-12,1,Damaged Product,7283.0
2162,49726,2024-08-06,1,Wrong Product,616.5
2163,49749,2025-06-01,1,Customer Changed Mind,1587.0
2164,49772,2022-03-28,1,Late Delivery,2989.0
2165,49795,2023-01-21,1,Quality Issue,4171.45
2166,49818,2023-11-16,1,Damaged Product,5293.0
2167,49841,2024-09-10,1,Wrong Product,6695.0
2168,49864,2025-07-06,1,Customer Changed Mind,7597.0
2169,49887,2022-05-02,1,Late Delivery,899.1
2170,49910,2023-02-25,1,Quality Issue,1615.85
2171,49933,2023-12-21,1,Damaged Product,3303.0
2172,49956,2024-10-15,1,Wrong Product,4705.0
2173,49979,2025-08-10,1,Customer Changed Mind,5607.0
2174,50002,2022-06-06,1,Late Delivery,7009.0
2175,50025,2023-04-01,1,Quality Issue,7515.45
2176,50048,2024-01-25,1,Damaged Product,1181.7
2177,50071,2024-11-19,1,Wrong Product,2215.0
2178,50094,2025-09-14,1,Customer Changed Mind,3617.0
2179,50117,2022-07-11,1,Late Delivery,4519.0
2180,50140,2023-05-06,1,Quality Issue,5032.85
2181,50163,2024-02-29,1,Damaged Product,7323.0
2182,50186,2024-12-24,1,Wrong Product,225.0
2183,50209,2025-10-19,1,Customer Changed Mind,1464.3
2184,50232,2022-08-15,1,Late Delivery,2529.0
2185,50255,2023-06-10,1,Quality Issue,3734.45
2186,50278,2024-04-04,1,Damaged Product,4833.0
2187,50301,2025-01-28,1,Wrong Product,6235.0
2188,50324,2025-11-23,1,Customer Changed Mind,7637.0
2189,50347,2022-09-19,1,Late Delivery,539.0
2190,50370,2023-07-15,1,Quality Issue,1649.85
2191,50393,2024-05-09,1,Damaged Product,2843.0
2192,50416,2025-03-04,1,Wrong Product,4245.0
2193,50439,2025-12-28,1,Customer Changed Mind,5147.0
2194,50462,2022-10-24,1,Late Delivery,6549.0
2195,50485,2023-08-19,1,Quality Issue,7078.45
2196,50508,2024-06-13,1,Damaged Product,853.0
2197,50531,2025-04-08,1,Wrong Product,2029.5
2198,50554,2022-02-02,1,Customer Changed Mind,3157.0
2199,50577,2022-11-28,1,Late Delivery,4559.0
2200,50600,2023-09-23,1,Quality Issue,4641.85
2201,50623,2024-07-18,1,Damaged Product,6863.0
2202,50646,2025-05-13,1,Wrong Product,7765.0
2203,50669,2022-03-09,1,Customer Changed Mind,1167.0
2204,50692,2023-01-02,1,Late Delivery,2312.1
2205,50715,2023-10-28,1,Quality Issue,3297.45
2206,50738,2024-08-22,1,Damaged Product,4873.0
2207,50761,2025-06-17,1,Wrong Product,5775.0
2208,50784,2022-04-13,1,Customer Changed Mind,7177.0
2209,50807,2023-02-06,1,Late Delivery,8079.0
2210,50830,2023-12-02,1,Quality Issue,1258.85
2211,50853,2024-09-26,1,Damaged Product,2594.7
2212,50876,2025-07-22,1,Wrong Product,3785.0
2213,50899,2022-05-18,1,Customer Changed Mind,5187.0
2214,50922,2023-03-13,1,Late Delivery,6089.0
2215,50945,2024-01-06,1,Quality Issue,7116.45
2216,50968,2024-10-31,1,Damaged Product,393.0
2217,50991,2025-08-26,1,Wrong Product,1795.0
2218,51014,2022-06-22,1,Customer Changed Mind,2427.3
2219,51037,2023-04-17,1,Late Delivery,4099.0
2220,51060,2024-02-10,1,Quality Issue,4675.85
2221,51083,2024-12-05,1,Damaged Product,6403.0
2222,51106,2025-09-30,1,Wrong Product,7805.0
2223,51129,2022-07-27,1,Customer Changed Mind,707.0
2224,51152,2023-05-22,1,Late Delivery,2109.0
2225,51175,2024-03-16,1,Quality Issue,2709.9
2226,51198,2025-01-09,1,Damaged Product,4413.0
2227,51221,2025-11-04,1,Wrong Product,5815.0
2228,51244,2022-08-31,1,Customer Changed Mind,6717.0
2229,51267,2023-06-26,1,Late Delivery,8119.0
2230,51290,2024-04-20,1,Quality Issue,867.85
2231,51313,2025-02-13,1,Damaged Product,2423.0
2232,51336,2025-12-09,1,Wrong Product,2992.5
2233,51359,2022-10-05,1,Customer Changed Mind,4727.0
2234,51382,2023-07-31,1,Late Delivery,5629.0
2235,51405,2024-05-25,1,Quality Issue,6679.45
2236,51428,2025-03-20,1,Damaged Product,433.0
2237,51451,2022-01-14,1,Wrong Product,1335.0
2238,51474,2022-11-09,1,Customer Changed Mind,2737.0
2239,51497,2023-09-04,1,Late Delivery,3275.1
2240,51520,2024-06-29,1,Quality Issue,4284.85
2241,51543,2025-04-24,1,Damaged Product,5943.0
2242,51566,2022-02-18,1,Wrong Product,7345.0
2243,51589,2022-12-14,1,Customer Changed Mind,747.0
2244,51612,2023-10-09,1,Late Delivery,1649.0
2245,51635,2024-08-03,1,Quality Issue,2898.45
2246,51658,2025-05-29,1,Damaged Product,3557.7
2247,51681,2022-03-25,1,Wrong Product,5355.0
2248,51704,2023-01-18,1,Customer Changed Mind,6257.0
2249,51727,2023-11-13,1,Late Delivery,7659.0
2250,51750,2024-09-07,1,Quality Issue,901.85
2251,51773,2025-07-03,1,Damaged Product,1963.0
2252,51796,2022-04-29,1,Wrong Product,3365.0
2253,51819,2023-02-22,1,Customer Changed Mind,3840.3
2254,51842,2023-12-18,1,Late Delivery,5669.0
2255,51865,2024-10-12,1,Quality Issue,6242.45
2256,51888,2025-08-07,1,Damaged Product,7973.0
2257,51911,2022-06-03,1,Wrong Product,875.0
2258,51934,2023-03-29,1,Customer Changed Mind,2277.0
2259,51957,2024-01-22,1,Late Delivery,3679.0
2260,51980,2024-11-16,1,Quality Issue,3893.85
2261,52003,2025-09-11,1,Damaged Product,5983.0
2262,52026,2022-07-08,1,Wrong Product,6885.0
2263,52049,2023-05-03,1,Customer Changed Mind,287.0
2264,52072,2024-02-26,1,Late Delivery,1189.0
2265,52095,2024-12-21,1,Quality Issue,2461.45
2266,52118,2025-10-16,1,Damaged Product,3993.0
2267,52141,2022-08-12,1,Wrong Product,4405.5
2268,52164,2023-06-07,1,Customer Changed Mind,6297.0
2269,52187,2024-04-01,1,Late Delivery,7199.0
2270,52210,2025-01-25,1,Quality Issue,510.85
2271,52233,2025-11-20,1,Damaged Product,1503.0
2272,52256,2022-09-16,1,Wrong Product,2905.0
2273,52279,2023-07-12,1,Customer Changed Mind,3807.0
2274,52302,2024-05-06,1,Late Delivery,4688.1
2275,52325,2025-03-01,1,Quality Issue,6280.45
2276,52348,2025-12-25,1,Damaged Product,7513.0
2277,52371,2022-10-21,1,Wrong Product,915.0
2278,52394,2023-08-16,1,Customer Changed Mind,1817.0
2279,52417,2024-06-10,1,Late Delivery,3219.0
2280,52440,2025-04-05,1,Quality Issue,3502.85
2281,52463,2022-01-30,1,Damaged Product,4970.7
2282,52486,2022-11-25,1,Wrong Product,6925.0
2283,52509,2023-09-20,1,Customer Changed Mind,7827.0
2284,52532,2024-07-15,1,Late Delivery,1229.0
2285,52555,2025-05-10,1,Quality Issue,2024.45
2286,52578,2022-03-06,1,Damaged Product,3533.0
2287,52601,2022-12-30,1,Wrong Product,4435.0
2288,52624,2023-10-25,1,Customer Changed Mind,5253.3
2289,52647,2024-08-19,1,Late Delivery,6739.0
2290,52670,2025-06-14,1,Quality Issue,6919.85
2291,52693,2022-04-10,1,Damaged Product,1543.0
2292,52716,2023-02-03,1,Wrong Product,2445.0
2293,52739,2023-11-29,1,Customer Changed Mind,3847.0
2294,52762,2024-09-23,1,Late Delivery,4749.0
2295,52785,2025-07-19,1,Quality Issue,5535.9
2296,52808,2022-05-15,1,Damaged Product,7053.0
2297,52831,2023-03-10,1,Wrong Product,455.0
2298,52854,2024-01-03,1,Customer Changed Mind,1857.0
2299,52877,2024-10-28,1,Late Delivery,2759.0
2300,52900,2025-08-23,1,Quality Issue,3536.85
2301,52923,2022-06-19,1,Damaged Product,5063.0
2302,52946,2023-04-14,1,Wrong Product,5818.5
2303,52969,2024-02-07,1,Customer Changed Mind,7367.0
2304,52992,2024-12-02,1,Late Delivery,769.0
2305,53015,2025-09-27,1,Quality Issue,2062.45
2306,53038,2022-07-24,1,Damaged Product,3073.0
2307,53061,2023-05-19,1,Wrong Product,4475.0
2308,53084,2024-03-13,1,Customer Changed Mind,5377.0
2309,53107,2025-01-06,1,Late Delivery,6101.1
2310,53130,2025-11-01,1,Quality Issue,6528.85
2311,53153,2022-08-28,1,Damaged Product,1083.0
2312,53176,2023-06-23,1,Wrong Product,1985.0
2313,53199,2024-04-17,1,Customer Changed Mind,3387.0
2314,53222,2025-02-10,1,Late Delivery,4789.0
2315,53245,2025-12-06,1,Quality Issue,5406.45
2316,53268,2022-10-02,1,Damaged Product,6383.7
2317,53291,2023-07-28,1,Wrong Product,7995.0
2318,53314,2024-05-22,1,Customer Changed Mind,1397.0
2319,53337,2025-03-17,1,Late Delivery,2299.0
2320,53360,2022-01-11,1,Quality Issue,3145.85
2321,53383,2022-11-06,1,Damaged Product,5103.0
2322,53406,2023-09-01,1,Wrong Product,6005.0
2323,53429,2024-06-26,1,Customer Changed Mind,6666.3
2324,53452,2025-04-21,1,Late Delivery,309.0
2325,53475,2022-02-15,1,Quality Issue,1625.45
2326,53498,2022-12-11,1,Damaged Product,2613.0
2327,53521,2023-10-06,1,Wrong Product,4015.0
2328,53544,2024-07-31,1,Customer Changed Mind,4917.0
2329,53567,2025-05-26,1,Late Delivery,6319.0
2330,53590,2022-03-22,1,Quality Issue,6562.85
2331,53613,2023-01-15,1,Damaged Product,623.0
2332,53636,2023-11-10,1,Wrong Product,2025.0
2333,53659,2024-09-04,1,Customer Changed Mind,2927.0
2334,53682,2025-06-30,1,Late Delivery,4329.0
2335,53705,2022-04-26,1,Quality Issue,4969.45
2336,53728,2023-02-19,1,Damaged Product,6633.0
2337,53751,2023-12-15,1,Wrong Product,7231.5
2338,53774,2024-10-09,1,Customer Changed Mind,937.0
2339,53797,2025-08-04,1,Late Delivery,2339.0
2340,53820,2022-05-31,1,Quality Issue,2754.85
2341,53843,2023-03-26,1,Damaged Product,4643.0
2342,53866,2024-01-19,1,Wrong Product,5545.0
2343,53889,2024-11-13,1,Customer Changed Mind,6947.0
2344,53912,2025-09-08,1,Late Delivery,314.1
2345,53935,2022-07-05,1,Quality Issue,1188.45
2346,53958,2023-04-30,1,Damaged Product,2653.0
2347,53981,2024-02-23,1,Wrong Product,3555.0
2348,54004,2024-12-18,1,Customer Changed Mind,4957.0
2349,54027,2025-10-13,1,Late Delivery,5859.0
2350,54050,2022-08-09,1,Quality Issue,6171.85
2351,54073,2023-06-04,1,Damaged Product,146.7
2352,54096,2024-03-29,1,Wrong Product,1565.0
2353,54119,2025-01-22,1,Customer Changed Mind,2967.0
2354,54142,2025-11-17,1,Late Delivery,3869.0
2355,54165,2022-09-13,1,Quality Issue,5007.45
2356,54188,2023-07-09,1,Damaged Product,6173.0
2357,54211,2024-05-03,1,Wrong Product,7575.0
2358,54234,2025-02-26,1,Customer Changed Mind,429.3
2359,54257,2025-12-22,1,Late Delivery,1879.0
2360,54280,2022-10-18,1,Quality Issue,2788.85
2361,54303,2023-08-13,1,Damaged Product,4183.0
2362,54326,2024-06-07,1,Wrong Product,5585.0
2363,54349,2025-04-02,1,Customer Changed Mind,6487.0
2364,54372,2022-01-27,1,Late Delivery,7889.0
2365,54395,2022-11-22,1,Quality Issue,711.9
2366,54418,2023-09-17,1,Damaged Product,2193.0
2367,54441,2024-07-12,1,Wrong Product,3095.0
2368,54464,2025-05-07,1,Customer Changed Mind,4497.0
2369,54487,2022-03-03,1,Late Delivery,5899.0
2370,54510,2022-12-27,1,Quality Issue,5780.85
2371,54533,2023-10-22,1,Damaged Product,203.0
2372,54556,2024-08-16,1,Wrong Product,994.5
2373,54579,2025-06-11,1,Customer Changed Mind,2507.0
2374,54602,2022-04-07,1,Late Delivery,3409.0
2375,54625,2023-01-31,1,Quality Issue,4570.45
2376,54648,2023-11-26,1,Damaged Product,6213.0
2377,54671,2024-09-20,1,Wrong Product,7115.0
2378,54694,2025-07-16,1,Customer Changed Mind,517.0
2379,54717,2022-05-12,1,Late Delivery,1277.1
2380,54740,2023-03-07,1,Quality Issue,2397.85
2381,54763,2023-12-31,1,Damaged Product,3723.0
2382,54786,2024-10-25,1,Wrong Product,5125.0
2383,54809,2025-08-20,1,Customer Changed Mind,6527.0
2384,54832,2022-06-16,1,Late Delivery,7429.0
2385,54855,2023-04-11,1,Quality Issue,789.45
2386,54878,2024-02-04,1,Damaged Product,1559.7
2387,54901,2024-11-29,1,Wrong Product,3135.0
2388,54924,2025-09-24,1,Customer Changed Mind,4037.0
2389,54947,2022-07-21,1,Late Delivery,5439.0
2390,54970,2023-05-16,1,Quality Issue,5389.85
2391,54993,2024-03-10,1,Damaged Product,7743.0
2392,55016,2025-01-03,1,Wrong Product,1145.0
2393,55039,2025-10-29,1,Customer Changed Mind,1842.3
2394,55062,2022-08-25,1,Late Delivery,3449.0
2395,55085,2023-06-20,1,Quality Issue,4133.45
2396,55108,2024-04-14,1,Damaged Product,5753.0
2397,55131,2025-02-07,1,Wrong Product,6655.0
2398,55154,2025-12-03,1,Customer Changed Mind,8057.0
2399,55177,2022-09-29,1,Late Delivery,1459.0
2400,55200,2023-07-25,1,Quality Issue,2006.85
2401,55223,2024-05-19,1,Damaged Product,3763.0
2402,55246,2025-03-14,1,Wrong Product,4665.0
2403,55269,2026-01-07,1,Customer Changed Mind,6067.0
2404,55292,2022-11-03,1,Late Delivery,6969.0
2405,55315,2023-08-29,1,Quality Issue,352.45
2406,55338,2024-06-23,1,Damaged Product,1273.0
2407,55361,2025-04-18,1,Wrong Product,2407.5
2408,55384,2022-02-12,1,Customer Changed Mind,4077.0
2409,55407,2022-12-08,1,Late Delivery,4979.0
2410,55430,2023-10-03,1,Quality Issue,5423.85
2411,55453,2024-07-28,1,Damaged Product,7283.0
2412,55476,2025-05-23,1,Wrong Product,685.0
2413,55499,2022-03-19,1,Customer Changed Mind,1587.0
2414,55522,2023-01-12,1,Late Delivery,2690.1
2415,55545,2023-11-07,1,Quality Issue,4171.45
2416,55568,2024-09-01,1,Damaged Product,5293.0
2417,55591,2025-06-27,1,Wrong Product,6695.0
2418,55614,2022-04-23,1,Customer Changed Mind,7597.0
2419,55637,2023-02-16,1,Late Delivery,999.0
2420,55660,2023-12-12,1,Quality Issue,1615.85
2421,55683,2024-10-06,1,Damaged Product,2972.7
2422,55706,2025-08-01,1,Wrong Product,4705.0
2423,55729,2022-05-28,1,Customer Changed Mind,5607.0
2424,55752,2023-03-23,1,Late Delivery,7009.0
2425,55775,2024-01-16,1,Quality Issue,7515.45
2426,55798,2024-11-10,1,Damaged Product,1313.0
2427,55821,2025-09-05,1,Wrong Product,2215.0
2428,55844,2022-07-02,1,Customer Changed Mind,3255.3
2429,55867,2023-04-27,1,Late Delivery,4519.0
2430,55890,2024-02-20,1,Quality Issue,5032.85
2431,55913,2024-12-15,1,Damaged Product,7323.0
2432,55936,2025-10-10,1,Wrong Product,225.0
2433,55959,2022-08-06,1,Customer Changed Mind,1627.0
2434,55982,2023-06-01,1,Late Delivery,2529.0
2435,56005,2024-03-26,1,Quality Issue,3537.9
2436,56028,2025-01-19,1,Damaged Product,4833.0
2437,56051,2025-11-14,1,Wrong Product,6235.0
2438,56074,2022-09-10,1,Customer Changed Mind,7637.0
2439,56097,2023-07-06,1,Late Delivery,539.0
2440,56120,2024-04-30,1,Quality Issue,1649.85
2441,56143,2025-02-23,1,Damaged Product,2843.0
2442,56166,2025-12-19,1,Wrong Product,3820.5
2443,56189,2022-10-15,1,Customer Changed Mind,5147.0
2444,56212,2023-08-10,1,Late Delivery,6549.0
2445,56235,2024-06-04,1,Quality Issue,7078.45
2446,56258,2025-03-30,1,Damaged Product,853.0
2447,56281,2022-01-24,1,Wrong Product,2255.0
2448,56304,2022-11-19,1,Customer Changed Mind,3157.0
2449,56327,2023-09-14,1,Late Delivery,4103.1
2450,56350,2024-07-09,1,Quality Issue,4641.85
2451,56373,2025-05-04,1,Damaged Product,6863.0
2452,56396,2022-02-28,1,Wrong Product,7765.0
2453,56419,2022-12-24,1,Customer Changed Mind,1167.0
2454,56442,2023-10-19,1,Late Delivery,2569.0
2455,56465,2024-08-13,1,Quality Issue,3297.45
2456,56488,2025-06-08,1,Damaged Product,4385.7
2457,56511,2022-04-04,1,Wrong Product,5775.0
2458,56534,2023-01-28,1,Customer Changed Mind,7177.0
2459,56557,2023-11-23,1,Late Delivery,8079.0
2460,56580,2024-09-17,1,Quality Issue,1258.85
2461,56603,2025-07-13,1,Damaged Product,2883.0
2462,56626,2022-05-09,1,Wrong Product,3785.0
2463,56649,2023-03-04,1,Customer Changed Mind,4668.3
2464,56672,2023-12-28,1,Late Delivery,6089.0
2465,56695,2024-10-22,1,Quality Issue,7116.45
2466,56718,2025-08-17,1,Damaged Product,393.0
2467,56741,2022-06-13,1,Wrong Product,1795.0
2468,56764,2023-04-08,1,Customer Changed Mind,2697.0
2469,56787,2024-02-01,1,Late Delivery,4099.0
2470,56810,2024-11-26,1,Quality Issue,4675.85
2471,56833,2025-09-21,1,Damaged Product,6403.0
2472,56856,2022-07-18,1,Wrong Product,7805.0
2473,56879,2023-05-13,1,Customer Changed Mind,707.0
2474,56902,2024-03-07,1,Late Delivery,2109.0
2475,56925,2024-12-31,1,Quality Issue,2860.45
2476,56948,2025-10-26,1,Damaged Product,4413.0
2477,56971,2022-08-22,1,Wrong Product,5233.5
2478,56994,2023-06-17,1,Customer Changed Mind,6717.0
2479,57017,2024-04-11,1,Late Delivery,8119.0
2480,57040,2025-02-04,1,Quality Issue,867.85
2481,57063,2025-11-30,1,Damaged Product,2423.0
2482,57086,2022-09-26,1,Wrong Product,3325.0
2483,57109,2023-07-22,1,Customer Changed Mind,4727.0
2484,57132,2024-05-16,1,Late Delivery,5066.1
2485,57155,2025-03-11,1,Quality Issue,6679.45
2486,57178,2026-01-04,1,Damaged Product,433.0
2487,57201,2022-10-31,1,Wrong Product,1335.0
2488,57224,2023-08-26,1,Customer Changed Mind,2737.0
2489,57247,2024-06-20,1,Late Delivery,3639.0
2490,57270,2025-04-15,1,Quality Issue,4284.85
2491,57293,2022-02-09,1,Damaged Product,5348.7
2492,57316,2022-12-05,1,Wrong Product,7345.0
2493,57339,2023-09-30,1,Customer Changed Mind,747.0
2494,57362,2024-07-25,1,Late Delivery,1649.0
2495,57385,2025-05-20,1,Quality Issue,2898.45
2496,57408,2022-03-16,1,Damaged Product,3953.0
2497,57431,2023-01-09,1,Wrong Product,5355.0
2498,57454,2023-11-04,1,Customer Changed Mind,5631.3
2499,57477,2024-08-29,1,Late Delivery,7659.0
2500,57500,2025-06-24,1,Quality Issue,901.85
2501,57523,2022-04-20,1,Damaged Product,1963.0
2502,57546,2023-02-13,1,Wrong Product,3365.0
2503,57569,2023-12-09,1,Customer Changed Mind,4267.0
2504,57592,2024-10-03,1,Late Delivery,5669.0
2505,57615,2025-07-29,1,Quality Issue,5913.9
2506,57638,2022-05-25,1,Damaged Product,7973.0
2507,57661,2023-03-20,1,Wrong Product,875.0
2508,57684,2024-01-13,1,Customer Changed Mind,2277.0
2509,57707,2024-11-07,1,Late Delivery,3679.0
2510,57730,2025-09-02,1,Quality Issue,3893.85
2511,57753,2022-06-29,1,Damaged Product,5983.0
2512,57776,2023-04-24,1,Wrong Product,6196.5
2513,57799,2024-02-17,1,Customer Changed Mind,287.0
2514,57822,2024-12-12,1,Late Delivery,1189.0
2515,57845,2025-10-07,1,Quality Issue,2461.45
2516,57868,2022-08-03,1,Damaged Product,3993.0
2517,57891,2023-05-29,1,Wrong Product,4895.0
2518,57914,2024-03-23,1,Customer Changed Mind,6297.0
2519,57937,2025-01-16,1,Late Delivery,6479.1
2520,57960,2025-11-11,1,Quality Issue,510.85
2521,57983,2022-09-07,1,Damaged Product,1503.0
2522,58006,2023-07-03,1,Wrong Product,2905.0
2523,58029,2024-04-27,1,Customer Changed Mind,3807.0
2524,58052,2025-02-20,1,Late Delivery,5209.0
2525,58075,2025-12-16,1,Quality Issue,6280.45
2526,58098,2022-10-12,1,Damaged Product,6761.7
2527,58121,2023-08-07,1,Wrong Product,915.0
2528,58144,2024-06-01,1,Customer Changed Mind,1817.0
2529,58167,2025-03-27,1,Late Delivery,3219.0
2530,58190,2022-01-21,1,Quality Issue,3502.85
2531,58213,2022-11-16,1,Damaged Product,5523.0
2532,58236,2023-09-11,1,Wrong Product,6925.0
2533,58259,2024-07-06,1,Customer Changed Mind,7044.3
2534,58282,2025-05-01,1,Late Delivery,1229.0
2535,58305,2022-02-25,1,Quality Issue,2024.45
2536,58328,2022-12-21,1,Damaged Product,3533.0
2537,58351,2023-10-16,1,Wrong Product,4435.0
2538,58374,2024-08-10,1,Customer Changed Mind,5837.0
2539,58397,2025-06-05,1,Late Delivery,6739.0
2540,58420,2022-04-01,1,Quality Issue,6919.85
2541,58443,2023-01-25,1,Damaged Product,1543.0
2542,58466,2023-11-20,1,Wrong Product,2445.0
2543,58489,2024-09-14,1,Customer Changed Mind,3847.0
2544,58512,2025-07-10,1,Late Delivery,4749.0
2545,58535,2022-05-06,1,Quality Issue,5843.45
2546,58558,2023-03-01,1,Damaged Product,7053.0
2547,58581,2023-12-25,1,Wrong Product,409.5
2548,58604,2024-10-19,1,Customer Changed Mind,1857.0
2549,58627,2025-08-14,1,Late Delivery,2759.0
2550,58650,2022-06-10,1,Quality Issue,3536.85
2551,58673,2023-04-05,1,Damaged Product,5063.0
2552,58696,2024-01-29,1,Wrong Product,6465.0
2553,58719,2024-11-23,1,Customer Changed Mind,7367.0
2554,58742,2025-09-18,1,Late Delivery,692.1
2555,58765,2022-07-15,1,Quality Issue,2062.45
2556,58788,2023-05-10,1,Damaged Product,3073.0
2557,58811,2024-03-04,1,Wrong Product,4475.0
2558,58834,2024-12-28,1,Customer Changed Mind,5377.0
2559,58857,2025-10-23,1,Late Delivery,6779.0
2560,58880,2022-08-19,1,Quality Issue,6528.85
2561,58903,2023-06-14,1,Damaged Product,974.7
2562,58926,2024-04-08,1,Wrong Product,1985.0
2563,58949,2025-02-01,1,Customer Changed Mind,3387.0
2564,58972,2025-11-27,1,Late Delivery,4789.0
2565,58995,2022-09-23,1,Quality Issue,5406.45
2566,59018,2023-07-19,1,Damaged Product,7093.0
2567,59041,2024-05-13,1,Wrong Product,7995.0
2568,59064,2025-03-08,1,Customer Changed Mind,1257.3
2569,59087,2026-01-01,1,Late Delivery,2299.0
2570,59110,2022-10-28,1,Quality Issue,3145.85
2571,59133,2023-08-23,1,Damaged Product,5103.0
2572,59156,2024-06-17,1,Wrong Product,6005.0
2573,59179,2025-04-12,1,Customer Changed Mind,7407.0
2574,59202,2022-02-06,1,Late Delivery,309.0
2575,59225,2022-12-02,1,Quality Issue,1539.9
2576,59248,2023-09-27,1,Damaged Product,2613.0
2577,59271,2024-07-22,1,Wrong Product,4015.0
2578,59294,2025-05-17,1,Customer Changed Mind,4917.0
2579,59317,2022-03-13,1,Late Delivery,6319.0
2580,59340,2023-01-06,1,Quality Issue,6562.85
2581,59363,2023-11-01,1,Damaged Product,623.0
2582,59386,2024-08-26,1,Wrong Product,1822.5
2583,59409,2025-06-21,1,Customer Changed Mind,2927.0
2584,59432,2022-04-17,1,Late Delivery,4329.0
2585,59455,2023-02-10,1,Quality Issue,4969.45
2586,59478,2023-12-06,1,Damaged Product,6633.0
2587,59501,2024-09-30,1,Wrong Product,8035.0
2588,59524,2025-07-26,1,Customer Changed Mind,937.0
2589,59547,2022-05-22,1,Late Delivery,2105.1
2590,59570,2023-03-17,1,Quality Issue,2754.85
2591,59593,2024-01-10,1,Damaged Product,4643.0
2592,59616,2024-11-04,1,Wrong Product,5545.0
2593,59639,2025-08-30,1,Customer Changed Mind,6947.0
2594,59662,2022-06-26,1,Late Delivery,349.0
2595,59685,2023-04-21,1,Quality Issue,1188.45
2596,59708,2024-02-14,1,Damaged Product,2387.7
2597,59731,2024-12-09,1,Wrong Product,3555.0
2598,59754,2025-10-04,1,Customer Changed Mind,4957.0
2599,59777,2022-07-31,1,Late Delivery,5859.0
2600,59800,2023-05-26,1,Quality Issue,6171.85
2601,59823,2024-03-20,1,Damaged Product,163.0
2602,59846,2025-01-13,1,Wrong Product,1565.0
2603,59869,2025-11-08,1,Customer Changed Mind,2670.3
2604,59892,2022-09-04,1,Late Delivery,3869.0
2605,59915,2023-06-30,1,Quality Issue,5007.45
2606,59938,2024-04-24,1,Damaged Product,6173.0
2607,59961,2025-02-17,1,Wrong Product,7575.0
2608,59984,2025-12-13,1,Customer Changed Mind,477.0
2609,60007,2022-04-12,1,Late Delivery,5659.2
2610,60030,2023-02-05,1,Quality Issue,3732.35
2611,60053,2023-12-01,1,Damaged Product,1994.0
2612,60076,2024-09-25,1,Wrong Product,7597.0
2613,60099,2025-07-21,1,Customer Changed Mind,5700.0
2614,60122,2022-05-17,1,Late Delivery,3303.0
2615,60145,2023-03-12,1,Quality Issue,860.7
2616,60168,2024-01-05,1,Damaged Product,6308.1
2617,60191,2024-10-30,1,Wrong Product,4612.0
2618,60214,2025-08-25,1,Customer Changed Mind,2215.0
2619,60237,2022-06-21,1,Late Delivery,318.0
2620,60260,2023-04-16,1,Quality Issue,5032.85
2621,60283,2024-02-09,1,Damaged Product,3524.0
2622,60306,2024-12-04,1,Wrong Product,1627.0
2623,60329,2025-09-29,1,Customer Changed Mind,6507.0
2624,60352,2022-07-26,1,Late Delivery,4833.0
2625,60375,2023-05-21,1,Quality Issue,2789.2
2626,60398,2024-03-15,1,Damaged Product,539.0
2627,60421,2025-01-08,1,Wrong Product,6142.0
2628,60444,2025-11-03,1,Customer Changed Mind,4245.0
2629,60467,2022-08-30,1,Late Delivery,1848.0
2630,60490,2023-06-25,1,Quality Issue,6333.35
2631,60513,2024-04-19,1,Damaged Product,5554.0
2632,60536,2025-02-12,1,Wrong Product,3157.0
2633,60559,2025-12-08,1,Customer Changed Mind,1260.0
2634,60582,2022-10-04,1,Late Delivery,6863.0
2635,60605,2023-07-30,1,Quality Issue,4242.7
2636,60628,2024-05-24,1,Damaged Product,2569.0
2637,60651,2025-03-19,1,Wrong Product,154.8
2638,60674,2022-01-13,1,Customer Changed Mind,5775.0
2639,60697,2022-11-08,1,Late Delivery,3878.0
2640,60720,2023-09-03,1,Quality Issue,1258.85
2641,60743,2024-06-28,1,Damaged Product,7084.0
2642,60766,2025-04-23,1,Wrong Product,5187.0
2643,60789,2022-02-17,1,Customer Changed Mind,2790.0
2644,60812,2022-12-13,1,Late Delivery,353.7
2645,60835,2023-10-08,1,Quality Issue,6171.2
2646,60858,2024-08-02,1,Damaged Product,4099.0
2647,60881,2025-05-28,1,Wrong Product,1702.0
2648,60904,2022-03-24,1,Customer Changed Mind,7805.0
2649,60927,2023-01-17,1,Late Delivery,5408.0
2650,60950,2023-11-12,1,Quality Issue,2559.35
2651,60973,2024-09-06,1,Damaged Product,1002.6
2652,60996,2025-07-02,1,Wrong Product,6717.0
2653,61019,2022-04-28,1,Customer Changed Mind,4320.0
2654,61042,2023-02-21,1,Late Delivery,2423.0
2655,61065,2023-12-17,1,Quality Issue,7624.7
2656,61088,2024-10-11,1,Damaged Product,5629.0
2657,61111,2025-08-06,1,Wrong Product,3732.0
2658,61134,2022-06-02,1,Customer Changed Mind,1201.5
2659,61157,2023-03-28,1,Late Delivery,7438.0
2660,61180,2024-01-21,1,Quality Issue,4284.85
2661,61203,2024-11-15,1,Damaged Product,2644.0
2662,61226,2025-09-10,1,Wrong Product,747.0
2663,61249,2022-07-07,1,Customer Changed Mind,6350.0
2664,61272,2023-05-02,1,Late Delivery,3953.0
2665,61295,2024-02-25,1,Quality Issue,1850.4
2666,61318,2024-12-20,1,Damaged Product,7659.0
2667,61341,2025-10-15,1,Wrong Product,5262.0
2668,61364,2022-08-11,1,Customer Changed Mind,3365.0
2669,61387,2023-06-06,1,Late Delivery,968.0
2670,61410,2024-03-31,1,Quality Issue,5585.35
2671,61433,2025-01-24,1,Damaged Product,4674.0
2672,61456,2025-11-19,1,Wrong Product,2049.3
2673,61479,2022-09-15,1,Customer Changed Mind,7880.0
2674,61502,2023-07-11,1,Late Delivery,5983.0
2675,61525,2024-05-05,1,Quality Issue,3406.7
2676,61548,2025-02-28,1,Damaged Product,1189.0
2677,61571,2025-12-24,1,Wrong Product,7292.0
2678,61594,2022-10-20,1,Customer Changed Mind,4895.0
2679,61617,2023-08-15,1,Late Delivery,2248.2
2680,61640,2024-06-09,1,Quality Issue,510.85
2681,61663,2025-04-04,1,Damaged Product,6204.0
2682,61686,2022-01-29,1,Wrong Product,3807.0
2683,61709,2022-11-24,1,Customer Changed Mind,1910.0
2684,61732,2023-09-19,1,Late Delivery,7513.0
2685,61755,2024-07-14,1,Quality Issue,5335.2
2686,61778,2025-05-09,1,Damaged Product,2897.1
2687,61801,2022-03-05,1,Wrong Product,822.0
2688,61824,2022-12-29,1,Customer Changed Mind,6925.0
2689,61847,2023-10-24,1,Late Delivery,4528.0
2690,61870,2024-08-18,1,Quality Issue,1811.35
2691,61893,2025-06-13,1,Damaged Product,234.0
2692,61916,2022-04-09,1,Wrong Product,5837.0
2693,61939,2023-02-02,1,Customer Changed Mind,3096.0
2694,61962,2023-11-28,1,Late Delivery,1543.0
2695,61985,2024-09-22,1,Quality Issue,6788.7
2696,62008,2025-07-18,1,Damaged Product,4749.0
2697,62031,2022-05-14,1,Wrong Product,2852.0
2698,62054,2023-03-09,1,Customer Changed Mind,455.0
2699,62077,2024-01-02,1,Late Delivery,6058.0
2700,62100,2024-10-27,1,Quality Issue,3536.85
2701,62123,2025-08-22,1,Damaged Product,1764.0
2702,62146,2022-06-18,1,Wrong Product,7367.0
2703,62169,2023-04-13,1,Customer Changed Mind,5470.0
2704,62192,2024-02-06,1,Late Delivery,3073.0
2705,62215,2024-12-01,1,Quality Issue,642.2
2706,62238,2025-09-26,1,Damaged Product,6779.0
2707,62261,2022-07-23,1,Wrong Product,3943.8
2708,62284,2023-05-18,1,Customer Changed Mind,1985.0
2709,62307,2024-03-12,1,Late Delivery,8088.0
2710,62330,2025-01-05,1,Quality Issue,4837.35
2711,62353,2025-10-31,1,Damaged Product,3794.0
2712,62376,2022-08-27,1,Wrong Product,1397.0
2713,62399,2023-06-22,1,Customer Changed Mind,7000.0
2714,62422,2024-04-16,1,Late Delivery,4592.7
2715,62445,2025-02-09,1,Quality Issue,2570.7
2716,62468,2025-12-05,1,Damaged Product,309.0
2717,62491,2022-10-01,1,Wrong Product,6412.0
2718,62514,2023-07-27,1,Customer Changed Mind,4015.0
2719,62537,2024-05-21,1,Late Delivery,1618.0
2720,62560,2025-03-16,1,Quality Issue,6562.85
2721,62583,2026-01-09,1,Damaged Product,4791.6
2722,62606,2022-11-05,1,Wrong Product,2927.0
2723,62629,2023-08-31,1,Customer Changed Mind,1030.0
2724,62652,2024-06-25,1,Late Delivery,6633.0
2725,62675,2025-04-20,1,Quality Issue,4024.2
2726,62698,2022-02-14,1,Damaged Product,2339.0
2727,62721,2022-12-10,1,Wrong Product,7942.0
2728,62744,2023-10-05,1,Customer Changed Mind,4990.5
2729,62767,2024-07-30,1,Late Delivery,3648.0
2730,62790,2025-05-25,1,Quality Issue,1063.35
2731,62813,2022-03-21,1,Damaged Product,6854.0
2732,62836,2023-01-14,1,Wrong Product,4957.0
2733,62859,2023-11-09,1,Customer Changed Mind,2560.0
2734,62882,2024-09-03,1,Late Delivery,163.0
2735,62905,2025-06-29,1,Quality Issue,5639.4
2736,62928,2022-04-25,1,Damaged Product,3869.0
2737,62951,2023-02-18,1,Wrong Product,1972.0
2738,62974,2023-12-14,1,Customer Changed Mind,7575.0
2739,62997,2024-10-08,1,Late Delivery,5178.0
2740,63020,2025-08-03,1,Quality Issue,2788.85
2741,63043,2022-05-30,1,Damaged Product,884.0
2742,63066,2023-03-25,1,Wrong Product,5838.3
2743,63089,2024-01-18,1,Customer Changed Mind,4590.0
2744,63112,2024-11-12,1,Late Delivery,2193.0
2745,63135,2025-09-07,1,Quality Issue,7406.2
2746,63158,2022-07-04,1,Damaged Product,5899.0
2747,63181,2023-04-29,1,Wrong Product,3502.0
2748,63204,2024-02-22,1,Customer Changed Mind,1105.0
2749,63227,2024-12-17,1,Late Delivery,6487.2
2750,63250,2025-10-12,1,Quality Issue,4089.35
2751,63273,2022-08-08,1,Damaged Product,2414.0
2752,63296,2023-06-03,1,Wrong Product,517.0
2753,63319,2024-03-28,1,Customer Changed Mind,6120.0
2754,63342,2025-01-21,1,Late Delivery,3723.0
2755,63365,2025-11-16,1,Quality Issue,1734.7
2756,63388,2022-09-12,1,Damaged Product,6686.1
2757,63411,2023-07-08,1,Wrong Product,5032.0
2758,63434,2024-05-02,1,Customer Changed Mind,3135.0
2759,63457,2025-02-25,1,Late Delivery,738.0
2760,63480,2025-12-21,1,Quality Issue,5389.85
2761,63503,2022-10-17,1,Damaged Product,4444.0
2762,63526,2023-08-12,1,Wrong Product,2047.0
2763,63549,2024-06-06,1,Customer Changed Mind,6885.0
2764,63572,2025-04-01,1,Late Delivery,5753.0
2765,63595,2022-01-26,1,Quality Issue,3188.2
2766,63618,2022-11-21,1,Damaged Product,1459.0
2767,63641,2023-09-16,1,Wrong Product,7062.0
2768,63664,2024-07-11,1,Customer Changed Mind,4665.0
2769,63687,2025-05-06,1,Late Delivery,2768.0
2770,63710,2022-03-02,1,Quality Issue,315.35
2771,63733,2022-12-26,1,Damaged Product,5974.0
2772,63756,2023-10-21,1,Wrong Product,4077.0
2773,63779,2024-08-15,1,Customer Changed Mind,1680.0
2774,63802,2025-06-10,1,Late Delivery,7283.0
2775,63825,2022-04-06,1,Quality Issue,5116.7
2776,63848,2023-01-30,1,Damaged Product,2989.0
2777,63871,2023-11-25,1,Wrong Product,532.8
2778,63894,2024-09-19,1,Customer Changed Mind,6695.0
2779,63917,2025-07-15,1,Late Delivery,4298.0
2780,63940,2022-05-11,1,Quality Issue,1615.85
2781,63963,2023-03-06,1,Damaged Product,8004.0
2782,63986,2023-12-30,1,Wrong Product,5607.0
2783,64009,2024-10-24,1,Customer Changed Mind,3210.0
2784,64032,2025-08-19,1,Late Delivery,1181.7
2785,64055,2022-06-15,1,Quality Issue,6570.2
2786,64078,2023-04-10,1,Damaged Product,4519.0
2787,64101,2024-02-03,1,Wrong Product,2622.0
2788,64124,2024-11-28,1,Customer Changed Mind,225.0
2789,64147,2025-09-23,1,Late Delivery,5828.0
2790,64170,2022-07-20,1,Quality Issue,3341.35
2791,64193,2023-05-15,1,Damaged Product,1380.6
2792,64216,2024-03-09,1,Wrong Product,7637.0
2793,64239,2025-01-02,1,Customer Changed Mind,5240.0
2794,64262,2025-10-28,1,Late Delivery,2843.0
2795,64285,2022-08-24,1,Quality Issue,898.7
2796,64308,2023-06-19,1,Damaged Product,6549.0
2797,64331,2024-04-13,1,Wrong Product,4152.0
2798,64354,2025-02-06,1,Customer Changed Mind,2029.5
2799,64377,2025-12-02,1,Late Delivery,7858.0
2800,64400,2022-09-28,1,Quality Issue,4641.85
2801,64423,2023-07-24,1,Damaged Product,3564.0
2802,64446,2024-05-18,1,Wrong Product,1167.0
2803,64469,2025-03-13,1,Customer Changed Mind,6770.0
2804,64492,2026-01-06,1,Late Delivery,4873.0
2805,64515,2022-11-02,1,Quality Issue,2228.4
2806,64538,2023-08-28,1,Damaged Product,8079.0
2807,64561,2024-06-22,1,Wrong Product,6182.0
2808,64584,2025-04-17,1,Customer Changed Mind,3785.0
2809,64607,2022-02-11,1,Late Delivery,1388.0
2810,64630,2022-12-07,1,Quality Issue,6367.35
2811,64653,2023-10-02,1,Damaged Product,5094.0
2812,64676,2024-07-27,1,Wrong Product,2427.3
2813,64699,2025-05-22,1,Customer Changed Mind,800.0
2814,64722,2022-03-18,1,Late Delivery,6403.0
2815,64745,2023-01-11,1,Quality Issue,3805.7
2816,64768,2023-11-06,1,Damaged Product,2109.0
2817,64791,2024-08-31,1,Wrong Product,7712.0
2818,64814,2025-06-26,1,Customer Changed Mind,5815.0
2819,64837,2022-04-22,1,Late Delivery,3076.2
2820,64860,2023-02-15,1,Quality Issue,867.85
2821,64883,2023-12-11,1,Damaged Product,7124.0
2822,64906,2024-10-05,1,Wrong Product,4727.0
2823,64929,2025-07-31,1,Customer Changed Mind,2330.0
2824,64952,2022-05-27,1,Late Delivery,433.0
2825,64975,2023-03-22,1,Quality Issue,5734.2
2826,64998,2024-01-15,1,Damaged Product,3275.1
2827,65021,2024-11-09,1,Wrong Product,1742.0
2828,65044,2025-09-04,1,Customer Changed Mind,7345.0
2829,65067,2022-07-01,1,Late Delivery,4948.0
2830,65090,2023-04-26,1,Quality Issue,2593.35
2831,65113,2024-02-19,1,Damaged Product,654.0
2832,65136,2024-12-14,1,Wrong Product,6257.0
2833,65159,2025-10-09,1,Customer Changed Mind,3924.0
2834,65182,2022-08-05,1,Late Delivery,1963.0
2835,65205,2023-05-31,1,Quality Issue,7187.7
2836,65228,2024-03-25,1,Damaged Product,5669.0
2837,65251,2025-01-18,1,Wrong Product,3272.0
2838,65274,2025-11-13,1,Customer Changed Mind,875.0
2839,65297,2022-09-09,1,Late Delivery,6978.0
2840,65320,2023-07-05,1,Quality Issue,3893.85
2841,65343,2024-04-29,1,Damaged Product,2184.0
2842,65366,2025-02-22,1,Wrong Product,287.0
2843,65389,2025-12-18,1,Customer Changed Mind,5890.0
2844,65412,2022-10-14,1,Late Delivery,3993.0
2845,65435,2023-08-09,1,Quality Issue,1516.2
2846,65458,2024-06-03,1,Damaged Product,7199.0
2847,65481,2025-03-29,1,Wrong Product,4771.8
2848,65504,2022-01-23,1,Customer Changed Mind,2905.0
2849,65527,2022-11-18,1,Late Delivery,508.0
2850,65550,2023-09-13,1,Quality Issue,5619.35
2851,65573,2024-07-08,1,Damaged Product,4214.0
2852,65596,2025-05-03,1,Wrong Product,1817.0
2853,65619,2022-02-27,1,Customer Changed Mind,7920.0
2854,65642,2022-12-23,1,Late Delivery,4970.7
2855,65665,2023-10-18,1,Quality Issue,2969.7
2856,65688,2024-08-12,1,Damaged Product,1229.0
2857,65711,2025-06-07,1,Wrong Product,6832.0
2858,65734,2022-04-03,1,Customer Changed Mind,4435.0
2859,65757,2023-01-27,1,Late Delivery,2538.0
2860,65780,2023-11-22,1,Quality Issue,6919.85
2861,65803,2024-09-16,1,Damaged Product,5169.6
2862,65826,2025-07-12,1,Wrong Product,3847.0
2863,65849,2022-05-08,1,Customer Changed Mind,1450.0
2864,65872,2023-03-03,1,Late Delivery,7053.0
2865,65895,2023-12-27,1,Quality Issue,4898.2
2866,65918,2024-10-21,1,Damaged Product,2759.0
2867,65941,2025-08-16,1,Wrong Product,362.0
2868,65964,2022-06-12,1,Customer Changed Mind,5818.5
2869,65987,2023-04-07,1,Late Delivery,4068.0
2870,66010,2024-01-31,1,Quality Issue,1845.35
2871,66033,2024-11-25,1,Damaged Product,7774.0
2872,66056,2025-09-20,1,Wrong Product,5377.0
2873,66079,2022-07-17,1,Customer Changed Mind,3480.0
2874,66102,2023-05-12,1,Late Delivery,1083.0
2875,66125,2024-03-06,1,Quality Issue,6017.4
2876,66148,2024-12-30,1,Damaged Product,4789.0
2877,66171,2025-10-25,1,Wrong Product,2392.0
2878,66194,2022-08-21,1,Customer Changed Mind,7995.0
2879,66217,2023-06-16,1,Late Delivery,6098.0
2880,66240,2024-04-10,1,Quality Issue,3145.85
2881,66263,2025-02-03,1,Damaged Product,1304.0
2882,66286,2025-11-29,1,Wrong Product,6666.3
2883,66309,2022-09-25,1,Customer Changed Mind,5010.0
2884,66332,2023-07-21,1,Late Delivery,2613.0
2885,66355,2024-05-15,1,Quality Issue,680.2
2886,66378,2025-03-10,1,Damaged Product,6319.0
2887,66401,2026-01-03,1,Wrong Product,3922.0
2888,66424,2022-10-30,1,Customer Changed Mind,2025.0
2889,66447,2023-08-25,1,Late Delivery,6865.2
2890,66470,2024-06-19,1,Quality Issue,4446.35
2891,66493,2025-04-14,1,Damaged Product,3334.0
2892,66516,2022-02-08,1,Wrong Product,937.0
2893,66539,2022-12-04,1,Customer Changed Mind,6540.0
2894,66562,2023-09-29,1,Late Delivery,4643.0
2895,66585,2024-07-24,1,Quality Issue,2133.7
2896,66608,2025-05-19,1,Damaged Product,314.1
2897,66631,2022-03-15,1,Wrong Product,5952.0
2898,66654,2023-01-08,1,Customer Changed Mind,3555.0
2899,66677,2023-11-03,1,Late Delivery,1658.0
2900,66700,2024-08-28,1,Quality Issue,6171.85
2901,66723,2025-06-23,1,Damaged Product,4864.0
2902,66746,2022-04-19,1,Wrong Product,2967.0
2903,66769,2023-02-12,1,Customer Changed Mind,513.0
2904,66792,2023-12-08,1,Late Delivery,6173.0
2905,66815,2024-10-02,1,Quality Issue,4062.2
2906,66838,2025-07-28,1,Damaged Product,1879.0
2907,66861,2022-05-24,1,Wrong Product,7482.0
2908,66884,2023-03-19,1,Customer Changed Mind,5585.0
2909,66907,2024-01-12,1,Late Delivery,3188.0
2910,66930,2024-11-06,1,Quality Issue,672.35
2911,66953,2025-09-01,1,Damaged Product,6894.0
2912,66976,2022-06-28,1,Wrong Product,4497.0
2913,66999,2023-04-23,1,Customer Changed Mind,2100.0
2914,67022,2024-02-16,1,Late Delivery,203.0
2915,67045,2024-12-11,1,Quality Issue,5515.7
2916,67068,2025-10-06,1,Damaged Product,3409.0
2917,67091,2022-08-02,1,Wrong Product,1360.8
2918,67114,2023-05-28,1,Customer Changed Mind,7115.0
2919,67137,2024-03-22,1,Late Delivery,4718.0
2920,67160,2025-01-15,1,Quality Issue,2397.85
2921,67183,2025-11-10,1,Damaged Product,424.0
2922,67206,2022-09-06,1,Wrong Product,6527.0
2923,67229,2023-07-02,1,Customer Changed Mind,4130.0
2924,67252,2024-04-26,1,Late Delivery,1559.7
2925,67275,2025-02-19,1,Quality Issue,7444.2
2926,67298,2025-12-15,1,Damaged Product,5439.0
2927,67321,2022-10-11,1,Wrong Product,3042.0
2928,67344,2023-08-06,1,Customer Changed Mind,1145.0
2929,67367,2024-05-31,1,Late Delivery,6748.0
2930,67390,2025-03-26,1,Quality Issue,3698.35
2931,67413,2022-01-20,1,Damaged Product,2208.6
2932,67436,2022-11-15,1,Wrong Product,8057.0
2933,67459,2023-09-10,1,Customer Changed Mind,5660.0
2934,67482,2024-07-05,1,Late Delivery,3763.0
2935,67505,2025-04-30,1,Quality Issue,1297.7
2936,67528,2022-02-24,1,Damaged Product,6969.0
2937,67551,2022-12-20,1,Wrong Product,5072.0
2938,67574,2023-10-15,1,Customer Changed Mind,2407.5
2939,67597,2024-08-09,1,Late Delivery,278.0
2940,67620,2025-06-04,1,Quality Issue,5423.85
2941,67643,2022-03-31,1,Damaged Product,3984.0
2942,67666,2023-01-24,1,Wrong Product,1587.0
2943,67689,2023-11-19,1,Customer Changed Mind,7690.0
2944,67712,2024-09-13,1,Late Delivery,5293.0
2945,67735,2025-07-09,1,Quality Issue,2606.4
2946,67758,2022-05-05,1,Damaged Product,999.0
2947,67781,2023-02-28,1,Wrong Product,6602.0
2948,67804,2023-12-24,1,Customer Changed Mind,4705.0
2949,67827,2024-10-18,1,Late Delivery,2308.0
2950,67850,2025-08-13,1,Quality Issue,6724.35
2951,67873,2022-06-09,1,Damaged Product,6014.0
2952,67896,2023-04-04,1,Wrong Product,3255.3
2953,67919,2024-01-28,1,Customer Changed Mind,1220.0
2954,67942,2024-11-22,1,Late Delivery,7323.0
2955,67965,2025-09-17,1,Quality Issue,4679.7
2956,67988,2022-07-14,1,Damaged Product,2529.0
2957,68011,2023-05-09,1,Wrong Product,632.0
2958,68034,2024-03-03,1,Customer Changed Mind,6235.0
2959,68057,2024-12-27,1,Late Delivery,3454.2
2960,68080,2025-10-22,1,Quality Issue,1649.85
2961,68103,2022-08-18,1,Damaged Product,7544.0
2962,68126,2023-06-13,1,Wrong Product,5147.0
2963,68149,2024-04-07,1,Customer Changed Mind,3250.0
2964,68172,2025-01-31,1,Late Delivery,853.0
2965,68195,2025-11-26,1,Quality Issue,6133.2
2966,68218,2022-09-22,1,Damaged Product,4103.1
2967,68241,2023-07-18,1,Wrong Product,2162.0
2968,68264,2024-05-12,1,Customer Changed Mind,7765.0
2969,68287,2025-03-07,1,Late Delivery,5868.0
2970,68310,2025-12-31,1,Quality Issue,2950.35
2971,68333,2022-10-27,1,Damaged Product,1074.0
2972,68356,2023-08-22,1,Wrong Product,7177.0
2973,68379,2024-06-16,1,Customer Changed Mind,4302.0
2974,68402,2025-04-11,1,Late Delivery,2883.0
2975,68425,2022-02-05,1,Quality Issue,461.7
2976,68448,2022-12-01,1,Damaged Product,6089.0
2977,68471,2023-09-26,1,Wrong Product,4192.0
2978,68494,2024-07-21,1,Customer Changed Mind,1795.0
2979,68517,2025-05-16,1,Late Delivery,7398.0
2980,68540,2022-03-12,1,Quality Issue,4675.85
2981,68563,2023-01-05,1,Damaged Product,3104.0
2982,68586,2023-10-31,1,Wrong Product,707.0
2983,68609,2024-08-25,1,Customer Changed Mind,6810.0
2984,68632,2025-06-20,1,Late Delivery,4413.0
2985,68655,2022-04-16,1,Quality Issue,1915.2
2986,68678,2023-02-09,1,Damaged Product,8119.0
2987,68701,2023-12-05,1,Wrong Product,5149.8
2988,68724,2024-09-29,1,Customer Changed Mind,3325.0
2989,68747,2025-07-25,1,Late Delivery,1428.0
2990,68770,2022-05-21,1,Quality Issue,5976.35
2991,68793,2023-03-16,1,Damaged Product,4634.0
2992,68816,2024-01-09,1,Wrong Product,2737.0
2993,68839,2024-11-03,1,Customer Changed Mind,340.0
2994,68862,2025-08-29,1,Late Delivery,5348.7
2995,68885,2022-06-25,1,Quality Issue,3843.7
2996,68908,2023-04-20,1,Damaged Product,1649.0
2997,68931,2024-02-13,1,Wrong Product,7252.0
2998,68954,2024-12-08,1,Customer Changed Mind,5355.0
2999,68977,2025-10-03,1,Late Delivery,2958.0
3000,69000,2022-07-30,1,Quality Issue,901.85
3001,69023,2023-05-25,1,Damaged Product,5997.6
3002,69046,2024-03-19,1,Wrong Product,4267.0
3003,69069,2025-01-12,1,Customer Changed Mind,2370.0
3004,69092,2025-11-07,1,Late Delivery,7973.0
3005,69115,2022-09-03,1,Quality Issue,5297.2
3006,69138,2023-06-29,1,Damaged Product,3679.0
3007,69161,2024-04-23,1,Wrong Product,1282.0
3008,69184,2025-02-16,1,Customer Changed Mind,6196.5
3009,69207,2025-12-12,1,Late Delivery,4988.0
3010,69230,2022-10-08,1,Quality Issue,2202.35
3011,69253,2023-08-03,1,Damaged Product,194.0
3012,69276,2024-05-28,1,Wrong Product,6297.0
3013,69299,2025-03-23,1,Customer Changed Mind,3900.0
3014,69322,2022-01-17,1,Late Delivery,1503.0
3015,69345,2022-11-12,1,Quality Issue,6845.4
3016,69368,2023-09-07,1,Damaged Product,5209.0
3017,69391,2024-07-02,1,Wrong Product,2812.0
3018,69414,2025-04-27,1,Customer Changed Mind,915.0
3019,69437,2022-02-21,1,Late Delivery,6518.0
3020,69460,2022-12-17,1,Quality Issue,3502.85
3021,69483,2023-10-12,1,Damaged Product,2224.0
3022,69506,2024-08-06,1,Wrong Product,7044.3
3023,69529,2025-06-01,1,Customer Changed Mind,5430.0
3024,69552,2022-03-28,1,Late Delivery,3533.0
3025,69575,2023-01-21,1,Quality Issue,1079.2
3026,69598,2023-11-16,1,Damaged Product,6739.0
3027,69621,2024-09-10,1,Wrong Product,4842.0
3028,69644,2025-07-06,1,Customer Changed Mind,2445.0
3029,69667,2022-05-02,1,Late Delivery,493.2
3030,69690,2023-02-25,1,Quality Issue,5228.35
3031,69713,2023-12-21,1,Damaged Product,3754.0
3032,69736,2024-10-15,1,Wrong Product,1857.0
3033,69759,2025-08-10,1,Customer Changed Mind,7460.0
3034,69782,2022-06-06,1,Late Delivery,5063.0
3035,69805,2023-04-01,1,Quality Issue,3007.7
3036,69828,2024-01-25,1,Damaged Product,692.1
3037,69851,2024-11-19,1,Wrong Product,6372.0
3038,69874,2025-09-14,1,Customer Changed Mind,4475.0
3039,69897,2022-07-11,1,Late Delivery,2078.0
3040,69920,2023-05-06,1,Quality Issue,6528.85
3041,69943,2024-02-29,1,Damaged Product,5784.0
3042,69966,2024-12-24,1,Wrong Product,3387.0
3043,69989,2025-10-19,1,Customer Changed Mind,891.0
3044,70012,2022-08-15,1,Late Delivery,7093.0
3045,70035,2023-06-10,1,Quality Issue,4461.2
3046,70058,2024-04-04,1,Damaged Product,2299.0
3047,70081,2025-01-28,1,Wrong Product,402.0
3048,70104,2025-11-23,1,Customer Changed Mind,6005.0
3049,70127,2022-09-19,1,Late Delivery,3608.0
3050,70150,2023-07-15,1,Quality Issue,1454.35
3051,70173,2024-05-09,1,Damaged Product,7314.0
3052,70196,2025-03-04,1,Wrong Product,4917.0
3053,70219,2025-12-28,1,Customer Changed Mind,3020.0
3054,70242,2022-10-24,1,Late Delivery,623.0
3055,70265,2023-08-19,1,Quality Issue,6389.7
3056,70288,2024-06-13,1,Damaged Product,4329.0
3057,70311,2025-04-08,1,Wrong Product,1738.8
3058,70334,2022-02-02,1,Customer Changed Mind,8035.0
3059,70357,2022-11-28,1,Late Delivery,5638.0
3060,70380,2023-09-23,1,Quality Issue,2754.85
3061,70403,2024-07-18,1,Damaged Product,1344.0
3062,70426,2025-05-13,1,Wrong Product,6947.0
3063,70449,2022-03-09,1,Customer Changed Mind,4550.0
3064,70472,2023-01-02,1,Late Delivery,2387.7
3065,70495,2023-10-28,1,Quality Issue,243.2
3066,70518,2024-08-22,1,Damaged Product,5859.0
3067,70541,2025-06-17,1,Wrong Product,3962.0
3068,70564,2022-04-13,1,Customer Changed Mind,1565.0
3069,70587,2023-02-06,1,Late Delivery,7168.0
3070,70610,2023-12-02,1,Quality Issue,4480.35
3071,70633,2024-09-26,1,Damaged Product,2586.6
3072,70656,2025-07-22,1,Wrong Product,477.0
3073,70679,2022-05-18,1,Customer Changed Mind,6580.0
3074,70702,2023-03-13,1,Late Delivery,4183.0
3075,70725,2024-01-06,1,Quality Issue,1696.7
3076,70748,2024-10-31,1,Damaged Product,7889.0
3077,70771,2025-08-26,1,Wrong Product,5492.0
3078,70794,2022-06-22,1,Customer Changed Mind,2785.5
3079,70817,2023-04-17,1,Late Delivery,1198.0
3080,70840,2024-02-10,1,Quality Issue,5780.85
3081,70863,2024-12-05,1,Damaged Product,4904.0
3082,70886,2025-09-30,1,Wrong Product,2507.0
3083,70909,2022-07-27,1,Customer Changed Mind,8110.0
3084,70932,2023-05-22,1,Late Delivery,6213.0
3085,70955,2024-03-16,1,Quality Issue,3434.4
3086,70978,2025-01-09,1,Damaged Product,1419.0
3087,71001,2025-11-04,1,Wrong Product,7522.0
3088,71024,2022-08-31,1,Customer Changed Mind,5125.0
3089,71047,2023-06-26,1,Late Delivery,2728.0
3090,71070,2024-04-20,1,Quality Issue,706.35
3091,71093,2025-02-13,1,Damaged Product,6434.0
3092,71116,2025-12-09,1,Wrong Product,3633.3
3093,71139,2022-10-05,1,Customer Changed Mind,2140.0
3094,71162,2023-07-31,1,Late Delivery,7743.0
3095,71185,2024-05-25,1,Quality Issue,5078.7
3096,71208,2025-03-20,1,Damaged Product,3449.0
3097,71231,2022-01-14,1,Wrong Product,1052.0
3098,71254,2022-11-09,1,Customer Changed Mind,6655.0
3099,71277,2023-09-04,1,Late Delivery,4282.2
3100,71300,2024-06-29,1,Quality Issue,2006.85
3101,71323,2025-04-24,1,Damaged Product,7964.0
3102,71346,2022-02-18,1,Wrong Product,6067.0
3103,71369,2022-12-14,1,Customer Changed Mind,3670.0
3104,71392,2023-10-09,1,Late Delivery,1273.0
3105,71415,2024-08-03,1,Quality Issue,7007.2
3106,71438,2025-05-29,1,Damaged Product,4481.1
3107,71461,2022-03-25,1,Wrong Product,3082.0
3108,71484,2023-01-18,1,Customer Changed Mind,685.0
3109,71507,2023-11-13,1,Late Delivery,6288.0
3110,71530,2024-09-07,1,Quality Issue,3732.35
3111,71553,2025-07-03,1,Damaged Product,1994.0
3112,71576,2022-04-29,1,Wrong Product,7597.0
3113,71599,2023-02-22,1,Customer Changed Mind,5130.0
3114,71622,2023-12-18,1,Late Delivery,3303.0
3115,71645,2024-10-12,1,Quality Issue,860.7
3116,71668,2025-08-07,1,Damaged Product,7009.0
3117,71691,2022-06-03,1,Wrong Product,4612.0
3118,71714,2023-03-29,1,Customer Changed Mind,2215.0
3119,71737,2024-01-22,1,Late Delivery,318.0
3120,71760,2024-11-16,1,Quality Issue,5032.85
3121,71783,2025-09-11,1,Damaged Product,3524.0
3122,71806,2022-07-08,1,Wrong Product,1627.0
3123,71829,2023-05-03,1,Customer Changed Mind,7230.0
3124,71852,2024-02-26,1,Late Delivery,4833.0
3125,71875,2024-12-21,1,Quality Issue,2789.2
3126,71898,2025-10-16,1,Damaged Product,539.0
3127,71921,2022-08-12,1,Wrong Product,5527.8
3128,71944,2023-06-07,1,Customer Changed Mind,4245.0
3129,71967,2024-04-01,1,Late Delivery,1848.0
3130,71990,2025-01-25,1,Quality Issue,6333.35
3131,72013,2025-11-20,1,Damaged Product,5554.0
3132,72036,2022-09-16,1,Wrong Product,3157.0
3133,72059,2023-07-12,1,Customer Changed Mind,1260.0
3134,72082,2024-05-06,1,Late Delivery,6176.7
3135,72105,2025-03-01,1,Quality Issue,4242.7
3136,72128,2025-12-25,1,Damaged Product,2569.0
3137,72151,2022-10-21,1,Wrong Product,172.0
3138,72174,2023-08-16,1,Customer Changed Mind,5775.0
3139,72197,2024-06-10,1,Late Delivery,3878.0
3140,72220,2025-04-05,1,Quality Issue,1258.85
3141,72243,2022-01-30,1,Damaged Product,6375.6
3142,72266,2022-11-25,1,Wrong Product,5187.0
3143,72289,2023-09-20,1,Customer Changed Mind,2790.0
3144,72312,2024-07-15,1,Late Delivery,393.0
3145,72335,2025-05-10,1,Quality Issue,6171.2
3146,72358,2022-03-06,1,Damaged Product,4099.0
3147,72381,2022-12-30,1,Wrong Product,1702.0
3148,72404,2023-10-25,1,Customer Changed Mind,7024.5
3149,72427,2024-08-19,1,Late Delivery,5408.0
3150,72450,2025-06-14,1,Quality Issue,2559.35
3151,72473,2022-04-10,1,Damaged Product,1114.0
3152,72496,2023-02-03,1,Wrong Product,6717.0
3153,72519,2023-11-29,1,Customer Changed Mind,4320.0
3154,72542,2024-09-23,1,Late Delivery,2423.0
3155,72565,2025-07-19,1,Quality Issue,7223.4
3156,72588,2022-05-15,1,Damaged Product,5629.0
3157,72611,2023-03-10,1,Wrong Product,3732.0
3158,72634,2024-01-03,1,Customer Changed Mind,1335.0
3159,72657,2024-10-28,1,Late Delivery,7438.0
3160,72680,2025-08-23,1,Quality Issue,4284.85
3161,72703,2022-06-19,1,Damaged Product,2644.0
3162,72726,2023-04-14,1,Wrong Product,672.3
3163,72749,2024-02-07,1,Customer Changed Mind,6350.0
3164,72772,2024-12-02,1,Late Delivery,3953.0
3165,72795,2025-09-27,1,Quality Issue,1953.2
3166,72818,2022-07-24,1,Damaged Product,7659.0
3167,72841,2023-05-19,1,Wrong Product,5262.0
3168,72864,2024-03-13,1,Customer Changed Mind,3365.0
3169,72887,2025-01-06,1,Late Delivery,871.2
3170,72910,2025-11-01,1,Quality Issue,5585.35
3171,72933,2022-08-28,1,Damaged Product,4674.0
3172,72956,2023-06-23,1,Wrong Product,2277.0
3173,72979,2024-04-17,1,Customer Changed Mind,7880.0
3174,73002,2025-02-10,1,Late Delivery,5983.0
3175,73025,2025-12-06,1,Quality Issue,3406.7
3176,73048,2022-10-02,1,Damaged Product,1070.1
3177,73071,2023-07-28,1,Wrong Product,7292.0
3178,73094,2024-05-22,1,Customer Changed Mind,4895.0
3179,73117,2025-03-17,1,Late Delivery,2498.0
3180,73140,2022-01-11,1,Quality Issue,510.85
3181,73163,2022-11-06,1,Damaged Product,6204.0
3182,73186,2023-09-01,1,Wrong Product,3807.0
3183,73209,2024-06-26,1,Customer Changed Mind,1719.0
3184,73232,2025-04-21,1,Late Delivery,7513.0
3185,73255,2022-02-15,1,Quality Issue,5335.2
3186,73278,2022-12-11,1,Damaged Product,3219.0
3187,73301,2023-10-06,1,Wrong Product,822.0
3188,73324,2024-07-31,1,Customer Changed Mind,6925.0
3189,73347,2025-05-26,1,Late Delivery,4528.0
3190,73370,2022-03-22,1,Quality Issue,1811.35
3191,73393,2023-01-15,1,Damaged Product,234.0
3192,73416,2023-11-10,1,Wrong Product,5837.0
3193,73439,2024-09-04,1,Customer Changed Mind,3440.0
3194,73462,2025-06-30,1,Late Delivery,1543.0
3195,73485,2022-04-26,1,Quality Issue,6788.7
3196,73508,2023-02-19,1,Damaged Product,4749.0
3197,73531,2023-12-15,1,Wrong Product,2566.8
3198,73554,2024-10-09,1,Customer Changed Mind,455.0
3199,73577,2025-08-04,1,Late Delivery,6058.0
3200,73600,2022-05-31,1,Quality Issue,3536.85
3201,73623,2023-03-26,1,Damaged Product,1764.0
3202,73646,2024-01-19,1,Wrong Product,7367.0
3203,73669,2024-11-13,1,Customer Changed Mind,5470.0
3204,73692,2025-09-08,1,Late Delivery,2765.7
3205,73715,2022-07-05,1,Quality Issue,642.2
3206,73738,2023-04-30,1,Damaged Product,6779.0
3207,73761,2024-02-23,1,Wrong Product,4382.0
3208,73784,2024-12-18,1,Customer Changed Mind,1985.0
3209,73807,2025-10-13,1,Late Delivery,8088.0
3210,73830,2022-08-09,1,Quality Issue,4837.35
3211,73853,2023-06-04,1,Damaged Product,3414.6
3212,73876,2024-03-29,1,Wrong Product,1397.0
3213,73899,2025-01-22,1,Customer Changed Mind,7000.0
3214,73922,2025-11-17,1,Late Delivery,5103.0
3215,73945,2022-09-13,1,Quality Issue,2570.7
3216,73968,2023-07-09,1,Damaged Product,309.0
3217,73991,2024-05-03,1,Wrong Product,6412.0
3218,74014,2025-02-26,1,Customer Changed Mind,3613.5
3219,74037,2025-12-22,1,Late Delivery,1618.0
3220,74060,2022-10-18,1,Quality Issue,6562.85
3221,74083,2023-08-13,1,Damaged Product,5324.0
3222,74106,2024-06-07,1,Wrong Product,2927.0
3223,74129,2025-04-02,1,Customer Changed Mind,1030.0
3224,74152,2022-01-27,1,Late Delivery,6633.0
3225,74175,2022-11-22,1,Quality Issue,3812.4
3226,74198,2023-09-17,1,Damaged Product,2339.0
3227,74221,2024-07-12,1,Wrong Product,7942.0
3228,74244,2025-05-07,1,Customer Changed Mind,5545.0
3229,74267,2022-03-03,1,Late Delivery,3648.0
3230,74290,2022-12-27,1,Quality Issue,1063.35
3231,74313,2023-10-22,1,Damaged Product,6854.0
3232,74336,2024-08-16,1,Wrong Product,4461.3
3233,74359,2025-06-11,1,Customer Changed Mind,2560.0
3234,74382,2022-04-07,1,Late Delivery,163.0
3235,74405,2023-01-31,1,Quality Issue,5952.7
3236,74428,2023-11-26,1,Damaged Product,3869.0
3237,74451,2024-09-20,1,Wrong Product,1972.0
3238,74474,2025-07-16,1,Customer Changed Mind,7575.0
3239,74497,2022-05-12,1,Late Delivery,4660.2
3240,74520,2023-03-07,1,Quality Issue,2788.85
3241,74543,2023-12-31,1,Damaged Product,884.0
3242,74566,2024-10-25,1,Wrong Product,6487.0
3243,74589,2025-08-20,1,Customer Changed Mind,4590.0
3244,74612,2022-06-16,1,Late Delivery,2193.0
3245,74635,2023-04-11,1,Quality Issue,7406.2
3246,74658,2024-02-04,1,Damaged Product,5309.1
3247,74681,2024-11-29,1,Wrong Product,3502.0
3248,74704,2025-09-24,1,Customer Changed Mind,1105.0
3249,74727,2022-07-21,1,Late Delivery,7208.0
3250,74750,2023-05-16,1,Quality Issue,4089.35
3251,74773,2024-03-10,1,Damaged Product,2414.0
3252,74796,2025-01-03,1,Wrong Product,517.0
3253,74819,2025-10-29,1,Customer Changed Mind,5508.0
3254,74842,2022-08-25,1,Late Delivery,3723.0
3255,74865,2023-06-20,1,Quality Issue,1734.7
3256,74888,2024-04-14,1,Damaged Product,7429.0
3257,74911,2025-02-07,1,Wrong Product,5032.0
3258,74934,2025-12-03,1,Customer Changed Mind,3135.0
3259,74957,2022-09-29,1,Late Delivery,738.0
3260,74980,2023-07-25,1,Quality Issue,5389.85
3261,75003,2024-05-19,1,Damaged Product,4444.0
3262,75026,2025-03-14,1,Wrong Product,2047.0
3263,75049,2026-01-07,1,Customer Changed Mind,7650.0
3264,75072,2022-11-03,1,Late Delivery,5753.0
3265,75095,2023-08-29,1,Quality Issue,3188.2
3266,75118,2024-06-23,1,Damaged Product,1459.0
3267,75141,2025-04-18,1,Wrong Product,6355.8
3268,75164,2022-02-12,1,Customer Changed Mind,4665.0
3269,75187,2022-12-08,1,Late Delivery,2768.0
3270,75210,2023-10-03,1,Quality Issue,315.35
3271,75233,2024-07-28,1,Damaged Product,5974.0
3272,75256,2025-05-23,1,Wrong Product,4077.0
3273,75279,2022-03-19,1,Customer Changed Mind,1680.0
3274,75302,2023-01-12,1,Late Delivery,6554.7
3275,75325,2023-11-07,1,Quality Issue,5116.7
3276,75348,2024-09-01,1,Damaged Product,2989.0
3277,75371,2025-06-27,1,Wrong Product,592.0
3278,75394,2022-04-23,1,Customer Changed Mind,6695.0
3279,75417,2023-02-16,1,Late Delivery,4298.0
3280,75440,2023-12-12,1,Quality Issue,1615.85
3281,75463,2024-10-06,1,Damaged Product,7203.6
3282,75486,2025-08-01,1,Wrong Product,5607.0
3283,75509,2022-05-28,1,Customer Changed Mind,3210.0
3284,75532,2023-03-23,1,Late Delivery,1313.0
3285,75555,2024-01-16,1,Quality Issue,6570.2
3286,75578,2024-11-10,1,Damaged Product,4519.0
3287,75601,2025-09-05,1,Wrong Product,2622.0
3288,75624,2022-07-02,1,Customer Changed Mind,202.5
3289,75647,2023-04-27,1,Late Delivery,5828.0
3290,75670,2024-02-20,1,Quality Issue,3341.35
3291,75693,2024-12-15,1,Damaged Product,1534.0
3292,75716,2025-10-10,1,Wrong Product,7637.0
3293,75739,2022-08-06,1,Customer Changed Mind,5240.0
3294,75762,2023-06-01,1,Late Delivery,2843.0
3295,75785,2024-03-26,1,Quality Issue,851.4
3296,75808,2025-01-19,1,Damaged Product,6549.0
3297,75831,2025-11-14,1,Wrong Product,4152.0
3298,75854,2022-09-10,1,Customer Changed Mind,2255.0
3299,75877,2023-07-06,1,Late Delivery,7858.0
3300,75900,2024-04-30,1,Quality Issue,4641.85
3301,75923,2025-02-23,1,Damaged Product,3564.0
3302,75946,2025-12-19,1,Wrong Product,1050.3
3303,75969,2022-10-15,1,Customer Changed Mind,6770.0
3304,75992,2023-08-10,1,Late Delivery,4873.0
3305,76015,2024-06-04,1,Quality Issue,2352.2
3306,76038,2025-03-30,1,Damaged Product,8079.0
3307,76061,2022-01-24,1,Wrong Product,6182.0
3308,76084,2022-11-19,1,Customer Changed Mind,3785.0
3309,76107,2023-09-14,1,Late Delivery,1249.2
3310,76130,2024-07-09,1,Quality Issue,6367.35
3311,76153,2025-05-04,1,Damaged Product,5094.0
3312,76176,2022-02-28,1,Wrong Product,2697.0
3313,76199,2022-12-24,1,Customer Changed Mind,800.0
3314,76222,2023-10-19,1,Late Delivery,6403.0
3315,76245,2024-08-13,1,Quality Issue,3805.7
3316,76268,2025-06-08,1,Damaged Product,1898.1
3317,76291,2022-04-04,1,Wrong Product,7712.0
3318,76314,2023-01-28,1,Customer Changed Mind,5815.0
3319,76337,2023-11-23,1,Late Delivery,3418.0
3320,76360,2024-09-17,1,Quality Issue,867.85
3321,76383,2025-07-13,1,Damaged Product,7124.0
3322,76406,2022-05-09,1,Wrong Product,4727.0
3323,76429,2023-03-04,1,Customer Changed Mind,2097.0
3324,76452,2023-12-28,1,Late Delivery,433.0
3325,76475,2024-10-22,1,Quality Issue,5734.2
3326,76498,2025-08-17,1,Damaged Product,3639.0
3327,76521,2022-06-13,1,Wrong Product,1742.0
3328,76544,2023-04-08,1,Customer Changed Mind,7345.0
3329,76567,2024-02-01,1,Late Delivery,4948.0
3330,76590,2024-11-26,1,Quality Issue,2593.35
3331,76613,2025-09-21,1,Damaged Product,654.0
3332,76636,2022-07-18,1,Wrong Product,6257.0
3333,76659,2023-05-13,1,Customer Changed Mind,4360.0
3334,76682,2024-03-07,1,Late Delivery,1963.0
3335,76705,2024-12-31,1,Quality Issue,7187.7
3336,76728,2025-10-26,1,Damaged Product,5669.0
3337,76751,2022-08-22,1,Wrong Product,2944.8
3338,76774,2023-06-17,1,Customer Changed Mind,875.0
3339,76797,2024-04-11,1,Late Delivery,6978.0
3340,76820,2025-02-04,1,Quality Issue,3893.85
3341,76843,2025-11-30,1,Damaged Product,2184.0
3342,76866,2022-09-26,1,Wrong Product,287.0
3343,76889,2023-07-22,1,Customer Changed Mind,5890.0
3344,76912,2024-05-16,1,Late Delivery,3593.7
3345,76935,2025-03-11,1,Quality Issue,1516.2
3346,76958,2026-01-04,1,Damaged Product,7199.0
3347,76981,2022-10-31,1,Wrong Product,5302.0
3348,77004,2023-08-26,1,Customer Changed Mind,2905.0
3349,77027,2024-06-20,1,Late Delivery,508.0
3350,77050,2025-04-15,1,Quality Issue,5619.35
3351,77073,2022-02-09,1,Damaged Product,3792.6
3352,77096,2022-12-05,1,Wrong Product,1817.0
3353,77119,2023-09-30,1,Customer Changed Mind,7920.0
3354,77142,2024-07-25,1,Late Delivery,5523.0
3355,77165,2025-05-20,1,Quality Issue,2969.7
3356,77188,2022-03-16,1,Damaged Product,1229.0
3357,77211,2023-01-09,1,Wrong Product,6832.0
3358,77234,2023-11-04,1,Customer Changed Mind,3991.5
3359,77257,2024-08-29,1,Late Delivery,2538.0
3360,77280,2025-06-24,1,Quality Issue,6919.85
3361,77303,2022-04-20,1,Damaged Product,5744.0
3362,77326,2023-02-13,1,Wrong Product,3847.0
3363,77349,2023-12-09,1,Customer Changed Mind,1450.0
3364,77372,2024-10-03,1,Late Delivery,7053.0
3365,77395,2025-07-29,1,Quality Issue,4640.4
3366,77418,2022-05-25,1,Damaged Product,2759.0
3367,77441,2023-03-20,1,Wrong Product,362.0
3368,77464,2024-01-13,1,Customer Changed Mind,6465.0
3369,77487,2024-11-07,1,Late Delivery,4068.0
3370,77510,2025-09-02,1,Quality Issue,1845.35
3371,77533,2022-06-29,1,Damaged Product,7774.0
3372,77556,2023-04-24,1,Wrong Product,4839.3
3373,77579,2024-02-17,1,Customer Changed Mind,3480.0
3374,77602,2024-12-12,1,Late Delivery,1083.0
3375,77625,2025-10-07,1,Quality Issue,6351.7
3376,77648,2022-08-03,1,Damaged Product,4789.0
3377,77671,2023-05-29,1,Wrong Product,2392.0
3378,77694,2024-03-23,1,Customer Changed Mind,7995.0
3379,77717,2025-01-16,1,Late Delivery,5488.2
3380,77740,2025-11-11,1,Quality Issue,3145.85
3381,77763,2022-09-07,1,Damaged Product,1304.0
3382,77786,2023-07-03,1,Wrong Product,7407.0
3383,77809,2024-04-27,1,Customer Changed Mind,5010.0
3384,77832,2025-02-20,1,Late Delivery,2613.0
3385,77855,2025-12-16,1,Quality Issue,680.2
3386,77878,2022-10-12,1,Damaged Product,5687.1
3387,77901,2023-08-07,1,Wrong Product,3922.0
3388,77924,2024-06-01,1,Customer Changed Mind,2025.0
3389,77947,2025-03-27,1,Late Delivery,7628.0
3390,77970,2022-01-21,1,Quality Issue,4446.35
3391,77993,2022-11-16,1,Damaged Product,3334.0
3392,78016,2023-09-11,1,Wrong Product,937.0
3393,78039,2024-07-06,1,Customer Changed Mind,5886.0
3394,78062,2025-05-01,1,Late Delivery,4643.0
3395,78085,2022-02-25,1,Quality Issue,2133.7
3396,78108,2022-12-21,1,Damaged Product,349.0
3397,78131,2023-10-16,1,Wrong Product,5952.0
3398,78154,2024-08-10,1,Customer Changed Mind,3555.0
3399,78177,2025-06-05,1,Late Delivery,1658.0
3400,78200,2022-04-01,1,Quality Issue,6171.85
3401,78223,2023-01-25,1,Damaged Product,4864.0
3402,78246,2023-11-20,1,Wrong Product,2967.0
3403,78269,2024-09-14,1,Customer Changed Mind,570.0
3404,78292,2025-07-10,1,Late Delivery,6173.0
3405,78315,2022-05-06,1,Quality Issue,4062.2
3406,78338,2023-03-01,1,Damaged Product,1879.0
3407,78361,2023-12-25,1,Wrong Product,6733.8
3408,78384,2024-10-19,1,Customer Changed Mind,5585.0
3409,78407,2025-08-14,1,Late Delivery,3188.0
3410,78430,2022-06-10,1,Quality Issue,672.35
3411,78453,2023-04-05,1,Damaged Product,6894.0
3412,78476,2024-01-29,1,Wrong Product,4497.0
3413,78499,2024-11-23,1,Customer Changed Mind,2100.0
3414,78522,2025-09-18,1,Late Delivery,182.7
3415,78545,2022-07-15,1,Quality Issue,5515.7
3416,78568,2023-05-10,1,Damaged Product,3409.0
3417,78591,2024-03-04,1,Wrong Product,1512.0
3418,78614,2024-12-28,1,Customer Changed Mind,7115.0
3419,78637,2025-10-23,1,Late Delivery,4718.0
3420,78660,2022-08-19,1,Quality Issue,2397.85
3421,78683,2023-06-14,1,Damaged Product,381.6
3422,78706,2024-04-08,1,Wrong Product,6527.0
3423,78729,2025-02-01,1,Customer Changed Mind,4130.0
3424,78752,2025-11-27,1,Late Delivery,1733.0
3425,78775,2022-09-23,1,Quality Issue,7444.2
3426,78798,2023-07-19,1,Damaged Product,5439.0
3427,78821,2024-05-13,1,Wrong Product,3042.0
3428,78844,2025-03-08,1,Customer Changed Mind,1030.5
3429,78867,2026-01-01,1,Late Delivery,6748.0
3430,78890,2022-10-28,1,Quality Issue,3698.35
3431,78913,2023-08-23,1,Damaged Product,2454.0
3432,78936,2024-06-17,1,Wrong Product,8057.0
3433,78959,2025-04-12,1,Customer Changed Mind,5660.0
3434,78982,2022-02-06,1,Late Delivery,3763.0
3435,79005,2022-12-02,1,Quality Issue,1229.4
3436,79028,2023-09-27,1,Damaged Product,6969.0
3437,79051,2024-07-22,1,Wrong Product,5072.0
3438,79074,2025-05-17,1,Customer Changed Mind,2675.0
3439,79097,2022-03-13,1,Late Delivery,278.0
3440,79120,2023-01-06,1,Quality Issue,5423.85
3441,79143,2023-11-01,1,Damaged Product,3984.0
3442,79166,2024-08-26,1,Wrong Product,1428.3
3443,79189,2025-06-21,1,Customer Changed Mind,7690.0
3444,79212,2022-04-17,1,Late Delivery,5293.0
3445,79235,2023-02-10,1,Quality Issue,2751.2
3446,79258,2023-12-06,1,Damaged Product,999.0
3447,79281,2024-09-30,1,Wrong Product,6602.0
3448,79304,2025-07-26,1,Customer Changed Mind,4705.0
3449,79327,2022-05-22,1,Late Delivery,2077.2
3450,79350,2023-03-17,1,Quality Issue,6724.35
3451,79373,2024-01-10,1,Damaged Product,6014.0
3452,79396,2024-11-04,1,Wrong Product,3617.0
3453,79419,2025-08-30,1,Customer Changed Mind,1220.0
3454,79442,2022-06-26,1,Late Delivery,7323.0
3455,79465,2023-04-21,1,Quality Issue,4679.7
3456,79488,2024-02-14,1,Damaged Product,2276.1
3457,79511,2024-12-09,1,Wrong Product,632.0
3458,79534,2025-10-04,1,Customer Changed Mind,6235.0
3459,79557,2022-07-31,1,Late Delivery,3838.0
3460,79580,2023-05-26,1,Quality Issue,1649.85
3461,79603,2024-03-20,1,Damaged Product,7544.0
3462,79626,2025-01-13,1,Wrong Product,5147.0
3463,79649,2025-11-08,1,Customer Changed Mind,2925.0
3464,79672,2022-09-04,1,Late Delivery,853.0
3465,79695,2023-06-30,1,Quality Issue,6133.2
3466,79718,2024-04-24,1,Damaged Product,4559.0
3467,79741,2025-02-17,1,Wrong Product,2162.0
3468,79764,2025-12-13,1,Customer Changed Mind,7765.0
3469,79787,2022-10-09,1,Late Delivery,5868.0
3470,79810,2023-08-04,1,Quality Issue,2950.35
3471,79833,2024-05-29,1,Damaged Product,1074.0
3472,79856,2025-03-24,1,Wrong Product,7177.0
3473,79879,2022-01-18,1,Customer Changed Mind,4780.0
3474,79902,2022-11-13,1,Late Delivery,2883.0
3475,79925,2023-09-08,1,Quality Issue,461.7
3476,79948,2024-07-03,1,Damaged Product,6089.0
3477,79971,2025-04-28,1,Wrong Product,3772.8
3478,79994,2022-02-22,1,Customer Changed Mind,1795.0
3479,80017,2022-12-18,1,Late Delivery,7398.0
3480,80040,2023-10-13,1,Quality Issue,4675.85
3481,80063,2024-08-07,1,Damaged Product,3104.0
3482,80086,2025-06-02,1,Wrong Product,707.0
3483,80109,2022-03-29,1,Customer Changed Mind,6810.0
3484,80132,2023-01-22,1,Late Delivery,3971.7
3485,80155,2023-11-17,1,Quality Issue,1915.2
3486,80178,2024-09-11,1,Damaged Product,8119.0
3487,80201,2025-07-07,1,Wrong Product,5722.0
3488,80224,2022-05-03,1,Customer Changed Mind,3325.0
3489,80247,2023-02-26,1,Late Delivery,1428.0
3490,80270,2023-12-22,1,Quality Issue,5976.35
3491,80293,2024-10-16,1,Damaged Product,4170.6
3492,80316,2025-08-11,1,Wrong Product,2737.0
3493,80339,2022-06-07,1,Customer Changed Mind,340.0
3494,80362,2023-04-02,1,Late Delivery,5943.0
3495,80385,2024-01-26,1,Quality Issue,3843.7
3496,80408,2024-11-20,1,Damaged Product,1649.0
3497,80431,2025-09-15,1,Wrong Product,7252.0
3498,80454,2022-07-12,1,Customer Changed Mind,4819.5
3499,80477,2023-05-07,1,Late Delivery,2958.0
3500,80500,2024-03-01,1,Quality Issue,901.85
3501,80523,2024-12-25,1,Damaged Product,6664.0
3502,80546,2025-10-20,1,Wrong Product,4267.0
3503,80569,2022-08-16,1,Customer Changed Mind,2370.0
3504,80592,2023-06-11,1,Late Delivery,7973.0
3505,80615,2024-04-05,1,Quality Issue,5018.4
3506,80638,2025-01-29,1,Damaged Product,3679.0
3507,80661,2025-11-24,1,Wrong Product,1282.0
3508,80684,2022-09-20,1,Customer Changed Mind,6885.0
3509,80707,2023-07-16,1,Late Delivery,4988.0
3510,80730,2024-05-10,1,Quality Issue,2202.35
3511,80753,2025-03-05,1,Damaged Product,194.0
3512,80776,2025-12-29,1,Wrong Product,5667.3
3513,80799,2022-10-25,1,Customer Changed Mind,3900.0
3514,80822,2023-08-20,1,Late Delivery,1503.0
3515,80845,2024-06-14,1,Quality Issue,7225.7
3516,80868,2025-04-09,1,Damaged Product,5209.0
3517,80891,2022-02-03,1,Wrong Product,2812.0
3518,80914,2022-11-29,1,Customer Changed Mind,915.0
3519,80937,2023-09-24,1,Late Delivery,5866.2
3520,80960,2024-07-19,1,Quality Issue,3502.85
3521,80983,2025-05-14,1,Damaged Product,2224.0
3522,81006,2022-03-10,1,Wrong Product,7827.0
3523,81029,2023-01-03,1,Customer Changed Mind,5430.0
3524,81052,2023-10-29,1,Late Delivery,3533.0
3525,81075,2024-08-23,1,Quality Issue,1079.2
3526,81098,2025-06-18,1,Damaged Product,6065.1
3527,81121,2022-04-14,1,Wrong Product,4842.0
3528,81144,2023-02-07,1,Customer Changed Mind,2445.0
3529,81167,2023-12-03,1,Late Delivery,548.0
3530,81190,2024-09-27,1,Quality Issue,5228.35
3531,81213,2025-07-23,1,Damaged Product,3754.0
3532,81236,2022-05-19,1,Wrong Product,1857.0
3533,81259,2023-03-14,1,Customer Changed Mind,6714.0
3534,81282,2024-01-07,1,Late Delivery,5063.0
3535,81305,2024-11-01,1,Quality Issue,3007.7
3536,81328,2025-08-27,1,Damaged Product,769.0
3537,81351,2022-06-23,1,Wrong Product,6372.0
3538,81374,2023-04-18,1,Customer Changed Mind,4475.0
3539,81397,2024-02-11,1,Late Delivery,2078.0
3540,81420,2024-12-06,1,Quality Issue,6528.85
3541,81443,2025-10-01,1,Damaged Product,5784.0
3542,81466,2022-07-28,1,Wrong Product,3387.0
3543,81489,2023-05-23,1,Customer Changed Mind,990.0
3544,81512,2024-03-17,1,Late Delivery,7093.0
3545,81535,2025-01-10,1,Quality Issue,4461.2
3546,81558,2025-11-05,1,Damaged Product,2299.0
3547,81581,2022-09-01,1,Wrong Product,361.8
3548,81604,2023-06-27,1,Customer Changed Mind,6005.0
3549,81627,2024-04-21,1,Late Delivery,3608.0
3550,81650,2025-02-14,1,Quality Issue,1454.35
3551,81673,2025-12-10,1,Damaged Product,7314.0
3552,81696,2022-10-06,1,Wrong Product,4917.0
3553,81719,2023-08-01,1,Customer Changed Mind,3020.0
3554,81742,2024-05-26,1,Late Delivery,560.7
3555,81765,2025-03-21,1,Quality Issue,6389.7
3556,81788,2022-01-15,1,Damaged Product,4329.0
3557,81811,2022-11-10,1,Wrong Product,1932.0
3558,81834,2023-09-05,1,Customer Changed Mind,8035.0
3559,81857,2024-06-30,1,Late Delivery,5638.0
3560,81880,2025-04-25,1,Quality Issue,2754.85
3561,81903,2022-02-19,1,Damaged Product,1209.6
3562,81926,2022-12-15,1,Wrong Product,6947.0
3563,81949,2023-10-10,1,Customer Changed Mind,4550.0
3564,81972,2024-08-04,1,Late Delivery,2653.0
3565,81995,2025-05-30,1,Quality Issue,243.2
3566,82018,2022-03-26,1,Damaged Product,5859.0
3567,82041,2023-01-19,1,Wrong Product,3962.0
3568,82064,2023-11-14,1,Customer Changed Mind,1408.5
3569,82087,2024-09-08,1,Late Delivery,7168.0
3570,82110,2025-07-04,1,Quality Issue,4480.35
3571,82133,2022-04-30,1,Damaged Product,2874.0
3572,82156,2023-02-23,1,Wrong Product,477.0
3573,82179,2023-12-19,1,Customer Changed Mind,6580.0
3574,82202,2024-10-13,1,Late Delivery,4183.0
3575,82225,2025-08-08,1,Quality Issue,1607.4
3576,82248,2022-06-04,1,Damaged Product,7889.0
3577,82271,2023-03-30,1,Wrong Product,5492.0
3578,82294,2024-01-23,1,Customer Changed Mind,3095.0
3579,82317,2024-11-17,1,Late Delivery,1198.0
3580,82340,2025-09-12,1,Quality Issue,5780.85
3581,82363,2022-07-09,1,Damaged Product,4904.0
3582,82386,2023-05-04,1,Wrong Product,2256.3
3583,82409,2024-02-27,1,Customer Changed Mind,8110.0
3584,82432,2024-12-22,1,Late Delivery,6213.0
3585,82455,2025-10-17,1,Quality Issue,3625.2
3586,82478,2022-08-13,1,Damaged Product,1419.0
3587,82501,2023-06-08,1,Wrong Product,7522.0
3588,82524,2024-04-02,1,Customer Changed Mind,5125.0
3589,82547,2025-01-26,1,Late Delivery,2455.2
3590,82570,2025-11-21,1,Quality Issue,706.35
3591,82593,2022-09-17,1,Damaged Product,6434.0
3592,82616,2023-07-13,1,Wrong Product,4037.0
3593,82639,2024-05-07,1,Customer Changed Mind,2140.0
3594,82662,2025-03-02,1,Late Delivery,7743.0
3595,82685,2025-12-26,1,Quality Issue,5078.7
3596,82708,2022-10-22,1,Damaged Product,3104.1
3597,82731,2023-08-17,1,Wrong Product,1052.0
3598,82754,2024-06-11,1,Customer Changed Mind,6655.0
3599,82777,2025-04-06,1,Late Delivery,4758.0
3600,82800,2022-01-31,1,Quality Issue,2006.85
3601,82823,2022-11-26,1,Damaged Product,7964.0
3602,82846,2023-09-21,1,Wrong Product,6067.0
3603,82869,2024-07-16,1,Customer Changed Mind,3303.0
3604,82892,2025-05-11,1,Late Delivery,1273.0
3605,82915,2022-03-07,1,Quality Issue,7007.2
3606,82938,2022-12-31,1,Damaged Product,4979.0
3607,82961,2023-10-26,1,Wrong Product,3082.0
3608,82984,2024-08-20,1,Customer Changed Mind,685.0
3609,83007,2025-06-15,1,Late Delivery,6288.0
3610,83030,2022-04-11,1,Quality Issue,3732.35
3611,83053,2023-02-04,1,Damaged Product,1994.0
3612,83076,2023-11-30,1,Wrong Product,7597.0
3613,83099,2024-09-24,1,Customer Changed Mind,5700.0
3614,83122,2025-07-20,1,Late Delivery,3303.0
3615,83145,2022-05-16,1,Quality Issue,860.7
3616,83168,2023-03-11,1,Damaged Product,7009.0
3617,83191,2024-01-04,1,Wrong Product,4150.8
3618,83214,2024-10-29,1,Customer Changed Mind,2215.0
3619,83237,2025-08-24,1,Late Delivery,318.0
3620,83260,2022-06-20,1,Quality Issue,5032.85
3621,83283,2023-04-15,1,Damaged Product,3524.0
3622,83306,2024-02-08,1,Wrong Product,1627.0
3623,83329,2024-12-03,1,Customer Changed Mind,7230.0
3624,83352,2025-09-28,1,Late Delivery,4349.7
3625,83375,2022-07-25,1,Quality Issue,2789.2
3626,83398,2023-05-20,1,Damaged Product,539.0
3627,83421,2024-03-14,1,Wrong Product,6142.0
3628,83444,2025-01-07,1,Customer Changed Mind,4245.0
3629,83467,2025-11-02,1,Late Delivery,1848.0
3630,83490,2022-08-29,1,Quality Issue,6333.35
3631,83513,2023-06-24,1,Damaged Product,4998.6
3632,83536,2024-04-18,1,Wrong Product,3157.0
3633,83559,2025-02-11,1,Customer Changed Mind,1260.0
3634,83582,2025-12-07,1,Late Delivery,6863.0
3635,83605,2022-10-03,1,Quality Issue,4242.7
3636,83628,2023-07-29,1,Damaged Product,2569.0
3637,83651,2024-05-23,1,Wrong Product,172.0
3638,83674,2025-03-18,1,Customer Changed Mind,5197.5
3639,83697,2022-01-12,1,Late Delivery,3878.0
3640,83720,2022-11-07,1,Quality Issue,1258.85
3641,83743,2023-09-02,1,Damaged Product,7084.0
3642,83766,2024-06-27,1,Wrong Product,5187.0
3643,83789,2025-04-22,1,Customer Changed Mind,2790.0
3644,83812,2022-02-16,1,Late Delivery,393.0
3645,83835,2022-12-12,1,Quality Issue,5846.4
3646,83858,2023-10-07,1,Damaged Product,4099.0
3647,83881,2024-08-01,1,Wrong Product,1702.0
3648,83904,2025-05-27,1,Customer Changed Mind,7805.0
3649,83927,2022-03-23,1,Late Delivery,5408.0
3650,83950,2023-01-16,1,Quality Issue,2559.35
3651,83973,2023-11-11,1,Damaged Product,1114.0
3652,83996,2024-09-05,1,Wrong Product,6045.3
3653,84019,2025-07-01,1,Customer Changed Mind,4320.0
3654,84042,2022-04-27,1,Late Delivery,2423.0
3655,84065,2023-02-20,1,Quality Issue,7624.7
3656,84088,2023-12-16,1,Damaged Product,5629.0
3657,84111,2024-10-10,1,Wrong Product,3732.0
3658,84134,2025-08-05,1,Customer Changed Mind,1335.0
3659,84157,2022-06-01,1,Late Delivery,6694.2
3660,84180,2023-03-27,1,Quality Issue,4284.85
3661,84203,2024-01-20,1,Damaged Product,2644.0
3662,84226,2024-11-14,1,Wrong Product,747.0
3663,84249,2025-09-09,1,Customer Changed Mind,6350.0
3664,84272,2022-07-06,1,Late Delivery,3953.0
3665,84295,2023-05-01,1,Quality Issue,1953.2
3666,84318,2024-02-24,1,Damaged Product,6893.1
3667,84341,2024-12-19,1,Wrong Product,5262.0
3668,84364,2025-10-14,1,Customer Changed Mind,3365.0
3669,84387,2022-08-10,1,Late Delivery,968.0
3670,84410,2023-06-05,1,Quality Issue,5585.35
3671,84433,2024-03-30,1,Damaged Product,4674.0
3672,84456,2025-01-23,1,Wrong Product,2277.0
3673,84479,2025-11-18,1,Customer Changed Mind,7092.0
3674,84502,2022-09-14,1,Late Delivery,5983.0
3675,84525,2023-07-10,1,Quality Issue,3406.7
3676,84548,2024-05-04,1,Damaged Product,1189.0
3677,84571,2025-02-27,1,Wrong Product,7292.0
3678,84594,2025-12-23,1,Customer Changed Mind,4895.0
3679,84617,2022-10-19,1,Late Delivery,2498.0
3680,84640,2023-08-14,1,Quality Issue,510.85
3681,84663,2024-06-08,1,Damaged Product,6204.0
3682,84686,2025-04-03,1,Wrong Product,3807.0
3683,84709,2022-01-28,1,Customer Changed Mind,1910.0
3684,84732,2022-11-23,1,Late Delivery,7513.0
3685,84755,2023-09-18,1,Quality Issue,5335.2
3686,84778,2024-07-13,1,Damaged Product,3219.0
3687,84801,2025-05-08,1,Wrong Product,739.8
3688,84824,2022-03-04,1,Customer Changed Mind,6925.0
3689,84847,2022-12-28,1,Late Delivery,4528.0
3690,84870,2023-10-23,1,Quality Issue,1811.35
3691,84893,2024-08-17,1,Damaged Product,234.0
3692,84916,2025-06-12,1,Wrong Product,5837.0
3693,84939,2022-04-08,1,Customer Changed Mind,3440.0
3694,84962,2023-02-01,1,Late Delivery,1388.7
3695,84985,2023-11-27,1,Quality Issue,6788.7
3696,85008,2024-09-21,1,Damaged Product,4749.0
3697,85031,2025-07-17,1,Wrong Product,2852.0
3698,85054,2022-05-13,1,Customer Changed Mind,455.0
3699,85077,2023-03-08,1,Late Delivery,6058.0
3700,85100,2024-01-01,1,Quality Issue,3536.85
3701,85123,2024-10-26,1,Damaged Product,1587.6
3702,85146,2025-08-21,1,Wrong Product,7367.0
3703,85169,2022-06-17,1,Customer Changed Mind,5470.0
3704,85192,2023-04-12,1,Late Delivery,3073.0
3705,85215,2024-02-05,1,Quality Issue,642.2
3706,85238,2024-11-30,1,Damaged Product,6779.0
3707,85261,2025-09-25,1,Wrong Product,4382.0
3708,85284,2022-07-22,1,Customer Changed Mind,1786.5
3709,85307,2023-05-17,1,Late Delivery,8088.0
3710,85330,2024-03-11,1,Quality Issue,4837.35
3711,85353,2025-01-04,1,Damaged Product,3794.0
3712,85376,2025-10-30,1,Wrong Product,1397.0
3713,85399,2022-08-26,1,Customer Changed Mind,7000.0
3714,85422,2023-06-21,1,Late Delivery,5103.0
3715,85445,2024-04-15,1,Quality Issue,2435.4
3716,85468,2025-02-08,1,Damaged Product,309.0
3717,85491,2025-12-04,1,Wrong Product,6412.0
3718,85514,2022-09-30,1,Customer Changed Mind,4015.0
3719,85537,2023-07-26,1,Late Delivery,1618.0
3720,85560,2024-05-20,1,Quality Issue,6562.85
3721,85583,2025-03-15,1,Damaged Product,5324.0
3722,85606,2026-01-08,1,Wrong Product,2634.3
3723,85629,2022-11-04,1,Customer Changed Mind,1030.0
3724,85652,2023-08-30,1,Late Delivery,6633.0
3725,85675,2024-06-24,1,Quality Issue,4024.2
3726,85698,2025-04-19,1,Damaged Product,2339.0
3727,85721,2022-02-13,1,Wrong Product,7942.0
3728,85744,2022-12-09,1,Customer Changed Mind,5545.0
3729,85767,2023-10-04,1,Late Delivery,3283.2
3730,85790,2024-07-29,1,Quality Issue,1063.35
3731,85813,2025-05-24,1,Damaged Product,6854.0
3732,85836,2022-03-20,1,Wrong Product,4957.0
3733,85859,2023-01-13,1,Customer Changed Mind,2560.0
3734,85882,2023-11-08,1,Late Delivery,163.0
3735,85905,2024-09-02,1,Quality Issue,5952.7
3736,85928,2025-06-28,1,Damaged Product,3482.1
3737,85951,2022-04-24,1,Wrong Product,1972.0
3738,85974,2023-02-17,1,Customer Changed Mind,7575.0
3739,85997,2023-12-13,1,Late Delivery,5178.0
3740,86020,2024-10-07,1,Quality Issue,2788.85
3741,86043,2025-08-02,1,Damaged Product,884.0
3742,86066,2022-05-29,1,Wrong Product,6487.0
3743,86089,2023-03-24,1,Customer Changed Mind,4131.0
3744,86112,2024-01-17,1,Late Delivery,2193.0
3745,86135,2024-11-11,1,Quality Issue,7406.2
3746,86158,2025-09-06,1,Damaged Product,5899.0
3747,86181,2022-07-03,1,Wrong Product,3502.0
3748,86204,2023-04-28,1,Customer Changed Mind,1105.0
3749,86227,2024-02-21,1,Late Delivery,7208.0
3750,86250,2024-12-16,1,Quality Issue,4089.35
3751,86273,2025-10-11,1,Damaged Product,2414.0
3752,86296,2022-08-07,1,Wrong Product,517.0
3753,86319,2023-06-02,1,Customer Changed Mind,6120.0
3754,86342,2024-03-27,1,Late Delivery,3723.0
3755,86365,2025-01-20,1,Quality Issue,1734.7
3756,86388,2025-11-15,1,Damaged Product,7429.0
3757,86411,2022-09-11,1,Wrong Product,4528.8
3758,86434,2023-07-07,1,Customer Changed Mind,3135.0
3759,86457,2024-05-01,1,Late Delivery,738.0
3760,86480,2025-02-24,1,Quality Issue,5389.85
3761,86503,2025-12-20,1,Damaged Product,4444.0
3762,86526,2022-10-16,1,Wrong Product,2047.0
3763,86549,2023-08-11,1,Customer Changed Mind,7650.0
3764,86572,2024-06-05,1,Late Delivery,5177.7
3765,86595,2025-03-31,1,Quality Issue,3188.2
3766,86618,2022-01-25,1,Damaged Product,1459.0
3767,86641,2022-11-20,1,Wrong Product,7062.0
3768,86664,2023-09-15,1,Customer Changed Mind,4665.0
3769,86687,2024-07-10,1,Late Delivery,2768.0
3770,86710,2025-05-05,1,Quality Issue,315.35
3771,86733,2022-03-01,1,Damaged Product,5376.6
3772,86756,2022-12-25,1,Wrong Product,4077.0
3773,86779,2023-10-20,1,Customer Changed Mind,1680.0
3774,86802,2024-08-14,1,Late Delivery,7283.0
3775,86825,2025-06-09,1,Quality Issue,5116.7
3776,86848,2022-04-05,1,Damaged Product,2989.0
3777,86871,2023-01-29,1,Wrong Product,592.0
3778,86894,2023-11-24,1,Customer Changed Mind,6025.5
3779,86917,2024-09-18,1,Late Delivery,4298.0
3780,86940,2025-07-14,1,Quality Issue,1615.85
3781,86963,2022-05-10,1,Damaged Product,8004.0
3782,86986,2023-03-05,1,Wrong Product,5607.0
3783,87009,2023-12-29,1,Customer Changed Mind,3210.0
3784,87032,2024-10-23,1,Late Delivery,1313.0
3785,87055,2025-08-18,1,Quality Issue,6224.4
3786,87078,2022-06-14,1,Damaged Product,4519.0
3787,87101,2023-04-09,1,Wrong Product,2622.0
3788,87124,2024-02-02,1,Customer Changed Mind,225.0
3789,87147,2024-11-27,1,Late Delivery,5828.0
3790,87170,2025-09-22,1,Quality Issue,3341.35
3791,87193,2022-07-19,1,Damaged Product,1534.0
3792,87216,2023-05-14,1,Wrong Product,6873.3
3793,87239,2024-03-08,1,Customer Changed Mind,5240.0
3794,87262,2025-01-01,1,Late Delivery,2843.0
3795,87285,2025-10-27,1,Quality Issue,898.7
3796,87308,2022-08-23,1,Damaged Product,6549.0
3797,87331,2023-06-18,1,Wrong Product,4152.0
3798,87354,2024-04-12,1,Customer Changed Mind,2255.0
3799,87377,2025-02-05,1,Late Delivery,7072.2
3800,87400,2025-12-01,1,Quality Issue,4641.85
3801,87423,2022-09-27,1,Damaged Product,3564.0
3802,87446,2023-07-23,1,Wrong Product,1167.0
3803,87469,2024-05-17,1,Customer Changed Mind,6770.0
3804,87492,2025-03-12,1,Late Delivery,4873.0
3805,87515,2026-01-05,1,Quality Issue,2352.2
3806,87538,2022-11-01,1,Damaged Product,7271.1
3807,87561,2023-08-27,1,Wrong Product,6182.0
3808,87584,2024-06-21,1,Customer Changed Mind,3785.0
3809,87607,2025-04-16,1,Late Delivery,1388.0
3810,87630,2022-02-10,1,Quality Issue,6367.35
3811,87653,2022-12-06,1,Damaged Product,5094.0
3812,87676,2023-10-01,1,Wrong Product,2697.0
3813,87699,2024-07-26,1,Customer Changed Mind,720.0
3814,87722,2025-05-21,1,Late Delivery,6403.0
3815,87745,2022-03-17,1,Quality Issue,3805.7
3816,87768,2023-01-10,1,Damaged Product,2109.0
3817,87791,2023-11-05,1,Wrong Product,7712.0
3818,87814,2024-08-30,1,Customer Changed Mind,5815.0
3819,87837,2025-06-25,1,Late Delivery,3418.0
3820,87860,2022-04-21,1,Quality Issue,867.85
3821,87883,2023-02-14,1,Damaged Product,7124.0
3822,87906,2023-12-10,1,Wrong Product,4727.0
3823,87929,2024-10-04,1,Customer Changed Mind,2330.0
3824,87952,2025-07-30,1,Late Delivery,433.0
3825,87975,2022-05-26,1,Quality Issue,5734.2
3826,87998,2023-03-21,1,Damaged Product,3639.0
3827,88021,2024-01-14,1,Wrong Product,1567.8
3828,88044,2024-11-08,1,Customer Changed Mind,7345.0
3829,88067,2025-09-03,1,Late Delivery,4948.0
3830,88090,2022-06-30,1,Quality Issue,2593.35
3831,88113,2023-04-25,1,Damaged Product,654.0
3832,88136,2024-02-18,1,Wrong Product,6257.0
3833,88159,2024-12-13,1,Customer Changed Mind,4360.0
3834,88182,2025-10-08,1,Late Delivery,1766.7
3835,88205,2022-08-04,1,Quality Issue,7187.7
3836,88228,2023-05-30,1,Damaged Product,5669.0
3837,88251,2024-03-24,1,Wrong Product,3272.0
3838,88274,2025-01-17,1,Customer Changed Mind,875.0
3839,88297,2025-11-12,1,Late Delivery,6978.0
3840,88320,2022-09-08,1,Quality Issue,3893.85
3841,88343,2023-07-04,1,Damaged Product,1965.6
3842,88366,2024-04-28,1,Wrong Product,287.0
3843,88389,2025-02-21,1,Customer Changed Mind,5890.0
3844,88412,2025-12-17,1,Late Delivery,3993.0
3845,88435,2022-10-13,1,Quality Issue,1516.2
3846,88458,2023-08-08,1,Damaged Product,7199.0
3847,88481,2024-06-02,1,Wrong Product,5302.0
3848,88504,2025-03-28,1,Customer Changed Mind,2614.5
3849,88527,2022-01-22,1,Late Delivery,508.0
3850,88550,2022-11-17,1,Quality Issue,5619.35
3851,88573,2023-09-12,1,Damaged Product,4214.0
3852,88596,2024-07-07,1,Wrong Product,1817.0
3853,88619,2025-05-02,1,Customer Changed Mind,7920.0
3854,88642,2022-02-26,1,Late Delivery,5523.0
3855,88665,2022-12-22,1,Quality Issue,2813.4
3856,88688,2023-10-17,1,Damaged Product,1229.0
3857,88711,2024-08-11,1,Wrong Product,6832.0
3858,88734,2025-06-06,1,Customer Changed Mind,4435.0
3859,88757,2022-04-02,1,Late Delivery,2538.0
3860,88780,2023-01-26,1,Quality Issue,6919.85
3861,88803,2023-11-21,1,Damaged Product,5744.0
3862,88826,2024-09-15,1,Wrong Product,3462.3
3863,88849,2025-07-11,1,Customer Changed Mind,1450.0
3864,88872,2022-05-07,1,Late Delivery,7053.0
3865,88895,2023-03-02,1,Quality Issue,4898.2
3866,88918,2023-12-26,1,Damaged Product,2759.0
3867,88941,2024-10-20,1,Wrong Product,362.0
3868,88964,2025-08-15,1,Customer Changed Mind,6465.0
3869,88987,2022-06-11,1,Late Delivery,3661.2
3870,89010,2023-04-06,1,Quality Issue,1845.35
3871,89033,2024-01-30,1,Damaged Product,7774.0
3872,89056,2024-11-24,1,Wrong Product,5377.0
3873,89079,2025-09-19,1,Customer Changed Mind,3480.0
3874,89102,2022-07-16,1,Late Delivery,1083.0
3875,89125,2023-05-11,1,Quality Issue,6351.7
3876,89148,2024-03-05,1,Damaged Product,4310.1
3877,89171,2024-12-29,1,Wrong Product,2392.0
3878,89194,2025-10-24,1,Customer Changed Mind,7995.0
3879,89217,2022-08-20,1,Late Delivery,6098.0
3880,89240,2023-06-15,1,Quality Issue,3145.85
3881,89263,2024-04-09,1,Damaged Product,1304.0
3882,89286,2025-02-02,1,Wrong Product,7407.0
3883,89309,2025-11-28,1,Customer Changed Mind,4509.0
3884,89332,2022-09-24,1,Late Delivery,2613.0
3885,89355,2023-07-20,1,Quality Issue,680.2
3886,89378,2024-05-14,1,Damaged Product,6319.0
3887,89401,2025-03-09,1,Wrong Product,3922.0
3888,89424,2026-01-02,1,Customer Changed Mind,2025.0
3889,89447,2022-10-29,1,Late Delivery,7628.0
3890,89470,2023-08-24,1,Quality Issue,4446.35
3891,89493,2024-06-18,1,Damaged Product,3334.0
3892,89516,2025-04-13,1,Wrong Product,937.0
3893,89539,2022-02-07,1,Customer Changed Mind,6540.0
3894,89562,2022-12-03,1,Late Delivery,4643.0
3895,89585,2023-09-28,1,Quality Issue,2133.7
3896,89608,2024-07-23,1,Damaged Product,349.0
3897,89631,2025-05-18,1,Wrong Product,5356.8
3898,89654,2022-03-14,1,Customer Changed Mind,3555.0
3899,89677,2023-01-07,1,Late Delivery,1658.0
3900,89700,2023-11-02,1,Quality Issue,6171.85
3901,89723,2024-08-27,1,Damaged Product,4864.0
3902,89746,2025-06-22,1,Wrong Product,2967.0
3903,89769,2022-04-18,1,Customer Changed Mind,570.0
3904,89792,2023-02-11,1,Late Delivery,5555.7
3905,89815,2023-12-07,1,Quality Issue,4062.2
3906,89838,2024-10-01,1,Damaged Product,1879.0
3907,89861,2025-07-27,1,Wrong Product,7482.0
3908,89884,2022-05-23,1,Customer Changed Mind,5585.0
3909,89907,2023-03-18,1,Late Delivery,3188.0
3910,89930,2024-01-11,1,Quality Issue,672.35
3911,89953,2024-11-05,1,Damaged Product,6204.6
3912,89976,2025-08-31,1,Wrong Product,4497.0
3913,89999,2022-06-27,1,Customer Changed Mind,2100.0
