review_id,customer_id,product_id,rating,review_text,review_date
1,18,12,5,Excellent product,2022-01-20
2,35,23,5,Excellent product,2022-02-08
3,52,34,4,Good product,2022-02-27
4,69,45,5,Excellent product,2022-03-18
5,86,56,5,Excellent product,2022-04-06
6,103,67,4,Good product,2022-04-25
7,120,78,3,Average product,2022-05-14
8,137,89,5,Excellent product,2022-06-02
9,154,100,4,Good product,2022-06-21
10,171,111,2,Product quality could be better,2022-07-10
11,188,122,5,Excellent product,2022-07-29
12,205,133,4,Good product,2022-08-17
13,222,144,5,Excellent product,2022-09-05
14,239,155,3,Average product,2022-09-24
15,256,166,4,Good product,2022-10-13
16,273,177,5,Excellent product,2022-11-01
17,290,188,5,Excellent product,2022-11-20
18,307,199,4,Good product,2022-12-09
19,324,210,5,Excellent product,2022-12-28
20,341,221,1,Very poor experience,2023-01-16
21,358,232,3,Average product,2023-02-04
22,375,243,5,Excellent product,2023-02-23
23,392,254,5,Excellent product,2023-03-14
24,409,265,4,Good product,2023-04-02
25,426,276,5,Excellent product,2023-04-21
26,443,287,5,Excellent product,2023-05-10
27,460,298,4,Good product,2023-05-29
28,477,309,3,Average product,2023-06-17
29,494,320,5,Excellent product,2023-07-06
30,511,331,2,Product quality could be better,2023-07-25
31,528,342,5,Excellent product,2023-08-13
32,545,353,5,Excellent product,2023-09-01
33,562,364,4,Good product,2023-09-20
34,579,375,5,Excellent product,2023-10-09
35,596,386,3,Average product,2023-10-28
36,613,397,4,Good product,2023-11-16
37,630,408,5,Excellent product,2023-12-05
38,647,419,5,Excellent product,2023-12-24
39,664,430,4,Good product,2024-01-12
40,681,441,1,Very poor experience,2024-01-31
41,698,452,5,Excellent product,2024-02-19
42,715,463,3,Average product,2024-03-09
43,732,474,5,Excellent product,2024-03-28
44,749,485,5,Excellent product,2024-04-16
45,766,496,4,Good product,2024-05-05
46,783,7,5,Excellent product,2024-05-24
47,800,18,5,Excellent product,2024-06-12
48,817,29,4,Good product,2024-07-01
49,834,40,3,Average product,2024-07-20
50,851,51,2,Product quality could be better,2024-08-08
51,868,62,4,Good product,2024-08-27
52,885,73,5,Excellent product,2024-09-15
53,902,84,5,Excellent product,2024-10-04
54,919,95,4,Good product,2024-10-23
55,936,106,5,Excellent product,2024-11-11
56,953,117,3,Average product,2024-11-30
57,970,128,4,Good product,2024-12-19
58,987,139,5,Excellent product,2025-01-07
59,1004,150,5,Excellent product,2025-01-26
60,1021,161,1,Very poor experience,2025-02-14
61,1038,172,5,Excellent product,2025-03-05
62,1055,183,5,Excellent product,2025-03-24
63,1072,194,3,Average product,2025-04-12
64,1089,205,5,Excellent product,2025-05-01
65,1106,216,5,Excellent product,2025-05-20
66,1123,227,4,Good product,2025-06-08
67,1140,238,5,Excellent product,2025-06-27
68,1157,249,5,Excellent product,2025-07-16
69,1174,260,4,Good product,2025-08-04
70,1191,271,2,Product quality could be better,2025-08-23
71,1208,282,5,Excellent product,2025-09-11
72,1225,293,4,Good product,2025-09-30
73,1242,304,5,Excellent product,2025-10-19
74,1259,315,5,Excellent product,2025-11-07
75,1276,326,4,Good product,2025-11-26
76,1293,337,5,Excellent product,2025-12-15
77,1310,348,3,Average product,2022-01-04
78,1327,359,4,Good product,2022-01-23
79,1344,370,5,Excellent product,2022-02-11
80,1361,381,1,Very poor experience,2022-03-02
81,1378,392,4,Good product,2022-03-21
82,1395,403,5,Excellent product,2022-04-09
83,1412,414,5,Excellent product,2022-04-28
84,1429,425,3,Average product,2022-05-17
85,1446,436,5,Excellent product,2022-06-05
86,1463,447,5,Excellent product,2022-06-24
87,1480,458,4,Good product,2022-07-13
88,1497,469,5,Excellent product,2022-08-01
89,1514,480,5,Excellent product,2022-08-20
90,1531,491,2,Product quality could be better,2022-09-08
91,1548,2,3,Average product,2022-09-27
92,1565,13,5,Excellent product,2022-10-16
93,1582,24,4,Good product,2022-11-04
94,1599,35,5,Excellent product,2022-11-23
95,1616,46,5,Excellent product,2022-12-12
96,1633,57,4,Good product,2022-12-31
97,1650,68,5,Excellent product,2023-01-19
98,1667,79,3,Average product,2023-02-07
99,1684,90,4,Good product,2023-02-26
100,1701,101,1,Very poor experience,2023-03-17
101,1718,112,5,Excellent product,2023-04-05
102,1735,123,4,Good product,2023-04-24
103,1752,134,5,Excellent product,2023-05-13
104,1769,145,5,Excellent product,2023-06-01
105,1786,156,3,Average product,2023-06-20
106,1803,167,5,Excellent product,2023-07-09
107,1820,178,5,Excellent product,2023-07-28
108,1837,189,4,Good product,2023-08-16
109,1854,200,5,Excellent product,2023-09-04
110,1871,211,2,Product quality could be better,2023-09-23
111,1888,222,4,Good product,2023-10-12
112,1905,233,3,Average product,2023-10-31
113,1922,244,5,Excellent product,2023-11-19
114,1939,255,4,Good product,2023-12-08
115,1956,266,5,Excellent product,2023-12-27
116,1973,277,5,Excellent product,2024-01-15
117,1990,288,4,Good product,2024-02-03
118,7,299,5,Excellent product,2024-02-22
119,24,310,3,Average product,2024-03-12
120,41,321,1,Very poor experience,2024-03-31
121,58,332,5,Excellent product,2024-04-19
122,75,343,5,Excellent product,2024-05-08
123,92,354,4,Good product,2024-05-27
124,109,365,5,Excellent product,2024-06-15
125,126,376,5,Excellent product,2024-07-04
126,143,387,3,Average product,2024-07-23
127,160,398,5,Excellent product,2024-08-11
128,177,409,5,Excellent product,2024-08-30
129,194,420,4,Good product,2024-09-18
130,211,431,2,Product quality could be better,2024-10-07
131,228,442,5,Excellent product,2024-10-26
132,245,453,4,Good product,2024-11-14
133,262,464,3,Average product,2024-12-03
134,279,475,5,Excellent product,2024-12-22
135,296,486,4,Good product,2025-01-10
136,313,497,5,Excellent product,2025-01-29
137,330,8,5,Excellent product,2025-02-17
138,347,19,4,Good product,2025-03-08
139,364,30,5,Excellent product,2025-03-27
140,381,41,1,Very poor experience,2025-04-15
141,398,52,4,Good product,2025-05-04
142,415,63,5,Excellent product,2025-05-23
143,432,74,5,Excellent product,2025-06-11
144,449,85,4,Good product,2025-06-30
145,466,96,5,Excellent product,2025-07-19
146,483,107,5,Excellent product,2025-08-07
147,500,118,3,Average product,2025-08-26
148,517,129,5,Excellent product,2025-09-14
149,534,140,5,Excellent product,2025-10-03
150,551,151,2,Product quality could be better,2025-10-22
151,568,162,5,Excellent product,2025-11-10
152,585,173,5,Excellent product,2025-11-29
153,602,184,4,Good product,2025-12-18
154,619,195,3,Average product,2022-01-07
155,636,206,5,Excellent product,2022-01-26
156,653,217,4,Good product,2022-02-14
157,670,228,5,Excellent product,2022-03-05
158,687,239,5,Excellent product,2022-03-24
159,704,250,4,Good product,2022-04-12
160,721,261,1,Very poor experience,2022-05-01
161,738,272,3,Average product,2022-05-20
162,755,283,4,Good product,2022-06-08
163,772,294,5,Excellent product,2022-06-27
164,789,305,5,Excellent product,2022-07-16
165,806,316,4,Good product,2022-08-04
166,823,327,5,Excellent product,2022-08-23
167,840,338,5,Excellent product,2022-09-11
168,857,349,3,Average product,2022-09-30
169,874,360,5,Excellent product,2022-10-19
170,891,371,2,Product quality could be better,2022-11-07
171,908,382,4,Good product,2022-11-26
172,925,393,5,Excellent product,2022-12-15
173,942,404,5,Excellent product,2023-01-03
174,959,415,4,Good product,2023-01-22
175,976,426,3,Average product,2023-02-10
176,993,437,5,Excellent product,2023-03-01
177,1010,448,4,Good product,2023-03-20
178,1027,459,5,Excellent product,2023-04-08
179,1044,470,5,Excellent product,2023-04-27
180,1061,481,1,Very poor experience,2023-05-16
181,1078,492,5,Excellent product,2023-06-04
182,1095,3,3,Average product,2023-06-23
183,1112,14,4,Good product,2023-07-12
184,1129,25,5,Excellent product,2023-07-31
185,1146,36,5,Excellent product,2023-08-19
186,1163,47,4,Good product,2023-09-07
187,1180,58,5,Excellent product,2023-09-26
188,1197,69,5,Excellent product,2023-10-15
189,1214,80,3,Average product,2023-11-03
190,1231,91,2,Product quality could be better,2023-11-22
191,1248,102,5,Excellent product,2023-12-11
192,1265,113,4,Good product,2023-12-30
193,1282,124,5,Excellent product,2024-01-18
194,1299,135,5,Excellent product,2024-02-06
195,1316,146,4,Good product,2024-02-25
196,1333,157,3,Average product,2024-03-15
197,1350,168,5,Excellent product,2024-04-03
198,1367,179,4,Good product,2024-04-22
199,1384,190,5,Excellent product,2024-05-11
200,1401,201,1,Very poor experience,2024-05-30
201,1418,212,4,Good product,2024-06-18
202,1435,223,5,Excellent product,2024-07-07
203,1452,234,3,Average product,2024-07-26
204,1469,245,4,Good product,2024-08-14
205,1486,256,5,Excellent product,2024-09-02
206,1503,267,5,Excellent product,2024-09-21
207,1520,278,4,Good product,2024-10-10
208,1537,289,5,Excellent product,2024-10-29
209,1554,300,5,Excellent product,2024-11-17
210,1571,311,2,Product quality could be better,2024-12-06
211,1588,322,5,Excellent product,2024-12-25
212,1605,333,5,Excellent product,2025-01-13
213,1622,344,4,Good product,2025-02-01
214,1639,355,5,Excellent product,2025-02-20
215,1656,366,5,Excellent product,2025-03-11
216,1673,377,4,Good product,2025-03-30
217,1690,388,3,Average product,2025-04-18
218,1707,399,5,Excellent product,2025-05-07
219,1724,410,4,Good product,2025-05-26
220,1741,421,1,Very poor experience,2025-06-14
221,1758,432,5,Excellent product,2025-07-03
222,1775,443,4,Good product,2025-07-22
223,1792,454,5,Excellent product,2025-08-10
224,1809,465,3,Average product,2025-08-29
225,1826,476,4,Good product,2025-09-17
226,1843,487,5,Excellent product,2025-10-06
227,1860,498,5,Excellent product,2025-10-25
228,1877,9,4,Good product,2025-11-13
229,1894,20,5,Excellent product,2025-12-02
230,1911,31,2,Product quality could be better,2025-12-21
231,1928,42,3,Average product,2022-01-10
232,1945,53,5,Excellent product,2022-01-29
233,1962,64,5,Excellent product,2022-02-17
234,1979,75,4,Good product,2022-03-08
235,1996,86,5,Excellent product,2022-03-27
236,13,97,5,Excellent product,2022-04-15
237,30,108,4,Good product,2022-05-04
238,47,119,3,Average product,2022-05-23
239,64,130,5,Excellent product,2022-06-11
240,81,141,1,Very poor experience,2022-06-30
241,98,152,5,Excellent product,2022-07-19
242,115,163,5,Excellent product,2022-08-07
243,132,174,4,Good product,2022-08-26
244,149,185,5,Excellent product,2022-09-14
245,166,196,3,Average product,2022-10-03
246,183,207,4,Good product,2022-10-22
247,200,218,5,Excellent product,2022-11-10
248,217,229,5,Excellent product,2022-11-29
249,234,240,4,Good product,2022-12-18
250,251,251,2,Product quality could be better,2023-01-06
251,268,262,5,Excellent product,2023-01-25
252,285,273,3,Average product,2023-02-13
253,302,284,5,Excellent product,2023-03-04
254,319,295,5,Excellent product,2023-03-23
255,336,306,4,Good product,2023-04-11
256,353,317,5,Excellent product,2023-04-30
257,370,328,5,Excellent product,2023-05-19
258,387,339,4,Good product,2023-06-07
259,404,350,3,Average product,2023-06-26
260,421,361,1,Very poor experience,2023-07-15
261,438,372,4,Good product,2023-08-03
262,455,383,5,Excellent product,2023-08-22
263,472,394,5,Excellent product,2023-09-10
264,489,405,4,Good product,2023-09-29
265,506,416,5,Excellent product,2023-10-18
266,523,427,3,Average product,2023-11-06
267,540,438,4,Good product,2023-11-25
268,557,449,5,Excellent product,2023-12-14
269,574,460,5,Excellent product,2024-01-02
270,591,471,2,Product quality could be better,2024-01-21
271,608,482,5,Excellent product,2024-02-09
272,625,493,5,Excellent product,2024-02-28
273,642,4,3,Average product,2024-03-18
274,659,15,5,Excellent product,2024-04-06
275,676,26,5,Excellent product,2024-04-25
276,693,37,4,Good product,2024-05-14
277,710,48,5,Excellent product,2024-06-02
278,727,59,5,Excellent product,2024-06-21
279,744,70,4,Good product,2024-07-10
280,761,81,1,Very poor experience,2024-07-29
281,778,92,5,Excellent product,2024-08-17
282,795,103,4,Good product,2024-09-05
283,812,114,5,Excellent product,2024-09-24
284,829,125,5,Excellent product,2024-10-13
285,846,136,4,Good product,2024-11-01
286,863,147,5,Excellent product,2024-11-20
287,880,158,3,Average product,2024-12-09
288,897,169,4,Good product,2024-12-28
289,914,180,5,Excellent product,2025-01-16
290,931,191,2,Product quality could be better,2025-02-04
291,948,202,4,Good product,2025-02-23
292,965,213,5,Excellent product,2025-03-14
293,982,224,5,Excellent product,2025-04-02
294,999,235,3,Average product,2025-04-21
295,1016,246,5,Excellent product,2025-05-10
296,1033,257,5,Excellent product,2025-05-29
297,1050,268,4,Good product,2025-06-17
298,1067,279,5,Excellent product,2025-07-06
299,1084,290,5,Excellent product,2025-07-25
300,1101,301,1,Very poor experience,2025-08-13
301,1118,312,3,Average product,2025-09-01
302,1135,323,5,Excellent product,2025-09-20
303,1152,334,4,Good product,2025-10-09
304,1169,345,5,Excellent product,2025-10-28
305,1186,356,5,Excellent product,2025-11-16
306,1203,367,4,Good product,2025-12-05
307,1220,378,5,Excellent product,2025-12-24
308,1237,389,3,Average product,2022-01-13
309,1254,400,4,Good product,2022-02-01
310,1271,411,2,Product quality could be better,2022-02-20
311,1288,422,5,Excellent product,2022-03-11
312,1305,433,4,Good product,2022-03-30
313,1322,444,5,Excellent product,2022-04-18
314,1339,455,5,Excellent product,2022-05-07
315,1356,466,3,Average product,2022-05-26
316,1373,477,5,Excellent product,2022-06-14
317,1390,488,5,Excellent product,2022-07-03
318,1407,499,4,Good product,2022-07-22
319,1424,10,5,Excellent product,2022-08-10
320,1441,21,1,Very poor experience,2022-08-29
321,1458,32,4,Good product,2022-09-17
322,1475,43,3,Average product,2022-10-06
323,1492,54,5,Excellent product,2022-10-25
324,1509,65,4,Good product,2022-11-13
325,1526,76,5,Excellent product,2022-12-02
326,1543,87,5,Excellent product,2022-12-21
327,1560,98,4,Good product,2023-01-09
328,1577,109,5,Excellent product,2023-01-28
329,1594,120,3,Average product,2023-02-16
330,1611,131,2,Product quality could be better,2023-03-07
331,1628,142,5,Excellent product,2023-03-26
332,1645,153,5,Excellent product,2023-04-14
333,1662,164,4,Good product,2023-05-03
334,1679,175,5,Excellent product,2023-05-22
335,1696,186,5,Excellent product,2023-06-10
336,1713,197,3,Average product,2023-06-29
337,1730,208,5,Excellent product,2023-07-18
338,1747,219,5,Excellent product,2023-08-06
339,1764,230,4,Good product,2023-08-25
340,1781,241,1,Very poor experience,2023-09-13
341,1798,252,5,Excellent product,2023-10-02
342,1815,263,4,Good product,2023-10-21
343,1832,274,3,Average product,2023-11-09
344,1849,285,5,Excellent product,2023-11-28
345,1866,296,4,Good product,2023-12-17
346,1883,307,5,Excellent product,2024-01-05
347,1900,318,5,Excellent product,2024-01-24
348,1917,329,4,Good product,2024-02-12
349,1934,340,5,Excellent product,2024-03-02
350,1951,351,2,Product quality could be better,2024-03-21
351,1968,362,4,Good product,2024-04-09
352,1985,373,5,Excellent product,2024-04-28
353,2,384,5,Excellent product,2024-05-17
354,19,395,4,Good product,2024-06-05
355,36,406,5,Excellent product,2024-06-24
356,53,417,5,Excellent product,2024-07-13
357,70,428,3,Average product,2024-08-01
358,87,439,5,Excellent product,2024-08-20
359,104,450,5,Excellent product,2024-09-08
360,121,461,1,Very poor experience,2024-09-27
361,138,472,5,Excellent product,2024-10-16
362,155,483,5,Excellent product,2024-11-04
363,172,494,4,Good product,2024-11-23
364,189,5,3,Average product,2024-12-12
365,206,16,5,Excellent product,2024-12-31
366,223,27,4,Good product,2025-01-19
367,240,38,5,Excellent product,2025-02-07
368,257,49,5,Excellent product,2025-02-26
369,274,60,4,Good product,2025-03-17
370,291,71,2,Product quality could be better,2025-04-05
371,308,82,3,Average product,2025-04-24
372,325,93,4,Good product,2025-05-13
373,342,104,5,Excellent product,2025-06-01
374,359,115,5,Excellent product,2025-06-20
375,376,126,4,Good product,2025-07-09
376,393,137,5,Excellent product,2025-07-28
377,410,148,5,Excellent product,2025-08-16
378,427,159,3,Average product,2025-09-04
379,444,170,5,Excellent product,2025-09-23
380,461,181,1,Very poor experience,2025-10-12
381,478,192,4,Good product,2025-10-31
382,495,203,5,Excellent product,2025-11-19
383,512,214,5,Excellent product,2025-12-08
384,529,225,4,Good product,2025-12-27
385,546,236,3,Average product,2022-01-16
386,563,247,5,Excellent product,2022-02-04
387,580,258,4,Good product,2022-02-23
388,597,269,5,Excellent product,2022-03-14
389,614,280,5,Excellent product,2022-04-02
390,631,291,2,Product quality could be better,2022-04-21
391,648,302,5,Excellent product,2022-05-10
392,665,313,3,Average product,2022-05-29
393,682,324,4,Good product,2022-06-17
394,699,335,5,Excellent product,2022-07-06
395,716,346,5,Excellent product,2022-07-25
396,733,357,4,Good product,2022-08-13
397,750,368,5,Excellent product,2022-09-01
398,767,379,5,Excellent product,2022-09-20
399,784,390,3,Average product,2022-10-09
400,801,401,1,Very poor experience,2022-10-28
401,818,412,5,Excellent product,2022-11-16
402,835,423,4,Good product,2022-12-05
403,852,434,5,Excellent product,2022-12-24
404,869,445,5,Excellent product,2023-01-12
405,886,456,4,Good product,2023-01-31
406,903,467,3,Average product,2023-02-19
407,920,478,5,Excellent product,2023-03-10
408,937,489,4,Good product,2023-03-29
409,954,500,5,Excellent product,2023-04-17
410,971,11,2,Product quality could be better,2023-05-06
411,988,22,4,Good product,2023-05-25
412,1005,33,5,Excellent product,2023-06-13
413,1022,44,3,Average product,2023-07-02
414,1039,55,4,Good product,2023-07-21
415,1056,66,5,Excellent product,2023-08-09
416,1073,77,5,Excellent product,2023-08-28
417,1090,88,4,Good product,2023-09-16
418,1107,99,5,Excellent product,2023-10-05
419,1124,110,5,Excellent product,2023-10-24
420,1141,121,1,Very poor experience,2023-11-12
421,1158,132,5,Excellent product,2023-12-01
422,1175,143,5,Excellent product,2023-12-20
423,1192,154,4,Good product,2024-01-08
424,1209,165,5,Excellent product,2024-01-27
425,1226,176,5,Excellent product,2024-02-15
426,1243,187,4,Good product,2024-03-05
427,1260,198,3,Average product,2024-03-24
428,1277,209,5,Excellent product,2024-04-12
429,1294,220,4,Good product,2024-05-01
430,1311,231,2,Product quality could be better,2024-05-20
431,1328,242,5,Excellent product,2024-06-08
432,1345,253,4,Good product,2024-06-27
433,1362,264,5,Excellent product,2024-07-16
434,1379,275,3,Average product,2024-08-04
435,1396,286,4,Good product,2024-08-23
436,1413,297,5,Excellent product,2024-09-11
437,1430,308,5,Excellent product,2024-09-30
438,1447,319,4,Good product,2024-10-19
439,1464,330,5,Excellent product,2024-11-07
440,1481,341,1,Very poor experience,2024-11-26
441,1498,352,3,Average product,2024-12-15
442,1515,363,5,Excellent product,2025-01-03
443,1532,374,5,Excellent product,2025-01-22
444,1549,385,4,Good product,2025-02-10
445,1566,396,5,Excellent product,2025-03-01
446,1583,407,5,Excellent product,2025-03-20
447,1600,418,4,Good product,2025-04-08
448,1617,429,3,Average product,2025-04-27
449,1634,440,5,Excellent product,2025-05-16
450,1651,451,2,Product quality could be better,2025-06-04
451,1668,462,5,Excellent product,2025-06-23
452,1685,473,5,Excellent product,2025-07-12
453,1702,484,4,Good product,2025-07-31
454,1719,495,5,Excellent product,2025-08-19
455,1736,6,3,Average product,2025-09-07
456,1753,17,4,Good product,2025-09-26
457,1770,28,5,Excellent product,2025-10-15
458,1787,39,5,Excellent product,2025-11-03
459,1804,50,4,Good product,2025-11-22
460,1821,61,1,Very poor experience,2025-12-11
461,1838,72,5,Excellent product,2025-12-30
462,1855,83,3,Average product,2022-01-19
463,1872,94,5,Excellent product,2022-02-07
464,1889,105,5,Excellent product,2022-02-26
465,1906,116,4,Good product,2022-03-17
466,1923,127,5,Excellent product,2022-04-05
467,1940,138,5,Excellent product,2022-04-24
468,1957,149,4,Good product,2022-05-13
469,1974,160,3,Average product,2022-06-01
470,1991,171,2,Product quality could be better,2022-06-20
471,8,182,4,Good product,2022-07-09
472,25,193,5,Excellent product,2022-07-28
473,42,204,5,Excellent product,2022-08-16
474,59,215,4,Good product,2022-09-04
475,76,226,5,Excellent product,2022-09-23
476,93,237,3,Average product,2022-10-12
477,110,248,4,Good product,2022-10-31
478,127,259,5,Excellent product,2022-11-19
479,144,270,5,Excellent product,2022-12-08
480,161,281,1,Very poor experience,2022-12-27
481,178,292,5,Excellent product,2023-01-15
482,195,303,5,Excellent product,2023-02-03
483,212,314,3,Average product,2023-02-22
484,229,325,5,Excellent product,2023-03-13
485,246,336,5,Excellent product,2023-04-01
486,263,347,4,Good product,2023-04-20
487,280,358,5,Excellent product,2023-05-09
488,297,369,5,Excellent product,2023-05-28
489,314,380,4,Good product,2023-06-16
490,331,391,2,Product quality could be better,2023-07-05
491,348,402,5,Excellent product,2023-07-24
492,365,413,4,Good product,2023-08-12
493,382,424,5,Excellent product,2023-08-31
494,399,435,5,Excellent product,2023-09-19
495,416,446,4,Good product,2023-10-08
496,433,457,5,Excellent product,2023-10-27
497,450,468,3,Average product,2023-11-15
498,467,479,4,Good product,2023-12-04
499,484,490,5,Excellent product,2023-12-23
500,501,1,1,Very poor experience,2024-01-11
501,518,12,4,Good product,2024-01-30
502,535,23,5,Excellent product,2024-02-18
503,552,34,5,Excellent product,2024-03-08
504,569,45,3,Average product,2024-03-27
505,586,56,5,Excellent product,2024-04-15
506,603,67,5,Excellent product,2024-05-04
507,620,78,4,Good product,2024-05-23
508,637,89,5,Excellent product,2024-06-11
509,654,100,5,Excellent product,2024-06-30
510,671,111,2,Product quality could be better,2024-07-19
511,688,122,3,Average product,2024-08-07
512,705,133,5,Excellent product,2024-08-26
513,722,144,4,Good product,2024-09-14
514,739,155,5,Excellent product,2024-10-03
515,756,166,5,Excellent product,2024-10-22
516,773,177,4,Good product,2024-11-10
517,790,188,5,Excellent product,2024-11-29
518,807,199,3,Average product,2024-12-18
519,824,210,4,Good product,2025-01-06
520,841,221,1,Very poor experience,2025-01-25
521,858,232,5,Excellent product,2025-02-13
522,875,243,4,Good product,2025-03-04
523,892,254,5,Excellent product,2025-03-23
524,909,265,5,Excellent product,2025-04-11
525,926,276,3,Average product,2025-04-30
526,943,287,5,Excellent product,2025-05-19
527,960,298,5,Excellent product,2025-06-07
528,977,309,4,Good product,2025-06-26
529,994,320,5,Excellent product,2025-07-15
530,1011,331,2,Product quality could be better,2025-08-03
531,1028,342,4,Good product,2025-08-22
532,1045,353,3,Average product,2025-09-10
533,1062,364,5,Excellent product,2025-09-29
534,1079,375,4,Good product,2025-10-18
535,1096,386,5,Excellent product,2025-11-06
536,1113,397,5,Excellent product,2025-11-25
537,1130,408,4,Good product,2025-12-14
538,1147,419,5,Excellent product,2022-01-03
539,1164,430,3,Average product,2022-01-22
540,1181,441,1,Very poor experience,2022-02-10
541,1198,452,5,Excellent product,2022-03-01
542,1215,463,5,Excellent product,2022-03-20
543,1232,474,4,Good product,2022-04-08
544,1249,485,5,Excellent product,2022-04-27
545,1266,496,5,Excellent product,2022-05-16
546,1283,7,3,Average product,2022-06-04
547,1300,18,5,Excellent product,2022-06-23
548,1317,29,5,Excellent product,2022-07-12
549,1334,40,4,Good product,2022-07-31
550,1351,51,2,Product quality could be better,2022-08-19
551,1368,62,5,Excellent product,2022-09-07
552,1385,73,4,Good product,2022-09-26
553,1402,84,3,Average product,2022-10-15
554,1419,95,5,Excellent product,2022-11-03
555,1436,106,4,Good product,2022-11-22
556,1453,117,5,Excellent product,2022-12-11
557,1470,128,5,Excellent product,2022-12-30
558,1487,139,4,Good product,2023-01-18
559,1504,150,5,Excellent product,2023-02-06
560,1521,161,1,Very poor experience,2023-02-25
561,1538,172,4,Good product,2023-03-16
562,1555,183,5,Excellent product,2023-04-04
563,1572,194,5,Excellent product,2023-04-23
564,1589,205,4,Good product,2023-05-12
565,1606,216,5,Excellent product,2023-05-31
566,1623,227,5,Excellent product,2023-06-19
567,1640,238,3,Average product,2023-07-08
568,1657,249,5,Excellent product,2023-07-27
569,1674,260,5,Excellent product,2023-08-15
570,1691,271,2,Product quality could be better,2023-09-03
571,1708,282,5,Excellent product,2023-09-22
572,1725,293,5,Excellent product,2023-10-11
573,1742,304,4,Good product,2023-10-30
574,1759,315,3,Average product,2023-11-18
575,1776,326,5,Excellent product,2023-12-07
576,1793,337,4,Good product,2023-12-26
577,1810,348,5,Excellent product,2024-01-14
578,1827,359,5,Excellent product,2024-02-02
579,1844,370,4,Good product,2024-02-21
580,1861,381,1,Very poor experience,2024-03-11
581,1878,392,3,Average product,2024-03-30
582,1895,403,4,Good product,2024-04-18
583,1912,414,5,Excellent product,2024-05-07
584,1929,425,5,Excellent product,2024-05-26
585,1946,436,4,Good product,2024-06-14
586,1963,447,5,Excellent product,2024-07-03
587,1980,458,5,Excellent product,2024-07-22
588,1997,469,3,Average product,2024-08-10
589,14,480,5,Excellent product,2024-08-29
590,31,491,2,Product quality could be better,2024-09-17
591,48,2,4,Good product,2024-10-06
592,65,13,5,Excellent product,2024-10-25
593,82,24,5,Excellent product,2024-11-13
594,99,35,4,Good product,2024-12-02
595,116,46,3,Average product,2024-12-21
596,133,57,5,Excellent product,2025-01-09
597,150,68,4,Good product,2025-01-28
598,167,79,5,Excellent product,2025-02-16
599,184,90,5,Excellent product,2025-03-07
600,201,101,1,Very poor experience,2025-03-26
601,218,112,5,Excellent product,2025-04-14
602,235,123,3,Average product,2025-05-03
603,252,134,4,Good product,2025-05-22
604,269,145,5,Excellent product,2025-06-10
605,286,156,5,Excellent product,2025-06-29
606,303,167,4,Good product,2025-07-18
607,320,178,5,Excellent product,2025-08-06
608,337,189,5,Excellent product,2025-08-25
609,354,200,3,Average product,2025-09-13
610,371,211,2,Product quality could be better,2025-10-02
611,388,222,5,Excellent product,2025-10-21
612,405,233,4,Good product,2025-11-09
613,422,244,5,Excellent product,2025-11-28
614,439,255,5,Excellent product,2025-12-17
615,456,266,4,Good product,2022-01-06
616,473,277,3,Average product,2022-01-25
617,490,288,5,Excellent product,2022-02-13
618,507,299,4,Good product,2022-03-04
619,524,310,5,Excellent product,2022-03-23
620,541,321,1,Very poor experience,2022-04-11
621,558,332,4,Good product,2022-04-30
622,575,343,5,Excellent product,2022-05-19
623,592,354,3,Average product,2022-06-07
624,609,365,4,Good product,2022-06-26
625,626,376,5,Excellent product,2022-07-15
626,643,387,5,Excellent product,2022-08-03
627,660,398,4,Good product,2022-08-22
628,677,409,5,Excellent product,2022-09-10
629,694,420,5,Excellent product,2022-09-29
630,711,431,2,Product quality could be better,2022-10-18
631,728,442,5,Excellent product,2022-11-06
632,745,453,5,Excellent product,2022-11-25
633,762,464,4,Good product,2022-12-14
634,779,475,5,Excellent product,2023-01-02
635,796,486,5,Excellent product,2023-01-21
636,813,497,4,Good product,2023-02-09
637,830,8,3,Average product,2023-02-28
638,847,19,5,Excellent product,2023-03-19
639,864,30,4,Good product,2023-04-07
640,881,41,1,Very poor experience,2023-04-26
641,898,52,5,Excellent product,2023-05-15
642,915,63,4,Good product,2023-06-03
643,932,74,5,Excellent product,2023-06-22
644,949,85,3,Average product,2023-07-11
645,966,96,4,Good product,2023-07-30
646,983,107,5,Excellent product,2023-08-18
647,1000,118,5,Excellent product,2023-09-06
648,1017,129,4,Good product,2023-09-25
649,1034,140,5,Excellent product,2023-10-14
650,1051,151,2,Product quality could be better,2023-11-02
651,1068,162,3,Average product,2023-11-21
652,1085,173,5,Excellent product,2023-12-10
653,1102,184,5,Excellent product,2023-12-29
654,1119,195,4,Good product,2024-01-17
655,1136,206,5,Excellent product,2024-02-05
656,1153,217,5,Excellent product,2024-02-24
657,1170,228,4,Good product,2024-03-14
658,1187,239,3,Average product,2024-04-02
659,1204,250,5,Excellent product,2024-04-21
660,1221,261,1,Very poor experience,2024-05-10
661,1238,272,5,Excellent product,2024-05-29
662,1255,283,5,Excellent product,2024-06-17
663,1272,294,4,Good product,2024-07-06
664,1289,305,5,Excellent product,2024-07-25
665,1306,316,3,Average product,2024-08-13
666,1323,327,4,Good product,2024-09-01
667,1340,338,5,Excellent product,2024-09-20
668,1357,349,5,Excellent product,2024-10-09
669,1374,360,4,Good product,2024-10-28
670,1391,371,2,Product quality could be better,2024-11-16
671,1408,382,5,Excellent product,2024-12-05
672,1425,393,3,Average product,2024-12-24
673,1442,404,5,Excellent product,2025-01-12
674,1459,415,5,Excellent product,2025-01-31
675,1476,426,4,Good product,2025-02-19
676,1493,437,5,Excellent product,2025-03-10
677,1510,448,5,Excellent product,2025-03-29
678,1527,459,4,Good product,2025-04-17
679,1544,470,3,Average product,2025-05-06
680,1561,481,1,Very poor experience,2025-05-25
681,1578,492,4,Good product,2025-06-13
682,1595,3,5,Excellent product,2025-07-02
683,1612,14,5,Excellent product,2025-07-21
684,1629,25,4,Good product,2025-08-09
685,1646,36,5,Excellent product,2025-08-28
686,1663,47,3,Average product,2025-09-16
687,1680,58,4,Good product,2025-10-05
688,1697,69,5,Excellent product,2025-10-24
689,1714,80,5,Excellent product,2025-11-12
690,1731,91,2,Product quality could be better,2025-12-01
691,1748,102,5,Excellent product,2025-12-20
692,1765,113,5,Excellent product,2022-01-09
693,1782,124,3,Average product,2022-01-28
694,1799,135,5,Excellent product,2022-02-16
695,1816,146,5,Excellent product,2022-03-07
696,1833,157,4,Good product,2022-03-26
697,1850,168,5,Excellent product,2022-04-14
698,1867,179,5,Excellent product,2022-05-03
699,1884,190,4,Good product,2022-05-22
700,1901,201,1,Very poor experience,2022-06-10
701,1918,212,5,Excellent product,2022-06-29
702,1935,223,4,Good product,2022-07-18
703,1952,234,5,Excellent product,2022-08-06
704,1969,245,5,Excellent product,2022-08-25
705,1986,256,4,Good product,2022-09-13
706,3,267,5,Excellent product,2022-10-02
707,20,278,3,Average product,2022-10-21
708,37,289,4,Good product,2022-11-09
709,54,300,5,Excellent product,2022-11-28
710,71,311,2,Product quality could be better,2022-12-17
711,88,322,4,Good product,2023-01-05
712,105,333,5,Excellent product,2023-01-24
713,122,344,5,Excellent product,2023-02-12
714,139,355,3,Average product,2023-03-03
715,156,366,5,Excellent product,2023-03-22
716,173,377,5,Excellent product,2023-04-10
717,190,388,4,Good product,2023-04-29
718,207,399,5,Excellent product,2023-05-18
719,224,410,5,Excellent product,2023-06-06
720,241,421,1,Very poor experience,2023-06-25
721,258,432,3,Average product,2023-07-14
722,275,443,5,Excellent product,2023-08-02
723,292,454,4,Good product,2023-08-21
724,309,465,5,Excellent product,2023-09-09
725,326,476,5,Excellent product,2023-09-28
726,343,487,4,Good product,2023-10-17
727,360,498,5,Excellent product,2023-11-05
728,377,9,3,Average product,2023-11-24
729,394,20,4,Good product,2023-12-13
730,411,31,2,Product quality could be better,2024-01-01
731,428,42,5,Excellent product,2024-01-20
732,445,53,4,Good product,2024-02-08
733,462,64,5,Excellent product,2024-02-27
734,479,75,5,Excellent product,2024-03-17
735,496,86,3,Average product,2024-04-05
736,513,97,5,Excellent product,2024-04-24
737,530,108,5,Excellent product,2024-05-13
738,547,119,4,Good product,2024-06-01
739,564,130,5,Excellent product,2024-06-20
740,581,141,1,Very poor experience,2024-07-09
741,598,152,4,Good product,2024-07-28
742,615,163,3,Average product,2024-08-16
743,632,174,5,Excellent product,2024-09-04
744,649,185,4,Good product,2024-09-23
745,666,196,5,Excellent product,2024-10-12
746,683,207,5,Excellent product,2024-10-31
747,700,218,4,Good product,2024-11-19
748,717,229,5,Excellent product,2024-12-08
749,734,240,3,Average product,2024-12-27
750,751,251,2,Product quality could be better,2025-01-15
751,768,262,5,Excellent product,2025-02-03
752,785,273,5,Excellent product,2025-02-22
753,802,284,4,Good product,2025-03-13
754,819,295,5,Excellent product,2025-04-01
755,836,306,5,Excellent product,2025-04-20
756,853,317,3,Average product,2025-05-09
757,870,328,5,Excellent product,2025-05-28
758,887,339,5,Excellent product,2025-06-16
759,904,350,4,Good product,2025-07-05
760,921,361,1,Very poor experience,2025-07-24
761,938,372,5,Excellent product,2025-08-12
762,955,383,4,Good product,2025-08-31
763,972,394,3,Average product,2025-09-19
764,989,405,5,Excellent product,2025-10-08
765,1006,416,4,Good product,2025-10-27
766,1023,427,5,Excellent product,2025-11-15
767,1040,438,5,Excellent product,2025-12-04
768,1057,449,4,Good product,2025-12-23
769,1074,460,5,Excellent product,2022-01-12
770,1091,471,2,Product quality could be better,2022-01-31
771,1108,482,4,Good product,2022-02-19
772,1125,493,5,Excellent product,2022-03-10
773,1142,4,5,Excellent product,2022-03-29
774,1159,15,4,Good product,2022-04-17
775,1176,26,5,Excellent product,2022-05-06
776,1193,37,5,Excellent product,2022-05-25
777,1210,48,3,Average product,2022-06-13
778,1227,59,5,Excellent product,2022-07-02
779,1244,70,5,Excellent product,2022-07-21
780,1261,81,1,Very poor experience,2022-08-09
781,1278,92,5,Excellent product,2022-08-28
782,1295,103,5,Excellent product,2022-09-16
783,1312,114,4,Good product,2022-10-05
784,1329,125,3,Average product,2022-10-24
785,1346,136,5,Excellent product,2022-11-12
786,1363,147,4,Good product,2022-12-01
787,1380,158,5,Excellent product,2022-12-20
788,1397,169,5,Excellent product,2023-01-08
789,1414,180,4,Good product,2023-01-27
790,1431,191,2,Product quality could be better,2023-02-15
791,1448,202,3,Average product,2023-03-06
792,1465,213,4,Good product,2023-03-25
793,1482,224,5,Excellent product,2023-04-13
794,1499,235,5,Excellent product,2023-05-02
795,1516,246,4,Good product,2023-05-21
796,1533,257,5,Excellent product,2023-06-09
797,1550,268,5,Excellent product,2023-06-28
798,1567,279,3,Average product,2023-07-17
799,1584,290,5,Excellent product,2023-08-05
800,1601,301,1,Very poor experience,2023-08-24
801,1618,312,4,Good product,2023-09-12
802,1635,323,5,Excellent product,2023-10-01
803,1652,334,5,Excellent product,2023-10-20
804,1669,345,4,Good product,2023-11-08
805,1686,356,3,Average product,2023-11-27
806,1703,367,5,Excellent product,2023-12-16
807,1720,378,4,Good product,2024-01-04
808,1737,389,5,Excellent product,2024-01-23
809,1754,400,5,Excellent product,2024-02-11
810,1771,411,2,Product quality could be better,2024-03-01
811,1788,422,5,Excellent product,2024-03-20
812,1805,433,3,Average product,2024-04-08
813,1822,444,4,Good product,2024-04-27
814,1839,455,5,Excellent product,2024-05-16
815,1856,466,5,Excellent product,2024-06-04
816,1873,477,4,Good product,2024-06-23
817,1890,488,5,Excellent product,2024-07-12
818,1907,499,5,Excellent product,2024-07-31
819,1924,10,3,Average product,2024-08-19
820,1941,21,1,Very poor experience,2024-09-07
821,1958,32,5,Excellent product,2024-09-26
822,1975,43,4,Good product,2024-10-15
823,1992,54,5,Excellent product,2024-11-03
824,9,65,5,Excellent product,2024-11-22
825,26,76,4,Good product,2024-12-11
826,43,87,3,Average product,2024-12-30
827,60,98,5,Excellent product,2025-01-18
828,77,109,4,Good product,2025-02-06
829,94,120,5,Excellent product,2025-02-25
830,111,131,2,Product quality could be better,2025-03-16
831,128,142,4,Good product,2025-04-04
832,145,153,5,Excellent product,2025-04-23
833,162,164,3,Average product,2025-05-12
834,179,175,4,Good product,2025-05-31
835,196,186,5,Excellent product,2025-06-19
836,213,197,5,Excellent product,2025-07-08
837,230,208,4,Good product,2025-07-27
838,247,219,5,Excellent product,2025-08-15
839,264,230,5,Excellent product,2025-09-03
840,281,241,1,Very poor experience,2025-09-22
841,298,252,5,Excellent product,2025-10-11
842,315,263,5,Excellent product,2025-10-30
843,332,274,4,Good product,2025-11-18
844,349,285,5,Excellent product,2025-12-07
845,366,296,5,Excellent product,2025-12-26
846,383,307,4,Good product,2022-01-15
847,400,318,3,Average product,2022-02-03
848,417,329,5,Excellent product,2022-02-22
849,434,340,4,Good product,2022-03-13
850,451,351,2,Product quality could be better,2022-04-01
851,468,362,5,Excellent product,2022-04-20
852,485,373,4,Good product,2022-05-09
853,502,384,5,Excellent product,2022-05-28
854,519,395,3,Average product,2022-06-16
855,536,406,4,Good product,2022-07-05
856,553,417,5,Excellent product,2022-07-24
857,570,428,5,Excellent product,2022-08-12
858,587,439,4,Good product,2022-08-31
859,604,450,5,Excellent product,2022-09-19
860,621,461,1,Very poor experience,2022-10-08
861,638,472,3,Average product,2022-10-27
862,655,483,5,Excellent product,2022-11-15
863,672,494,5,Excellent product,2022-12-04
864,689,5,4,Good product,2022-12-23
865,706,16,5,Excellent product,2023-01-11
866,723,27,5,Excellent product,2023-01-30
867,740,38,4,Good product,2023-02-18
868,757,49,3,Average product,2023-03-09
869,774,60,5,Excellent product,2023-03-28
870,791,71,2,Product quality could be better,2023-04-16
871,808,82,5,Excellent product,2023-05-05
872,825,93,5,Excellent product,2023-05-24
873,842,104,4,Good product,2023-06-12
874,859,115,5,Excellent product,2023-07-01
875,876,126,3,Average product,2023-07-20
876,893,137,4,Good product,2023-08-08
877,910,148,5,Excellent product,2023-08-27
878,927,159,5,Excellent product,2023-09-15
879,944,170,4,Good product,2023-10-04
880,961,181,1,Very poor experience,2023-10-23
881,978,192,5,Excellent product,2023-11-11
882,995,203,3,Average product,2023-11-30
883,1012,214,5,Excellent product,2023-12-19
884,1029,225,5,Excellent product,2024-01-07
885,1046,236,4,Good product,2024-01-26
886,1063,247,5,Excellent product,2024-02-14
887,1080,258,5,Excellent product,2024-03-04
888,1097,269,4,Good product,2024-03-23
889,1114,280,3,Average product,2024-04-11
890,1131,291,2,Product quality could be better,2024-04-30
891,1148,302,4,Good product,2024-05-19
892,1165,313,5,Excellent product,2024-06-07
893,1182,324,5,Excellent product,2024-06-26
894,1199,335,4,Good product,2024-07-15
895,1216,346,5,Excellent product,2024-08-03
896,1233,357,3,Average product,2024-08-22
897,1250,368,4,Good product,2024-09-10
898,1267,379,5,Excellent product,2024-09-29
899,1284,390,5,Excellent product,2024-10-18
900,1301,401,1,Very poor experience,2024-11-06
901,1318,412,5,Excellent product,2024-11-25
902,1335,423,5,Excellent product,2024-12-14
903,1352,434,3,Average product,2025-01-02
904,1369,445,5,Excellent product,2025-01-21
905,1386,456,5,Excellent product,2025-02-09
906,1403,467,4,Good product,2025-02-28
907,1420,478,5,Excellent product,2025-03-19
908,1437,489,5,Excellent product,2025-04-07
909,1454,500,4,Good product,2025-04-26
910,1471,11,2,Product quality could be better,2025-05-15
911,1488,22,5,Excellent product,2025-06-03
912,1505,33,4,Good product,2025-06-22
913,1522,44,5,Excellent product,2025-07-11
914,1539,55,5,Excellent product,2025-07-30
915,1556,66,4,Good product,2025-08-18
916,1573,77,5,Excellent product,2025-09-06
917,1590,88,3,Average product,2025-09-25
918,1607,99,4,Good product,2025-10-14
919,1624,110,5,Excellent product,2025-11-02
920,1641,121,1,Very poor experience,2025-11-21
921,1658,132,4,Good product,2025-12-10
922,1675,143,5,Excellent product,2025-12-29
923,1692,154,5,Excellent product,2022-01-18
924,1709,165,3,Average product,2022-02-06
925,1726,176,5,Excellent product,2022-02-25
926,1743,187,5,Excellent product,2022-03-16
927,1760,198,4,Good product,2022-04-04
928,1777,209,5,Excellent product,2022-04-23
929,1794,220,5,Excellent product,2022-05-12
930,1811,231,2,Product quality could be better,2022-05-31
931,1828,242,3,Average product,2022-06-19
932,1845,253,5,Excellent product,2022-07-08
933,1862,264,4,Good product,2022-07-27
934,1879,275,5,Excellent product,2022-08-15
935,1896,286,5,Excellent product,2022-09-03
936,1913,297,4,Good product,2022-09-22
937,1930,308,5,Excellent product,2022-10-11
938,1947,319,3,Average product,2022-10-30
939,1964,330,4,Good product,2022-11-18
940,1981,341,1,Very poor experience,2022-12-07
941,1998,352,5,Excellent product,2022-12-26
942,15,363,4,Good product,2023-01-14
943,32,374,5,Excellent product,2023-02-02
944,49,385,5,Excellent product,2023-02-21
945,66,396,3,Average product,2023-03-12
946,83,407,5,Excellent product,2023-03-31
947,100,418,5,Excellent product,2023-04-19
948,117,429,4,Good product,2023-05-08
949,134,440,5,Excellent product,2023-05-27
950,151,451,2,Product quality could be better,2023-06-15
951,168,462,4,Good product,2023-07-04
952,185,473,3,Average product,2023-07-23
953,202,484,5,Excellent product,2023-08-11
954,219,495,4,Good product,2023-08-30
955,236,6,5,Excellent product,2023-09-18
956,253,17,5,Excellent product,2023-10-07
957,270,28,4,Good product,2023-10-26
958,287,39,5,Excellent product,2023-11-14
959,304,50,3,Average product,2023-12-03
960,321,61,1,Very poor experience,2023-12-22
961,338,72,5,Excellent product,2024-01-10
962,355,83,5,Excellent product,2024-01-29
963,372,94,4,Good product,2024-02-17
964,389,105,5,Excellent product,2024-03-07
965,406,116,5,Excellent product,2024-03-26
966,423,127,3,Average product,2024-04-14
967,440,138,5,Excellent product,2024-05-03
968,457,149,5,Excellent product,2024-05-22
969,474,160,4,Good product,2024-06-10
970,491,171,2,Product quality could be better,2024-06-29
971,508,182,5,Excellent product,2024-07-18
972,525,193,4,Good product,2024-08-06
973,542,204,3,Average product,2024-08-25
974,559,215,5,Excellent product,2024-09-13
975,576,226,4,Good product,2024-10-02
976,593,237,5,Excellent product,2024-10-21
977,610,248,5,Excellent product,2024-11-09
978,627,259,4,Good product,2024-11-28
979,644,270,5,Excellent product,2024-12-17
980,661,281,1,Very poor experience,2025-01-05
981,678,292,4,Good product,2025-01-24
982,695,303,5,Excellent product,2025-02-12
983,712,314,5,Excellent product,2025-03-03
984,729,325,4,Good product,2025-03-22
985,746,336,5,Excellent product,2025-04-10
986,763,347,5,Excellent product,2025-04-29
987,780,358,3,Average product,2025-05-18
988,797,369,5,Excellent product,2025-06-06
989,814,380,5,Excellent product,2025-06-25
990,831,391,2,Product quality could be better,2025-07-14
991,848,402,5,Excellent product,2025-08-02
992,865,413,5,Excellent product,2025-08-21
993,882,424,4,Good product,2025-09-09
994,899,435,3,Average product,2025-09-28
995,916,446,5,Excellent product,2025-10-17
996,933,457,4,Good product,2025-11-05
997,950,468,5,Excellent product,2025-11-24
998,967,479,5,Excellent product,2025-12-13
999,984,490,4,Good product,2022-01-02
1000,1001,1,1,Very poor experience,2022-01-21
1001,1018,12,3,Average product,2022-02-09
1002,1035,23,4,Good product,2022-02-28
1003,1052,34,5,Excellent product,2022-03-19
1004,1069,45,5,Excellent product,2022-04-07
1005,1086,56,4,Good product,2022-04-26
1006,1103,67,5,Excellent product,2022-05-15
1007,1120,78,5,Excellent product,2022-06-03
1008,1137,89,3,Average product,2022-06-22
1009,1154,100,5,Excellent product,2022-07-11
1010,1171,111,2,Product quality could be better,2022-07-30
1011,1188,122,4,Good product,2022-08-18
1012,1205,133,5,Excellent product,2022-09-06
1013,1222,144,5,Excellent product,2022-09-25
1014,1239,155,4,Good product,2022-10-14
1015,1256,166,3,Average product,2022-11-02
1016,1273,177,5,Excellent product,2022-11-21
1017,1290,188,4,Good product,2022-12-10
1018,1307,199,5,Excellent product,2022-12-29
1019,1324,210,5,Excellent product,2023-01-17
1020,1341,221,1,Very poor experience,2023-02-05
1021,1358,232,5,Excellent product,2023-02-24
1022,1375,243,3,Average product,2023-03-15
1023,1392,254,4,Good product,2023-04-03
1024,1409,265,5,Excellent product,2023-04-22
1025,1426,276,5,Excellent product,2023-05-11
1026,1443,287,4,Good product,2023-05-30
1027,1460,298,5,Excellent product,2023-06-18
1028,1477,309,5,Excellent product,2023-07-07
1029,1494,320,3,Average product,2023-07-26
1030,1511,331,2,Product quality could be better,2023-08-14
1031,1528,342,5,Excellent product,2023-09-02
1032,1545,353,4,Good product,2023-09-21
1033,1562,364,5,Excellent product,2023-10-10
1034,1579,375,5,Excellent product,2023-10-29
1035,1596,386,4,Good product,2023-11-17
1036,1613,397,3,Average product,2023-12-06
1037,1630,408,5,Excellent product,2023-12-25
1038,1647,419,4,Good product,2024-01-13
1039,1664,430,5,Excellent product,2024-02-01
1040,1681,441,1,Very poor experience,2024-02-20
1041,1698,452,4,Good product,2024-03-10
1042,1715,463,5,Excellent product,2024-03-29
1043,1732,474,3,Average product,2024-04-17
1044,1749,485,4,Good product,2024-05-06
1045,1766,496,5,Excellent product,2024-05-25
1046,1783,7,5,Excellent product,2024-06-13
1047,1800,18,4,Good product,2024-07-02
1048,1817,29,5,Excellent product,2024-07-21
1049,1834,40,5,Excellent product,2024-08-09
1050,1851,51,2,Product quality could be better,2024-08-28
1051,1868,62,5,Excellent product,2024-09-16
1052,1885,73,5,Excellent product,2024-10-05
1053,1902,84,4,Good product,2024-10-24
1054,1919,95,5,Excellent product,2024-11-12
1055,1936,106,5,Excellent product,2024-12-01
1056,1953,117,4,Good product,2024-12-20
1057,1970,128,3,Average product,2025-01-08
1058,1987,139,5,Excellent product,2025-01-27
1059,4,150,4,Good product,2025-02-15
1060,21,161,1,Very poor experience,2025-03-06
1061,38,172,5,Excellent product,2025-03-25
1062,55,183,4,Good product,2025-04-13
1063,72,194,5,Excellent product,2025-05-02
1064,89,205,3,Average product,2025-05-21
1065,106,216,4,Good product,2025-06-09
1066,123,227,5,Excellent product,2025-06-28
1067,140,238,5,Excellent product,2025-07-17
1068,157,249,4,Good product,2025-08-05
1069,174,260,5,Excellent product,2025-08-24
1070,191,271,2,Product quality could be better,2025-09-12
1071,208,282,3,Average product,2025-10-01
1072,225,293,5,Excellent product,2025-10-20
1073,242,304,5,Excellent product,2025-11-08
1074,259,315,4,Good product,2025-11-27
1075,276,326,5,Excellent product,2025-12-16
1076,293,337,5,Excellent product,2022-01-05
1077,310,348,4,Good product,2022-01-24
1078,327,359,3,Average product,2022-02-12
1079,344,370,5,Excellent product,2022-03-03
1080,361,381,1,Very poor experience,2022-03-22
1081,378,392,5,Excellent product,2022-04-10
1082,395,403,5,Excellent product,2022-04-29
1083,412,414,4,Good product,2022-05-18
1084,429,425,5,Excellent product,2022-06-06
1085,446,436,3,Average product,2022-06-25
1086,463,447,4,Good product,2022-07-14
1087,480,458,5,Excellent product,2022-08-02
1088,497,469,5,Excellent product,2022-08-21
1089,514,480,4,Good product,2022-09-09
1090,531,491,2,Product quality could be better,2022-09-28
1091,548,2,5,Excellent product,2022-10-17
1092,565,13,3,Average product,2022-11-05
1093,582,24,5,Excellent product,2022-11-24
1094,599,35,5,Excellent product,2022-12-13
1095,616,46,4,Good product,2023-01-01
1096,633,57,5,Excellent product,2023-01-20
1097,650,68,5,Excellent product,2023-02-08
1098,667,79,4,Good product,2023-02-27
1099,684,90,3,Average product,2023-03-18
1100,701,101,1,Very poor experience,2023-04-06
1101,718,112,4,Good product,2023-04-25
1102,735,123,5,Excellent product,2023-05-14
1103,752,134,5,Excellent product,2023-06-02
1104,769,145,4,Good product,2023-06-21
1105,786,156,5,Excellent product,2023-07-10
1106,803,167,3,Average product,2023-07-29
1107,820,178,4,Good product,2023-08-17
1108,837,189,5,Excellent product,2023-09-05
1109,854,200,5,Excellent product,2023-09-24
1110,871,211,2,Product quality could be better,2023-10-13
1111,888,222,5,Excellent product,2023-11-01
1112,905,233,5,Excellent product,2023-11-20
1113,922,244,3,Average product,2023-12-09
1114,939,255,5,Excellent product,2023-12-28
1115,956,266,5,Excellent product,2024-01-16
1116,973,277,4,Good product,2024-02-04
1117,990,288,5,Excellent product,2024-02-23
1118,1007,299,5,Excellent product,2024-03-13
1119,1024,310,4,Good product,2024-04-01
1120,1041,321,1,Very poor experience,2024-04-20
1121,1058,332,5,Excellent product,2024-05-09
1122,1075,343,4,Good product,2024-05-28
1123,1092,354,5,Excellent product,2024-06-16
1124,1109,365,5,Excellent product,2024-07-05
1125,1126,376,4,Good product,2024-07-24
1126,1143,387,5,Excellent product,2024-08-12
1127,1160,398,3,Average product,2024-08-31
1128,1177,409,4,Good product,2024-09-19
1129,1194,420,5,Excellent product,2024-10-08
1130,1211,431,2,Product quality could be better,2024-10-27
1131,1228,442,4,Good product,2024-11-15
1132,1245,453,5,Excellent product,2024-12-04
1133,1262,464,5,Excellent product,2024-12-23
1134,1279,475,3,Average product,2025-01-11
1135,1296,486,5,Excellent product,2025-01-30
1136,1313,497,5,Excellent product,2025-02-18
1137,1330,8,4,Good product,2025-03-09
1138,1347,19,5,Excellent product,2025-03-28
1139,1364,30,5,Excellent product,2025-04-16
1140,1381,41,1,Very poor experience,2025-05-05
1141,1398,52,3,Average product,2025-05-24
1142,1415,63,5,Excellent product,2025-06-12
1143,1432,74,4,Good product,2025-07-01
1144,1449,85,5,Excellent product,2025-07-20
1145,1466,96,5,Excellent product,2025-08-08
1146,1483,107,4,Good product,2025-08-27
1147,1500,118,5,Excellent product,2025-09-15
1148,1517,129,3,Average product,2025-10-04
1149,1534,140,4,Good product,2025-10-23
1150,1551,151,2,Product quality could be better,2025-11-11
1151,1568,162,5,Excellent product,2025-11-30
1152,1585,173,4,Good product,2025-12-19
1153,1602,184,5,Excellent product,2022-01-08
1154,1619,195,5,Excellent product,2022-01-27
1155,1636,206,3,Average product,2022-02-15
1156,1653,217,5,Excellent product,2022-03-06
1157,1670,228,5,Excellent product,2022-03-25
1158,1687,239,4,Good product,2022-04-13
1159,1704,250,5,Excellent product,2022-05-02
1160,1721,261,1,Very poor experience,2022-05-21
1161,1738,272,4,Good product,2022-06-09
1162,1755,283,3,Average product,2022-06-28
1163,1772,294,5,Excellent product,2022-07-17
1164,1789,305,4,Good product,2022-08-05
1165,1806,316,5,Excellent product,2022-08-24
1166,1823,327,5,Excellent product,2022-09-12
1167,1840,338,4,Good product,2022-10-01
1168,1857,349,5,Excellent product,2022-10-20
1169,1874,360,3,Average product,2022-11-08
1170,1891,371,2,Product quality could be better,2022-11-27
1171,1908,382,5,Excellent product,2022-12-16
1172,1925,393,5,Excellent product,2023-01-04
1173,1942,404,4,Good product,2023-01-23
1174,1959,415,5,Excellent product,2023-02-11
1175,1976,426,5,Excellent product,2023-03-02
1176,1993,437,3,Average product,2023-03-21
1177,10,448,5,Excellent product,2023-04-09
1178,27,459,5,Excellent product,2023-04-28
1179,44,470,4,Good product,2023-05-17
1180,61,481,1,Very poor experience,2023-06-05
1181,78,492,5,Excellent product,2023-06-24
1182,95,3,4,Good product,2023-07-13
1183,112,14,3,Average product,2023-08-01
1184,129,25,5,Excellent product,2023-08-20
1185,146,36,4,Good product,2023-09-08
1186,163,47,5,Excellent product,2023-09-27
1187,180,58,5,Excellent product,2023-10-16
1188,197,69,4,Good product,2023-11-04
1189,214,80,5,Excellent product,2023-11-23
1190,231,91,2,Product quality could be better,2023-12-12
1191,248,102,4,Good product,2023-12-31
1192,265,113,5,Excellent product,2024-01-19
1193,282,124,5,Excellent product,2024-02-07
1194,299,135,4,Good product,2024-02-26
1195,316,146,5,Excellent product,2024-03-16
1196,333,157,5,Excellent product,2024-04-04
1197,350,168,3,Average product,2024-04-23
1198,367,179,5,Excellent product,2024-05-12
1199,384,190,5,Excellent product,2024-05-31
1200,401,201,1,Very poor experience,2024-06-19
1201,418,212,5,Excellent product,2024-07-08
1202,435,223,5,Excellent product,2024-07-27
1203,452,234,4,Good product,2024-08-15
1204,469,245,3,Average product,2024-09-03
1205,486,256,5,Excellent product,2024-09-22
1206,503,267,4,Good product,2024-10-11
1207,520,278,5,Excellent product,2024-10-30
1208,537,289,5,Excellent product,2024-11-18
1209,554,300,4,Good product,2024-12-07
1210,571,311,2,Product quality could be better,2024-12-26
1211,588,322,3,Average product,2025-01-14
1212,605,333,4,Good product,2025-02-02
1213,622,344,5,Excellent product,2025-02-21
1214,639,355,5,Excellent product,2025-03-12
1215,656,366,4,Good product,2025-03-31
1216,673,377,5,Excellent product,2025-04-19
1217,690,388,5,Excellent product,2025-05-08
1218,707,399,3,Average product,2025-05-27
1219,724,410,5,Excellent product,2025-06-15
1220,741,421,1,Very poor experience,2025-07-04
1221,758,432,4,Good product,2025-07-23
1222,775,443,5,Excellent product,2025-08-11
1223,792,454,5,Excellent product,2025-08-30
1224,809,465,4,Good product,2025-09-18
1225,826,476,3,Average product,2025-10-07
1226,843,487,5,Excellent product,2025-10-26
1227,860,498,4,Good product,2025-11-14
1228,877,9,5,Excellent product,2025-12-03
1229,894,20,5,Excellent product,2025-12-22
1230,911,31,2,Product quality could be better,2022-01-11
1231,928,42,5,Excellent product,2022-01-30
1232,945,53,3,Average product,2022-02-18
1233,962,64,4,Good product,2022-03-09
1234,979,75,5,Excellent product,2022-03-28
1235,996,86,5,Excellent product,2022-04-16
1236,1013,97,4,Good product,2022-05-05
1237,1030,108,5,Excellent product,2022-05-24
1238,1047,119,5,Excellent product,2022-06-12
1239,1064,130,3,Average product,2022-07-01
1240,1081,141,1,Very poor experience,2022-07-20
1241,1098,152,5,Excellent product,2022-08-08
1242,1115,163,4,Good product,2022-08-27
1243,1132,174,5,Excellent product,2022-09-15
1244,1149,185,5,Excellent product,2022-10-04
1245,1166,196,4,Good product,2022-10-23
1246,1183,207,3,Average product,2022-11-11
1247,1200,218,5,Excellent product,2022-11-30
1248,1217,229,4,Good product,2022-12-19
1249,1234,240,5,Excellent product,2023-01-07
1250,1251,251,2,Product quality could be better,2023-01-26
1251,1268,262,4,Good product,2023-02-14
1252,1285,273,5,Excellent product,2023-03-05
1253,1302,284,3,Average product,2023-03-24
1254,1319,295,4,Good product,2023-04-12
1255,1336,306,5,Excellent product,2023-05-01
1256,1353,317,5,Excellent product,2023-05-20
1257,1370,328,4,Good product,2023-06-08
1258,1387,339,5,Excellent product,2023-06-27
1259,1404,350,5,Excellent product,2023-07-16
1260,1421,361,1,Very poor experience,2023-08-04
1261,1438,372,5,Excellent product,2023-08-23
1262,1455,383,5,Excellent product,2023-09-11
1263,1472,394,4,Good product,2023-09-30
1264,1489,405,5,Excellent product,2023-10-19
1265,1506,416,5,Excellent product,2023-11-07
1266,1523,427,4,Good product,2023-11-26
1267,1540,438,3,Average product,2023-12-15
1268,1557,449,5,Excellent product,2024-01-03
1269,1574,460,4,Good product,2024-01-22
1270,1591,471,2,Product quality could be better,2024-02-10
1271,1608,482,5,Excellent product,2024-02-29
1272,1625,493,4,Good product,2024-03-19
1273,1642,4,5,Excellent product,2024-04-07
1274,1659,15,3,Average product,2024-04-26
1275,1676,26,4,Good product,2024-05-15
1276,1693,37,5,Excellent product,2024-06-03
1277,1710,48,5,Excellent product,2024-06-22
1278,1727,59,4,Good product,2024-07-11
1279,1744,70,5,Excellent product,2024-07-30
1280,1761,81,1,Very poor experience,2024-08-18
1281,1778,92,3,Average product,2024-09-06
1282,1795,103,5,Excellent product,2024-09-25
1283,1812,114,5,Excellent product,2024-10-14
1284,1829,125,4,Good product,2024-11-02
1285,1846,136,5,Excellent product,2024-11-21
1286,1863,147,5,Excellent product,2024-12-10
1287,1880,158,4,Good product,2024-12-29
1288,1897,169,3,Average product,2025-01-17
1289,1914,180,5,Excellent product,2025-02-05
1290,1931,191,2,Product quality could be better,2025-02-24
1291,1948,202,5,Excellent product,2025-03-15
1292,1965,213,5,Excellent product,2025-04-03
1293,1982,224,4,Good product,2025-04-22
1294,1999,235,5,Excellent product,2025-05-11
1295,16,246,3,Average product,2025-05-30
1296,33,257,4,Good product,2025-06-18
1297,50,268,5,Excellent product,2025-07-07
1298,67,279,5,Excellent product,2025-07-26
1299,84,290,4,Good product,2025-08-14
1300,101,301,1,Very poor experience,2025-09-02
1301,118,312,5,Excellent product,2025-09-21
1302,135,323,3,Average product,2025-10-10
1303,152,334,5,Excellent product,2025-10-29
1304,169,345,5,Excellent product,2025-11-17
1305,186,356,4,Good product,2025-12-06
1306,203,367,5,Excellent product,2025-12-25
1307,220,378,5,Excellent product,2022-01-14
1308,237,389,4,Good product,2022-02-02
1309,254,400,3,Average product,2022-02-21
1310,271,411,2,Product quality could be better,2022-03-12
1311,288,422,4,Good product,2022-03-31
1312,305,433,5,Excellent product,2022-04-19
1313,322,444,5,Excellent product,2022-05-08
1314,339,455,4,Good product,2022-05-27
1315,356,466,5,Excellent product,2022-06-15
1316,373,477,3,Average product,2022-07-04
1317,390,488,4,Good product,2022-07-23
1318,407,499,5,Excellent product,2022-08-11
1319,424,10,5,Excellent product,2022-08-30
1320,441,21,1,Very poor experience,2022-09-18
1321,458,32,5,Excellent product,2022-10-07
1322,475,43,5,Excellent product,2022-10-26
1323,492,54,3,Average product,2022-11-14
1324,509,65,5,Excellent product,2022-12-03
1325,526,76,5,Excellent product,2022-12-22
1326,543,87,4,Good product,2023-01-10
1327,560,98,5,Excellent product,2023-01-29
1328,577,109,5,Excellent product,2023-02-17
1329,594,120,4,Good product,2023-03-08
1330,611,131,2,Product quality could be better,2023-03-27
1331,628,142,5,Excellent product,2023-04-15
1332,645,153,4,Good product,2023-05-04
1333,662,164,5,Excellent product,2023-05-23
1334,679,175,5,Excellent product,2023-06-11
1335,696,186,4,Good product,2023-06-30
1336,713,197,5,Excellent product,2023-07-19
1337,730,208,3,Average product,2023-08-07
1338,747,219,4,Good product,2023-08-26
1339,764,230,5,Excellent product,2023-09-14
1340,781,241,1,Very poor experience,2023-10-03
1341,798,252,4,Good product,2023-10-22
1342,815,263,5,Excellent product,2023-11-10
1343,832,274,5,Excellent product,2023-11-29
1344,849,285,3,Average product,2023-12-18
1345,866,296,5,Excellent product,2024-01-06
1346,883,307,5,Excellent product,2024-01-25
1347,900,318,4,Good product,2024-02-13
1348,917,329,5,Excellent product,2024-03-03
1349,934,340,5,Excellent product,2024-03-22
1350,951,351,2,Product quality could be better,2024-04-10
1351,968,362,3,Average product,2024-04-29
1352,985,373,5,Excellent product,2024-05-18
1353,1002,384,4,Good product,2024-06-06
1354,1019,395,5,Excellent product,2024-06-25
1355,1036,406,5,Excellent product,2024-07-14
1356,1053,417,4,Good product,2024-08-02
1357,1070,428,5,Excellent product,2024-08-21
1358,1087,439,3,Average product,2024-09-09
1359,1104,450,4,Good product,2024-09-28
1360,1121,461,1,Very poor experience,2024-10-17
1361,1138,472,5,Excellent product,2024-11-05
1362,1155,483,4,Good product,2024-11-24
1363,1172,494,5,Excellent product,2024-12-13
1364,1189,5,5,Excellent product,2025-01-01
1365,1206,16,3,Average product,2025-01-20
1366,1223,27,5,Excellent product,2025-02-08
1367,1240,38,5,Excellent product,2025-02-27
1368,1257,49,4,Good product,2025-03-18
1369,1274,60,5,Excellent product,2025-04-06
1370,1291,71,2,Product quality could be better,2025-04-25
1371,1308,82,4,Good product,2025-05-14
1372,1325,93,3,Average product,2025-06-02
1373,1342,104,5,Excellent product,2025-06-21
1374,1359,115,4,Good product,2025-07-10
1375,1376,126,5,Excellent product,2025-07-29
1376,1393,137,5,Excellent product,2025-08-17
1377,1410,148,4,Good product,2025-09-05
1378,1427,159,5,Excellent product,2025-09-24
1379,1444,170,3,Average product,2025-10-13
1380,1461,181,1,Very poor experience,2025-11-01
1381,1478,192,5,Excellent product,2025-11-20
1382,1495,203,5,Excellent product,2025-12-09
1383,1512,214,4,Good product,2025-12-28
1384,1529,225,5,Excellent product,2022-01-17
1385,1546,236,5,Excellent product,2022-02-05
1386,1563,247,3,Average product,2022-02-24
1387,1580,258,5,Excellent product,2022-03-15
1388,1597,269,5,Excellent product,2022-04-03
1389,1614,280,4,Good product,2022-04-22
1390,1631,291,2,Product quality could be better,2022-05-11
1391,1648,302,5,Excellent product,2022-05-30
1392,1665,313,4,Good product,2022-06-18
1393,1682,324,3,Average product,2022-07-07
1394,1699,335,5,Excellent product,2022-07-26
1395,1716,346,4,Good product,2022-08-14
1396,1733,357,5,Excellent product,2022-09-02
1397,1750,368,5,Excellent product,2022-09-21
1398,1767,379,4,Good product,2022-10-10
1399,1784,390,5,Excellent product,2022-10-29
1400,1801,401,1,Very poor experience,2022-11-17
1401,1818,412,4,Good product,2022-12-06
1402,1835,423,5,Excellent product,2022-12-25
1403,1852,434,5,Excellent product,2023-01-13
1404,1869,445,4,Good product,2023-02-01
1405,1886,456,5,Excellent product,2023-02-20
1406,1903,467,5,Excellent product,2023-03-11
1407,1920,478,3,Average product,2023-03-30
1408,1937,489,5,Excellent product,2023-04-18
1409,1954,500,5,Excellent product,2023-05-07
1410,1971,11,2,Product quality could be better,2023-05-26
1411,1988,22,5,Excellent product,2023-06-14
1412,5,33,5,Excellent product,2023-07-03
1413,22,44,4,Good product,2023-07-22
1414,39,55,3,Average product,2023-08-10
1415,56,66,5,Excellent product,2023-08-29
1416,73,77,4,Good product,2023-09-17
1417,90,88,5,Excellent product,2023-10-06
1418,107,99,5,Excellent product,2023-10-25
1419,124,110,4,Good product,2023-11-13
1420,141,121,1,Very poor experience,2023-12-02
1421,158,132,3,Average product,2023-12-21
1422,175,143,4,Good product,2024-01-09
1423,192,154,5,Excellent product,2024-01-28
1424,209,165,5,Excellent product,2024-02-16
1425,226,176,4,Good product,2024-03-06
1426,243,187,5,Excellent product,2024-03-25
1427,260,198,5,Excellent product,2024-04-13
1428,277,209,3,Average product,2024-05-02
1429,294,220,5,Excellent product,2024-05-21
1430,311,231,2,Product quality could be better,2024-06-09
1431,328,242,4,Good product,2024-06-28
1432,345,253,5,Excellent product,2024-07-17
1433,362,264,5,Excellent product,2024-08-05
1434,379,275,4,Good product,2024-08-24
1435,396,286,3,Average product,2024-09-12
1436,413,297,5,Excellent product,2024-10-01
1437,430,308,4,Good product,2024-10-20
1438,447,319,5,Excellent product,2024-11-08
1439,464,330,5,Excellent product,2024-11-27
1440,481,341,1,Very poor experience,2024-12-16
1441,498,352,5,Excellent product,2025-01-04
1442,515,363,3,Average product,2025-01-23
1443,532,374,4,Good product,2025-02-11
1444,549,385,5,Excellent product,2025-03-02
1445,566,396,5,Excellent product,2025-03-21
1446,583,407,4,Good product,2025-04-09
1447,600,418,5,Excellent product,2025-04-28
1448,617,429,5,Excellent product,2025-05-17
1449,634,440,3,Average product,2025-06-05
1450,651,451,2,Product quality could be better,2025-06-24
1451,668,462,5,Excellent product,2025-07-13
1452,685,473,4,Good product,2025-08-01
1453,702,484,5,Excellent product,2025-08-20
1454,719,495,5,Excellent product,2025-09-08
1455,736,6,4,Good product,2025-09-27
1456,753,17,3,Average product,2025-10-16
1457,770,28,5,Excellent product,2025-11-04
1458,787,39,4,Good product,2025-11-23
1459,804,50,5,Excellent product,2025-12-12
1460,821,61,1,Very poor experience,2022-01-01
1461,838,72,4,Good product,2022-01-20
1462,855,83,5,Excellent product,2022-02-08
1463,872,94,3,Average product,2022-02-27
1464,889,105,4,Good product,2022-03-18
1465,906,116,5,Excellent product,2022-04-06
1466,923,127,5,Excellent product,2022-04-25
1467,940,138,4,Good product,2022-05-14
1468,957,149,5,Excellent product,2022-06-02
1469,974,160,5,Excellent product,2022-06-21
1470,991,171,2,Product quality could be better,2022-07-10
1471,1008,182,5,Excellent product,2022-07-29
1472,1025,193,5,Excellent product,2022-08-17
1473,1042,204,4,Good product,2022-09-05
1474,1059,215,5,Excellent product,2022-09-24
1475,1076,226,5,Excellent product,2022-10-13
1476,1093,237,4,Good product,2022-11-01
1477,1110,248,3,Average product,2022-11-20
1478,1127,259,5,Excellent product,2022-12-09
1479,1144,270,4,Good product,2022-12-28
1480,1161,281,1,Very poor experience,2023-01-16
1481,1178,292,5,Excellent product,2023-02-04
1482,1195,303,4,Good product,2023-02-23
1483,1212,314,5,Excellent product,2023-03-14
1484,1229,325,3,Average product,2023-04-02
1485,1246,336,4,Good product,2023-04-21
1486,1263,347,5,Excellent product,2023-05-10
1487,1280,358,5,Excellent product,2023-05-29
1488,1297,369,4,Good product,2023-06-17
1489,1314,380,5,Excellent product,2023-07-06
1490,1331,391,2,Product quality could be better,2023-07-25
1491,1348,402,3,Average product,2023-08-13
1492,1365,413,5,Excellent product,2023-09-01
1493,1382,424,5,Excellent product,2023-09-20
1494,1399,435,4,Good product,2023-10-09
1495,1416,446,5,Excellent product,2023-10-28
1496,1433,457,5,Excellent product,2023-11-16
1497,1450,468,4,Good product,2023-12-05
1498,1467,479,3,Average product,2023-12-24
1499,1484,490,5,Excellent product,2024-01-12
1500,1501,1,1,Very poor experience,2024-01-31
1501,1518,12,5,Excellent product,2024-02-19
1502,1535,23,5,Excellent product,2024-03-09
1503,1552,34,4,Good product,2024-03-28
1504,1569,45,5,Excellent product,2024-04-16
1505,1586,56,3,Average product,2024-05-05
1506,1603,67,4,Good product,2024-05-24
1507,1620,78,5,Excellent product,2024-06-12
1508,1637,89,5,Excellent product,2024-07-01
1509,1654,100,4,Good product,2024-07-20
1510,1671,111,2,Product quality could be better,2024-08-08
1511,1688,122,5,Excellent product,2024-08-27
1512,1705,133,3,Average product,2024-09-15
1513,1722,144,5,Excellent product,2024-10-04
1514,1739,155,5,Excellent product,2024-10-23
1515,1756,166,4,Good product,2024-11-11
1516,1773,177,5,Excellent product,2024-11-30
1517,1790,188,5,Excellent product,2024-12-19
1518,1807,199,4,Good product,2025-01-07
1519,1824,210,3,Average product,2025-01-26
1520,1841,221,1,Very poor experience,2025-02-14
1521,1858,232,4,Good product,2025-03-05
1522,1875,243,5,Excellent product,2025-03-24
1523,1892,254,5,Excellent product,2025-04-12
1524,1909,265,4,Good product,2025-05-01
1525,1926,276,5,Excellent product,2025-05-20
1526,1943,287,3,Average product,2025-06-08
1527,1960,298,4,Good product,2025-06-27
1528,1977,309,5,Excellent product,2025-07-16
1529,1994,320,5,Excellent product,2025-08-04
1530,11,331,2,Product quality could be better,2025-08-23
1531,28,342,5,Excellent product,2025-09-11
1532,45,353,5,Excellent product,2025-09-30
1533,62,364,3,Average product,2025-10-19
1534,79,375,5,Excellent product,2025-11-07
1535,96,386,5,Excellent product,2025-11-26
1536,113,397,4,Good product,2025-12-15
1537,130,408,5,Excellent product,2022-01-04
1538,147,419,5,Excellent product,2022-01-23
1539,164,430,4,Good product,2022-02-11
1540,181,441,1,Very poor experience,2022-03-02
1541,198,452,5,Excellent product,2022-03-21
1542,215,463,4,Good product,2022-04-09
1543,232,474,5,Excellent product,2022-04-28
1544,249,485,5,Excellent product,2022-05-17
1545,266,496,4,Good product,2022-06-05
1546,283,7,5,Excellent product,2022-06-24
1547,300,18,3,Average product,2022-07-13
1548,317,29,4,Good product,2022-08-01
1549,334,40,5,Excellent product,2022-08-20
1550,351,51,2,Product quality could be better,2022-09-08
1551,368,62,4,Good product,2022-09-27
1552,385,73,5,Excellent product,2022-10-16
1553,402,84,5,Excellent product,2022-11-04
1554,419,95,3,Average product,2022-11-23
1555,436,106,5,Excellent product,2022-12-12
1556,453,117,5,Excellent product,2022-12-31
1557,470,128,4,Good product,2023-01-19
1558,487,139,5,Excellent product,2023-02-07
1559,504,150,5,Excellent product,2023-02-26
1560,521,161,1,Very poor experience,2023-03-17
1561,538,172,3,Average product,2023-04-05
1562,555,183,5,Excellent product,2023-04-24
1563,572,194,4,Good product,2023-05-13
1564,589,205,5,Excellent product,2023-06-01
1565,606,216,5,Excellent product,2023-06-20
1566,623,227,4,Good product,2023-07-09
1567,640,238,5,Excellent product,2023-07-28
1568,657,249,3,Average product,2023-08-16
1569,674,260,4,Good product,2023-09-04
1570,691,271,2,Product quality could be better,2023-09-23
1571,708,282,5,Excellent product,2023-10-12
1572,725,293,4,Good product,2023-10-31
1573,742,304,5,Excellent product,2023-11-19
1574,759,315,5,Excellent product,2023-12-08
1575,776,326,3,Average product,2023-12-27
1576,793,337,5,Excellent product,2024-01-15
1577,810,348,5,Excellent product,2024-02-03
1578,827,359,4,Good product,2024-02-22
1579,844,370,5,Excellent product,2024-03-12
1580,861,381,1,Very poor experience,2024-03-31
1581,878,392,4,Good product,2024-04-19
1582,895,403,3,Average product,2024-05-08
1583,912,414,5,Excellent product,2024-05-27
1584,929,425,4,Good product,2024-06-15
1585,946,436,5,Excellent product,2024-07-04
1586,963,447,5,Excellent product,2024-07-23
1587,980,458,4,Good product,2024-08-11
1588,997,469,5,Excellent product,2024-08-30
1589,1014,480,3,Average product,2024-09-18
1590,1031,491,2,Product quality could be better,2024-10-07
1591,1048,2,5,Excellent product,2024-10-26
1592,1065,13,5,Excellent product,2024-11-14
1593,1082,24,4,Good product,2024-12-03
1594,1099,35,5,Excellent product,2024-12-22
1595,1116,46,5,Excellent product,2025-01-10
1596,1133,57,3,Average product,2025-01-29
1597,1150,68,5,Excellent product,2025-02-17
1598,1167,79,5,Excellent product,2025-03-08
1599,1184,90,4,Good product,2025-03-27
1600,1201,101,1,Very poor experience,2025-04-15
1601,1218,112,5,Excellent product,2025-05-04
1602,1235,123,4,Good product,2025-05-23
1603,1252,134,3,Average product,2025-06-11
1604,1269,145,5,Excellent product,2025-06-30
1605,1286,156,4,Good product,2025-07-19
1606,1303,167,5,Excellent product,2025-08-07
1607,1320,178,5,Excellent product,2025-08-26
1608,1337,189,4,Good product,2025-09-14
1609,1354,200,5,Excellent product,2025-10-03
1610,1371,211,2,Product quality could be better,2025-10-22
1611,1388,222,4,Good product,2025-11-10
1612,1405,233,5,Excellent product,2025-11-29
1613,1422,244,5,Excellent product,2025-12-18
1614,1439,255,4,Good product,2022-01-07
1615,1456,266,5,Excellent product,2022-01-26
1616,1473,277,5,Excellent product,2022-02-14
1617,1490,288,3,Average product,2022-03-05
1618,1507,299,5,Excellent product,2022-03-24
1619,1524,310,5,Excellent product,2022-04-12
1620,1541,321,1,Very poor experience,2022-05-01
1621,1558,332,5,Excellent product,2022-05-20
1622,1575,343,5,Excellent product,2022-06-08
1623,1592,354,4,Good product,2022-06-27
1624,1609,365,3,Average product,2022-07-16
1625,1626,376,5,Excellent product,2022-08-04
1626,1643,387,4,Good product,2022-08-23
1627,1660,398,5,Excellent product,2022-09-11
1628,1677,409,5,Excellent product,2022-09-30
1629,1694,420,4,Good product,2022-10-19
1630,1711,431,2,Product quality could be better,2022-11-07
1631,1728,442,3,Average product,2022-11-26
1632,1745,453,4,Good product,2022-12-15
1633,1762,464,5,Excellent product,2023-01-03
1634,1779,475,5,Excellent product,2023-01-22
1635,1796,486,4,Good product,2023-02-10
1636,1813,497,5,Excellent product,2023-03-01
1637,1830,8,5,Excellent product,2023-03-20
1638,1847,19,3,Average product,2023-04-08
1639,1864,30,5,Excellent product,2023-04-27
1640,1881,41,1,Very poor experience,2023-05-16
1641,1898,52,4,Good product,2023-06-04
1642,1915,63,5,Excellent product,2023-06-23
1643,1932,74,5,Excellent product,2023-07-12
1644,1949,85,4,Good product,2023-07-31
1645,1966,96,3,Average product,2023-08-19
1646,1983,107,5,Excellent product,2023-09-07
1647,2000,118,4,Good product,2023-09-26
1648,17,129,5,Excellent product,2023-10-15
1649,34,140,5,Excellent product,2023-11-03
1650,51,151,2,Product quality could be better,2023-11-22
1651,68,162,5,Excellent product,2023-12-11
1652,85,173,3,Average product,2023-12-30
1653,102,184,4,Good product,2024-01-18
1654,119,195,5,Excellent product,2024-02-06
1655,136,206,5,Excellent product,2024-02-25
1656,153,217,4,Good product,2024-03-15
1657,170,228,5,Excellent product,2024-04-03
1658,187,239,5,Excellent product,2024-04-22
1659,204,250,3,Average product,2024-05-11
1660,221,261,1,Very poor experience,2024-05-30
1661,238,272,5,Excellent product,2024-06-18
1662,255,283,4,Good product,2024-07-07
1663,272,294,5,Excellent product,2024-07-26
1664,289,305,5,Excellent product,2024-08-14
1665,306,316,4,Good product,2024-09-02
1666,323,327,3,Average product,2024-09-21
1667,340,338,5,Excellent product,2024-10-10
1668,357,349,4,Good product,2024-10-29
1669,374,360,5,Excellent product,2024-11-17
1670,391,371,2,Product quality could be better,2024-12-06
1671,408,382,4,Good product,2024-12-25
1672,425,393,5,Excellent product,2025-01-13
1673,442,404,3,Average product,2025-02-01
1674,459,415,4,Good product,2025-02-20
1675,476,426,5,Excellent product,2025-03-11
1676,493,437,5,Excellent product,2025-03-30
1677,510,448,4,Good product,2025-04-18
1678,527,459,5,Excellent product,2025-05-07
1679,544,470,5,Excellent product,2025-05-26
1680,561,481,1,Very poor experience,2025-06-14
1681,578,492,5,Excellent product,2025-07-03
1682,595,3,5,Excellent product,2025-07-22
1683,612,14,4,Good product,2025-08-10
1684,629,25,5,Excellent product,2025-08-29
1685,646,36,5,Excellent product,2025-09-17
1686,663,47,4,Good product,2025-10-06
1687,680,58,3,Average product,2025-10-25
1688,697,69,5,Excellent product,2025-11-13
1689,714,80,4,Good product,2025-12-02
1690,731,91,2,Product quality could be better,2025-12-21
1691,748,102,5,Excellent product,2022-01-10
1692,765,113,4,Good product,2022-01-29
1693,782,124,5,Excellent product,2022-02-17
1694,799,135,3,Average product,2022-03-08
1695,816,146,4,Good product,2022-03-27
1696,833,157,5,Excellent product,2022-04-15
1697,850,168,5,Excellent product,2022-05-04
1698,867,179,4,Good product,2022-05-23
1699,884,190,5,Excellent product,2022-06-11
1700,901,201,1,Very poor experience,2022-06-30
1701,918,212,3,Average product,2022-07-19
1702,935,223,5,Excellent product,2022-08-07
1703,952,234,5,Excellent product,2022-08-26
1704,969,245,4,Good product,2022-09-14
1705,986,256,5,Excellent product,2022-10-03
1706,1003,267,5,Excellent product,2022-10-22
1707,1020,278,4,Good product,2022-11-10
1708,1037,289,3,Average product,2022-11-29
1709,1054,300,5,Excellent product,2022-12-18
1710,1071,311,2,Product quality could be better,2023-01-06
1711,1088,322,5,Excellent product,2023-01-25
1712,1105,333,5,Excellent product,2023-02-13
1713,1122,344,4,Good product,2023-03-04
1714,1139,355,5,Excellent product,2023-03-23
1715,1156,366,3,Average product,2023-04-11
1716,1173,377,4,Good product,2023-04-30
1717,1190,388,5,Excellent product,2023-05-19
1718,1207,399,5,Excellent product,2023-06-07
1719,1224,410,4,Good product,2023-06-26
1720,1241,421,1,Very poor experience,2023-07-15
1721,1258,432,5,Excellent product,2023-08-03
1722,1275,443,3,Average product,2023-08-22
1723,1292,454,5,Excellent product,2023-09-10
1724,1309,465,5,Excellent product,2023-09-29
1725,1326,476,4,Good product,2023-10-18
1726,1343,487,5,Excellent product,2023-11-06
1727,1360,498,5,Excellent product,2023-11-25
1728,1377,9,4,Good product,2023-12-14
1729,1394,20,3,Average product,2024-01-02
1730,1411,31,2,Product quality could be better,2024-01-21
1731,1428,42,4,Good product,2024-02-09
1732,1445,53,5,Excellent product,2024-02-28
1733,1462,64,5,Excellent product,2024-03-18
1734,1479,75,4,Good product,2024-04-06
1735,1496,86,5,Excellent product,2024-04-25
1736,1513,97,3,Average product,2024-05-14
1737,1530,108,4,Good product,2024-06-02
1738,1547,119,5,Excellent product,2024-06-21
1739,1564,130,5,Excellent product,2024-07-10
1740,1581,141,1,Very poor experience,2024-07-29
1741,1598,152,5,Excellent product,2024-08-17
1742,1615,163,5,Excellent product,2024-09-05
1743,1632,174,3,Average product,2024-09-24
1744,1649,185,5,Excellent product,2024-10-13
1745,1666,196,5,Excellent product,2024-11-01
1746,1683,207,4,Good product,2024-11-20
1747,1700,218,5,Excellent product,2024-12-09
1748,1717,229,5,Excellent product,2024-12-28
1749,1734,240,4,Good product,2025-01-16
1750,1751,251,2,Product quality could be better,2025-02-04
1751,1768,262,5,Excellent product,2025-02-23
1752,1785,273,4,Good product,2025-03-14
1753,1802,284,5,Excellent product,2025-04-02
1754,1819,295,5,Excellent product,2025-04-21
1755,1836,306,4,Good product,2025-05-10
1756,1853,317,5,Excellent product,2025-05-29
1757,1870,328,3,Average product,2025-06-17
1758,1887,339,4,Good product,2025-07-06
1759,1904,350,5,Excellent product,2025-07-25
1760,1921,361,1,Very poor experience,2025-08-13
1761,1938,372,4,Good product,2025-09-01
1762,1955,383,5,Excellent product,2025-09-20
1763,1972,394,5,Excellent product,2025-10-09
1764,1989,405,3,Average product,2025-10-28
1765,6,416,5,Excellent product,2025-11-16
1766,23,427,5,Excellent product,2025-12-05
1767,40,438,4,Good product,2025-12-24
1768,57,449,5,Excellent product,2022-01-13
1769,74,460,5,Excellent product,2022-02-01
1770,91,471,2,Product quality could be better,2022-02-20
1771,108,482,3,Average product,2022-03-11
1772,125,493,5,Excellent product,2022-03-30
1773,142,4,4,Good product,2022-04-18
1774,159,15,5,Excellent product,2022-05-07
1775,176,26,5,Excellent product,2022-05-26
1776,193,37,4,Good product,2022-06-14
1777,210,48,5,Excellent product,2022-07-03
1778,227,59,3,Average product,2022-07-22
1779,244,70,4,Good product,2022-08-10
1780,261,81,1,Very poor experience,2022-08-29
1781,278,92,5,Excellent product,2022-09-17
1782,295,103,4,Good product,2022-10-06
1783,312,114,5,Excellent product,2022-10-25
1784,329,125,5,Excellent product,2022-11-13
1785,346,136,3,Average product,2022-12-02
1786,363,147,5,Excellent product,2022-12-21
1787,380,158,5,Excellent product,2023-01-09
1788,397,169,4,Good product,2023-01-28
1789,414,180,5,Excellent product,2023-02-16
1790,431,191,2,Product quality could be better,2023-03-07
1791,448,202,4,Good product,2023-03-26
1792,465,213,3,Average product,2023-04-14
1793,482,224,5,Excellent product,2023-05-03
1794,499,235,4,Good product,2023-05-22
1795,516,246,5,Excellent product,2023-06-10
1796,533,257,5,Excellent product,2023-06-29
1797,550,268,4,Good product,2023-07-18
1798,567,279,5,Excellent product,2023-08-06
1799,584,290,3,Average product,2023-08-25
1800,601,301,1,Very poor experience,2023-09-13
1801,618,312,5,Excellent product,2023-10-02
1802,635,323,5,Excellent product,2023-10-21
1803,652,334,4,Good product,2023-11-09
1804,669,345,5,Excellent product,2023-11-28
1805,686,356,5,Excellent product,2023-12-17
1806,703,367,3,Average product,2024-01-05
1807,720,378,5,Excellent product,2024-01-24
1808,737,389,5,Excellent product,2024-02-12
1809,754,400,4,Good product,2024-03-02
1810,771,411,2,Product quality could be better,2024-03-21
1811,788,422,5,Excellent product,2024-04-09
1812,805,433,4,Good product,2024-04-28
1813,822,444,3,Average product,2024-05-17
1814,839,455,5,Excellent product,2024-06-05
1815,856,466,4,Good product,2024-06-24
1816,873,477,5,Excellent product,2024-07-13
1817,890,488,5,Excellent product,2024-08-01
1818,907,499,4,Good product,2024-08-20
1819,924,10,5,Excellent product,2024-09-08
1820,941,21,1,Very poor experience,2024-09-27
1821,958,32,4,Good product,2024-10-16
1822,975,43,5,Excellent product,2024-11-04
1823,992,54,5,Excellent product,2024-11-23
1824,1009,65,4,Good product,2024-12-12
1825,1026,76,5,Excellent product,2024-12-31
1826,1043,87,5,Excellent product,2025-01-19
1827,1060,98,3,Average product,2025-02-07
1828,1077,109,5,Excellent product,2025-02-26
1829,1094,120,5,Excellent product,2025-03-17
1830,1111,131,2,Product quality could be better,2025-04-05
1831,1128,142,5,Excellent product,2025-04-24
1832,1145,153,5,Excellent product,2025-05-13
1833,1162,164,4,Good product,2025-06-01
1834,1179,175,3,Average product,2025-06-20
1835,1196,186,5,Excellent product,2025-07-09
1836,1213,197,4,Good product,2025-07-28
1837,1230,208,5,Excellent product,2025-08-16
1838,1247,219,5,Excellent product,2025-09-04
1839,1264,230,4,Good product,2025-09-23
1840,1281,241,1,Very poor experience,2025-10-12
1841,1298,252,3,Average product,2025-10-31
1842,1315,263,4,Good product,2025-11-19
1843,1332,274,5,Excellent product,2025-12-08
1844,1349,285,5,Excellent product,2025-12-27
1845,1366,296,4,Good product,2022-01-16
1846,1383,307,5,Excellent product,2022-02-04
1847,1400,318,5,Excellent product,2022-02-23
1848,1417,329,3,Average product,2022-03-14
1849,1434,340,5,Excellent product,2022-04-02
1850,1451,351,2,Product quality could be better,2022-04-21
1851,1468,362,4,Good product,2022-05-10
1852,1485,373,5,Excellent product,2022-05-29
1853,1502,384,5,Excellent product,2022-06-17
1854,1519,395,4,Good product,2022-07-06
1855,1536,406,3,Average product,2022-07-25
1856,1553,417,5,Excellent product,2022-08-13
1857,1570,428,4,Good product,2022-09-01
1858,1587,439,5,Excellent product,2022-09-20
1859,1604,450,5,Excellent product,2022-10-09
1860,1621,461,1,Very poor experience,2022-10-28
1861,1638,472,5,Excellent product,2022-11-16
1862,1655,483,3,Average product,2022-12-05
1863,1672,494,4,Good product,2022-12-24
1864,1689,5,5,Excellent product,2023-01-12
1865,1706,16,5,Excellent product,2023-01-31
1866,1723,27,4,Good product,2023-02-19
1867,1740,38,5,Excellent product,2023-03-10
1868,1757,49,5,Excellent product,2023-03-29
1869,1774,60,3,Average product,2023-04-17
1870,1791,71,2,Product quality could be better,2023-05-06
1871,1808,82,5,Excellent product,2023-05-25
1872,1825,93,4,Good product,2023-06-13
1873,1842,104,5,Excellent product,2023-07-02
1874,1859,115,5,Excellent product,2023-07-21
1875,1876,126,4,Good product,2023-08-09
1876,1893,137,3,Average product,2023-08-28
1877,1910,148,5,Excellent product,2023-09-16
1878,1927,159,4,Good product,2023-10-05
1879,1944,170,5,Excellent product,2023-10-24
1880,1961,181,1,Very poor experience,2023-11-12
1881,1978,192,4,Good product,2023-12-01
1882,1995,203,5,Excellent product,2023-12-20
1883,12,214,3,Average product,2024-01-08
1884,29,225,4,Good product,2024-01-27
1885,46,236,5,Excellent product,2024-02-15
1886,63,247,5,Excellent product,2024-03-05
1887,80,258,4,Good product,2024-03-24
1888,97,269,5,Excellent product,2024-04-12
1889,114,280,5,Excellent product,2024-05-01
1890,131,291,2,Product quality could be better,2024-05-20
1891,148,302,5,Excellent product,2024-06-08
1892,165,313,5,Excellent product,2024-06-27
1893,182,324,4,Good product,2024-07-16
1894,199,335,5,Excellent product,2024-08-04
1895,216,346,5,Excellent product,2024-08-23
1896,233,357,4,Good product,2024-09-11
1897,250,368,3,Average product,2024-09-30
1898,267,379,5,Excellent product,2024-10-19
1899,284,390,4,Good product,2024-11-07
1900,301,401,1,Very poor experience,2024-11-26
1901,318,412,5,Excellent product,2024-12-15
1902,335,423,4,Good product,2025-01-03
1903,352,434,5,Excellent product,2025-01-22
1904,369,445,3,Average product,2025-02-10
1905,386,456,4,Good product,2025-03-01
1906,403,467,5,Excellent product,2025-03-20
1907,420,478,5,Excellent product,2025-04-08
1908,437,489,4,Good product,2025-04-27
1909,454,500,5,Excellent product,2025-05-16
1910,471,11,2,Product quality could be better,2025-06-04
1911,488,22,3,Average product,2025-06-23
1912,505,33,5,Excellent product,2025-07-12
1913,522,44,5,Excellent product,2025-07-31
1914,539,55,4,Good product,2025-08-19
1915,556,66,5,Excellent product,2025-09-07
1916,573,77,5,Excellent product,2025-09-26
1917,590,88,4,Good product,2025-10-15
1918,607,99,3,Average product,2025-11-03
1919,624,110,5,Excellent product,2025-11-22
1920,641,121,1,Very poor experience,2025-12-11
1921,658,132,5,Excellent product,2025-12-30
1922,675,143,5,Excellent product,2022-01-19
1923,692,154,4,Good product,2022-02-07
1924,709,165,5,Excellent product,2022-02-26
1925,726,176,3,Average product,2022-03-17
1926,743,187,4,Good product,2022-04-05
1927,760,198,5,Excellent product,2022-04-24
1928,777,209,5,Excellent product,2022-05-13
1929,794,220,4,Good product,2022-06-01
1930,811,231,2,Product quality could be better,2022-06-20
1931,828,242,5,Excellent product,2022-07-09
1932,845,253,3,Average product,2022-07-28
1933,862,264,5,Excellent product,2022-08-16
1934,879,275,5,Excellent product,2022-09-04
1935,896,286,4,Good product,2022-09-23
1936,913,297,5,Excellent product,2022-10-12
1937,930,308,5,Excellent product,2022-10-31
1938,947,319,4,Good product,2022-11-19
1939,964,330,3,Average product,2022-12-08
1940,981,341,1,Very poor experience,2022-12-27
1941,998,352,4,Good product,2023-01-15
1942,1015,363,5,Excellent product,2023-02-03
1943,1032,374,5,Excellent product,2023-02-22
1944,1049,385,4,Good product,2023-03-13
1945,1066,396,5,Excellent product,2023-04-01
1946,1083,407,3,Average product,2023-04-20
1947,1100,418,4,Good product,2023-05-09
1948,1117,429,5,Excellent product,2023-05-28
1949,1134,440,5,Excellent product,2023-06-16
1950,1151,451,2,Product quality could be better,2023-07-05
1951,1168,462,5,Excellent product,2023-07-24
1952,1185,473,5,Excellent product,2023-08-12
1953,1202,484,3,Average product,2023-08-31
1954,1219,495,5,Excellent product,2023-09-19
1955,1236,6,5,Excellent product,2023-10-08
1956,1253,17,4,Good product,2023-10-27
1957,1270,28,5,Excellent product,2023-11-15
1958,1287,39,5,Excellent product,2023-12-04
1959,1304,50,4,Good product,2023-12-23
1960,1321,61,1,Very poor experience,2024-01-11
1961,1338,72,5,Excellent product,2024-01-30
1962,1355,83,4,Good product,2024-02-18
1963,1372,94,5,Excellent product,2024-03-08
1964,1389,105,5,Excellent product,2024-03-27
1965,1406,116,4,Good product,2024-04-15
1966,1423,127,5,Excellent product,2024-05-04
1967,1440,138,3,Average product,2024-05-23
1968,1457,149,4,Good product,2024-06-11
1969,1474,160,5,Excellent product,2024-06-30
1970,1491,171,2,Product quality could be better,2024-07-19
1971,1508,182,4,Good product,2024-08-07
1972,1525,193,5,Excellent product,2024-08-26
1973,1542,204,5,Excellent product,2024-09-14
1974,1559,215,3,Average product,2024-10-03
1975,1576,226,5,Excellent product,2024-10-22
1976,1593,237,5,Excellent product,2024-11-10
1977,1610,248,4,Good product,2024-11-29
1978,1627,259,5,Excellent product,2024-12-18
1979,1644,270,5,Excellent product,2025-01-06
1980,1661,281,1,Very poor experience,2025-01-25
1981,1678,292,3,Average product,2025-02-13
1982,1695,303,5,Excellent product,2025-03-04
1983,1712,314,4,Good product,2025-03-23
1984,1729,325,5,Excellent product,2025-04-11
1985,1746,336,5,Excellent product,2025-04-30
1986,1763,347,4,Good product,2025-05-19
1987,1780,358,5,Excellent product,2025-06-07
1988,1797,369,3,Average product,2025-06-26
1989,1814,380,4,Good product,2025-07-15
1990,1831,391,2,Product quality could be better,2025-08-03
1991,1848,402,5,Excellent product,2025-08-22
1992,1865,413,4,Good product,2025-09-10
1993,1882,424,5,Excellent product,2025-09-29
1994,1899,435,5,Excellent product,2025-10-18
1995,1916,446,3,Average product,2025-11-06
1996,1933,457,5,Excellent product,2025-11-25
1997,1950,468,5,Excellent product,2025-12-14
1998,1967,479,4,Good product,2022-01-03
1999,1984,490,5,Excellent product,2022-01-22
2000,1,1,1,Very poor experience,2022-02-10
2001,18,12,4,Good product,2022-03-01
2002,35,23,3,Average product,2022-03-20
2003,52,34,5,Excellent product,2022-04-08
2004,69,45,4,Good product,2022-04-27
2005,86,56,5,Excellent product,2022-05-16
2006,103,67,5,Excellent product,2022-06-04
2007,120,78,4,Good product,2022-06-23
2008,137,89,5,Excellent product,2022-07-12
2009,154,100,3,Average product,2022-07-31
2010,171,111,2,Product quality could be better,2022-08-19
2011,188,122,5,Excellent product,2022-09-07
2012,205,133,5,Excellent product,2022-09-26
2013,222,144,4,Good product,2022-10-15
2014,239,155,5,Excellent product,2022-11-03
2015,256,166,5,Excellent product,2022-11-22
2016,273,177,3,Average product,2022-12-11
2017,290,188,5,Excellent product,2022-12-30
2018,307,199,5,Excellent product,2023-01-18
2019,324,210,4,Good product,2023-02-06
2020,341,221,1,Very poor experience,2023-02-25
2021,358,232,5,Excellent product,2023-03-16
2022,375,243,4,Good product,2023-04-04
2023,392,254,3,Average product,2023-04-23
2024,409,265,5,Excellent product,2023-05-12
2025,426,276,4,Good product,2023-05-31
2026,443,287,5,Excellent product,2023-06-19
2027,460,298,5,Excellent product,2023-07-08
2028,477,309,4,Good product,2023-07-27
2029,494,320,5,Excellent product,2023-08-15
2030,511,331,2,Product quality could be better,2023-09-03
2031,528,342,4,Good product,2023-09-22
2032,545,353,5,Excellent product,2023-10-11
2033,562,364,5,Excellent product,2023-10-30
2034,579,375,4,Good product,2023-11-18
2035,596,386,5,Excellent product,2023-12-07
2036,613,397,5,Excellent product,2023-12-26
2037,630,408,3,Average product,2024-01-14
2038,647,419,5,Excellent product,2024-02-02
2039,664,430,5,Excellent product,2024-02-21
2040,681,441,1,Very poor experience,2024-03-11
2041,698,452,5,Excellent product,2024-03-30
2042,715,463,5,Excellent product,2024-04-18
2043,732,474,4,Good product,2024-05-07
2044,749,485,3,Average product,2024-05-26
2045,766,496,5,Excellent product,2024-06-14
2046,783,7,4,Good product,2024-07-03
2047,800,18,5,Excellent product,2024-07-22
2048,817,29,5,Excellent product,2024-08-10
2049,834,40,4,Good product,2024-08-29
2050,851,51,2,Product quality could be better,2024-09-17
2051,868,62,3,Average product,2024-10-06
2052,885,73,4,Good product,2024-10-25
2053,902,84,5,Excellent product,2024-11-13
2054,919,95,5,Excellent product,2024-12-02
2055,936,106,4,Good product,2024-12-21
2056,953,117,5,Excellent product,2025-01-09
2057,970,128,5,Excellent product,2025-01-28
2058,987,139,3,Average product,2025-02-16
2059,1004,150,5,Excellent product,2025-03-07
2060,1021,161,1,Very poor experience,2025-03-26
2061,1038,172,4,Good product,2025-04-14
2062,1055,183,5,Excellent product,2025-05-03
2063,1072,194,5,Excellent product,2025-05-22
2064,1089,205,4,Good product,2025-06-10
2065,1106,216,3,Average product,2025-06-29
2066,1123,227,5,Excellent product,2025-07-18
2067,1140,238,4,Good product,2025-08-06
2068,1157,249,5,Excellent product,2025-08-25
2069,1174,260,5,Excellent product,2025-09-13
2070,1191,271,2,Product quality could be better,2025-10-02
2071,1208,282,5,Excellent product,2025-10-21
2072,1225,293,3,Average product,2025-11-09
2073,1242,304,4,Good product,2025-11-28
2074,1259,315,5,Excellent product,2025-12-17
2075,1276,326,5,Excellent product,2022-01-06
2076,1293,337,4,Good product,2022-01-25
2077,1310,348,5,Excellent product,2022-02-13
2078,1327,359,5,Excellent product,2022-03-04
2079,1344,370,3,Average product,2022-03-23
2080,1361,381,1,Very poor experience,2022-04-11
2081,1378,392,5,Excellent product,2022-04-30
2082,1395,403,4,Good product,2022-05-19
2083,1412,414,5,Excellent product,2022-06-07
2084,1429,425,5,Excellent product,2022-06-26
2085,1446,436,4,Good product,2022-07-15
2086,1463,447,3,Average product,2022-08-03
2087,1480,458,5,Excellent product,2022-08-22
2088,1497,469,4,Good product,2022-09-10
2089,1514,480,5,Excellent product,2022-09-29
2090,1531,491,2,Product quality could be better,2022-10-18
2091,1548,2,4,Good product,2022-11-06
2092,1565,13,5,Excellent product,2022-11-25
2093,1582,24,3,Average product,2022-12-14
2094,1599,35,4,Good product,2023-01-02
2095,1616,46,5,Excellent product,2023-01-21
2096,1633,57,5,Excellent product,2023-02-09
2097,1650,68,4,Good product,2023-02-28
2098,1667,79,5,Excellent product,2023-03-19
2099,1684,90,5,Excellent product,2023-04-07
2100,1701,101,1,Very poor experience,2023-04-26
2101,1718,112,5,Excellent product,2023-05-15
2102,1735,123,5,Excellent product,2023-06-03
2103,1752,134,4,Good product,2023-06-22
2104,1769,145,5,Excellent product,2023-07-11
2105,1786,156,5,Excellent product,2023-07-30
2106,1803,167,4,Good product,2023-08-18
2107,1820,178,3,Average product,2023-09-06
2108,1837,189,5,Excellent product,2023-09-25
2109,1854,200,4,Good product,2023-10-14
2110,1871,211,2,Product quality could be better,2023-11-02
2111,1888,222,5,Excellent product,2023-11-21
2112,1905,233,4,Good product,2023-12-10
2113,1922,244,5,Excellent product,2023-12-29
2114,1939,255,3,Average product,2024-01-17
2115,1956,266,4,Good product,2024-02-05
2116,1973,277,5,Excellent product,2024-02-24
2117,1990,288,5,Excellent product,2024-03-14
2118,7,299,4,Good product,2024-04-02
2119,24,310,5,Excellent product,2024-04-21
2120,41,321,1,Very poor experience,2024-05-10
2121,58,332,3,Average product,2024-05-29
2122,75,343,5,Excellent product,2024-06-17
2123,92,354,5,Excellent product,2024-07-06
2124,109,365,4,Good product,2024-07-25
2125,126,376,5,Excellent product,2024-08-13
2126,143,387,5,Excellent product,2024-09-01
2127,160,398,4,Good product,2024-09-20
2128,177,409,3,Average product,2024-10-09
2129,194,420,5,Excellent product,2024-10-28
2130,211,431,2,Product quality could be better,2024-11-16
2131,228,442,5,Excellent product,2024-12-05
2132,245,453,5,Excellent product,2024-12-24
2133,262,464,4,Good product,2025-01-12
2134,279,475,5,Excellent product,2025-01-31
2135,296,486,3,Average product,2025-02-19
2136,313,497,4,Good product,2025-03-10
2137,330,8,5,Excellent product,2025-03-29
2138,347,19,5,Excellent product,2025-04-17
2139,364,30,4,Good product,2025-05-06
2140,381,41,1,Very poor experience,2025-05-25
2141,398,52,5,Excellent product,2025-06-13
2142,415,63,3,Average product,2025-07-02
2143,432,74,5,Excellent product,2025-07-21
2144,449,85,5,Excellent product,2025-08-09
2145,466,96,4,Good product,2025-08-28
2146,483,107,5,Excellent product,2025-09-16
2147,500,118,5,Excellent product,2025-10-05
2148,517,129,4,Good product,2025-10-24
2149,534,140,3,Average product,2025-11-12
2150,551,151,2,Product quality could be better,2025-12-01
2151,568,162,4,Good product,2025-12-20
2152,585,173,5,Excellent product,2022-01-09
2153,602,184,5,Excellent product,2022-01-28
2154,619,195,4,Good product,2022-02-16
2155,636,206,5,Excellent product,2022-03-07
2156,653,217,3,Average product,2022-03-26
2157,670,228,4,Good product,2022-04-14
2158,687,239,5,Excellent product,2022-05-03
2159,704,250,5,Excellent product,2022-05-22
2160,721,261,1,Very poor experience,2022-06-10
2161,738,272,5,Excellent product,2022-06-29
2162,755,283,5,Excellent product,2022-07-18
2163,772,294,3,Average product,2022-08-06
2164,789,305,5,Excellent product,2022-08-25
2165,806,316,5,Excellent product,2022-09-13
2166,823,327,4,Good product,2022-10-02
2167,840,338,5,Excellent product,2022-10-21
2168,857,349,5,Excellent product,2022-11-09
2169,874,360,4,Good product,2022-11-28
2170,891,371,2,Product quality could be better,2022-12-17
2171,908,382,5,Excellent product,2023-01-05
2172,925,393,4,Good product,2023-01-24
2173,942,404,5,Excellent product,2023-02-12
2174,959,415,5,Excellent product,2023-03-03
2175,976,426,4,Good product,2023-03-22
2176,993,437,5,Excellent product,2023-04-10
2177,1010,448,3,Average product,2023-04-29
2178,1027,459,4,Good product,2023-05-18
2179,1044,470,5,Excellent product,2023-06-06
2180,1061,481,1,Very poor experience,2023-06-25
2181,1078,492,4,Good product,2023-07-14
2182,1095,3,5,Excellent product,2023-08-02
2183,1112,14,5,Excellent product,2023-08-21
2184,1129,25,3,Average product,2023-09-09
2185,1146,36,5,Excellent product,2023-09-28
2186,1163,47,5,Excellent product,2023-10-17
2187,1180,58,4,Good product,2023-11-05
2188,1197,69,5,Excellent product,2023-11-24
2189,1214,80,5,Excellent product,2023-12-13
2190,1231,91,2,Product quality could be better,2024-01-01
2191,1248,102,3,Average product,2024-01-20
2192,1265,113,5,Excellent product,2024-02-08
2193,1282,124,4,Good product,2024-02-27
2194,1299,135,5,Excellent product,2024-03-17
2195,1316,146,5,Excellent product,2024-04-05
2196,1333,157,4,Good product,2024-04-24
2197,1350,168,5,Excellent product,2024-05-13
2198,1367,179,3,Average product,2024-06-01
2199,1384,190,4,Good product,2024-06-20
2200,1401,201,1,Very poor experience,2024-07-09
2201,1418,212,5,Excellent product,2024-07-28
2202,1435,223,4,Good product,2024-08-16
2203,1452,234,5,Excellent product,2024-09-04
2204,1469,245,5,Excellent product,2024-09-23
2205,1486,256,3,Average product,2024-10-12
2206,1503,267,5,Excellent product,2024-10-31
2207,1520,278,5,Excellent product,2024-11-19
2208,1537,289,4,Good product,2024-12-08
2209,1554,300,5,Excellent product,2024-12-27
2210,1571,311,2,Product quality could be better,2025-01-15
2211,1588,322,4,Good product,2025-02-03
2212,1605,333,3,Average product,2025-02-22
2213,1622,344,5,Excellent product,2025-03-13
2214,1639,355,4,Good product,2025-04-01
2215,1656,366,5,Excellent product,2025-04-20
2216,1673,377,5,Excellent product,2025-05-09
2217,1690,388,4,Good product,2025-05-28
2218,1707,399,5,Excellent product,2025-06-16
2219,1724,410,3,Average product,2025-07-05
2220,1741,421,1,Very poor experience,2025-07-24
2221,1758,432,5,Excellent product,2025-08-12
2222,1775,443,5,Excellent product,2025-08-31
2223,1792,454,4,Good product,2025-09-19
2224,1809,465,5,Excellent product,2025-10-08
2225,1826,476,5,Excellent product,2025-10-27
2226,1843,487,3,Average product,2025-11-15
2227,1860,498,5,Excellent product,2025-12-04
2228,1877,9,5,Excellent product,2025-12-23
2229,1894,20,4,Good product,2022-01-12
2230,1911,31,2,Product quality could be better,2022-01-31
2231,1928,42,5,Excellent product,2022-02-19
2232,1945,53,4,Good product,2022-03-10
2233,1962,64,3,Average product,2022-03-29
2234,1979,75,5,Excellent product,2022-04-17
2235,1996,86,4,Good product,2022-05-06
2236,13,97,5,Excellent product,2022-05-25
2237,30,108,5,Excellent product,2022-06-13
2238,47,119,4,Good product,2022-07-02
2239,64,130,5,Excellent product,2022-07-21
2240,81,141,1,Very poor experience,2022-08-09
2241,98,152,4,Good product,2022-08-28
2242,115,163,5,Excellent product,2022-09-16
2243,132,174,5,Excellent product,2022-10-05
2244,149,185,4,Good product,2022-10-24
2245,166,196,5,Excellent product,2022-11-12
2246,183,207,5,Excellent product,2022-12-01
2247,200,218,3,Average product,2022-12-20
2248,217,229,5,Excellent product,2023-01-08
2249,234,240,5,Excellent product,2023-01-27
2250,251,251,2,Product quality could be better,2023-02-15
2251,268,262,5,Excellent product,2023-03-06
2252,285,273,5,Excellent product,2023-03-25
2253,302,284,4,Good product,2023-04-13
2254,319,295,3,Average product,2023-05-02
2255,336,306,5,Excellent product,2023-05-21
2256,353,317,4,Good product,2023-06-09
2257,370,328,5,Excellent product,2023-06-28
2258,387,339,5,Excellent product,2023-07-17
2259,404,350,4,Good product,2023-08-05
2260,421,361,1,Very poor experience,2023-08-24
2261,438,372,3,Average product,2023-09-12
2262,455,383,4,Good product,2023-10-01
2263,472,394,5,Excellent product,2023-10-20
2264,489,405,5,Excellent product,2023-11-08
2265,506,416,4,Good product,2023-11-27
2266,523,427,5,Excellent product,2023-12-16
2267,540,438,5,Excellent product,2024-01-04
2268,557,449,3,Average product,2024-01-23
2269,574,460,5,Excellent product,2024-02-11
2270,591,471,2,Product quality could be better,2024-03-01
2271,608,482,4,Good product,2024-03-20
2272,625,493,5,Excellent product,2024-04-08
2273,642,4,5,Excellent product,2024-04-27
2274,659,15,4,Good product,2024-05-16
2275,676,26,3,Average product,2024-06-04
2276,693,37,5,Excellent product,2024-06-23
2277,710,48,4,Good product,2024-07-12
2278,727,59,5,Excellent product,2024-07-31
2279,744,70,5,Excellent product,2024-08-19
2280,761,81,1,Very poor experience,2024-09-07
2281,778,92,5,Excellent product,2024-09-26
2282,795,103,3,Average product,2024-10-15
2283,812,114,4,Good product,2024-11-03
2284,829,125,5,Excellent product,2024-11-22
2285,846,136,5,Excellent product,2024-12-11
2286,863,147,4,Good product,2024-12-30
2287,880,158,5,Excellent product,2025-01-18
2288,897,169,5,Excellent product,2025-02-06
2289,914,180,3,Average product,2025-02-25
2290,931,191,2,Product quality could be better,2025-03-16
2291,948,202,5,Excellent product,2025-04-04
2292,965,213,4,Good product,2025-04-23
2293,982,224,5,Excellent product,2025-05-12
2294,999,235,5,Excellent product,2025-05-31
2295,1016,246,4,Good product,2025-06-19
2296,1033,257,3,Average product,2025-07-08
2297,1050,268,5,Excellent product,2025-07-27
2298,1067,279,4,Good product,2025-08-15
2299,1084,290,5,Excellent product,2025-09-03
2300,1101,301,1,Very poor experience,2025-09-22
2301,1118,312,4,Good product,2025-10-11
2302,1135,323,5,Excellent product,2025-10-30
2303,1152,334,3,Average product,2025-11-18
2304,1169,345,4,Good product,2025-12-07
2305,1186,356,5,Excellent product,2025-12-26
2306,1203,367,5,Excellent product,2022-01-15
2307,1220,378,4,Good product,2022-02-03
2308,1237,389,5,Excellent product,2022-02-22
2309,1254,400,5,Excellent product,2022-03-13
2310,1271,411,2,Product quality could be better,2022-04-01
2311,1288,422,5,Excellent product,2022-04-20
2312,1305,433,5,Excellent product,2022-05-09
2313,1322,444,4,Good product,2022-05-28
2314,1339,455,5,Excellent product,2022-06-16
2315,1356,466,5,Excellent product,2022-07-05
2316,1373,477,4,Good product,2022-07-24
2317,1390,488,3,Average product,2022-08-12
2318,1407,499,5,Excellent product,2022-08-31
2319,1424,10,4,Good product,2022-09-19
2320,1441,21,1,Very poor experience,2022-10-08
2321,1458,32,5,Excellent product,2022-10-27
2322,1475,43,4,Good product,2022-11-15
2323,1492,54,5,Excellent product,2022-12-04
2324,1509,65,3,Average product,2022-12-23
2325,1526,76,4,Good product,2023-01-11
2326,1543,87,5,Excellent product,2023-01-30
2327,1560,98,5,Excellent product,2023-02-18
2328,1577,109,4,Good product,2023-03-09
2329,1594,120,5,Excellent product,2023-03-28
2330,1611,131,2,Product quality could be better,2023-04-16
2331,1628,142,3,Average product,2023-05-05
2332,1645,153,5,Excellent product,2023-05-24
2333,1662,164,5,Excellent product,2023-06-12
2334,1679,175,4,Good product,2023-07-01
2335,1696,186,5,Excellent product,2023-07-20
2336,1713,197,5,Excellent product,2023-08-08
2337,1730,208,4,Good product,2023-08-27
2338,1747,219,3,Average product,2023-09-15
2339,1764,230,5,Excellent product,2023-10-04
2340,1781,241,1,Very poor experience,2023-10-23
2341,1798,252,5,Excellent product,2023-11-11
2342,1815,263,5,Excellent product,2023-11-30
2343,1832,274,4,Good product,2023-12-19
2344,1849,285,5,Excellent product,2024-01-07
2345,1866,296,3,Average product,2024-01-26
2346,1883,307,4,Good product,2024-02-14
2347,1900,318,5,Excellent product,2024-03-04
2348,1917,329,5,Excellent product,2024-03-23
2349,1934,340,4,Good product,2024-04-11
2350,1951,351,2,Product quality could be better,2024-04-30
2351,1968,362,5,Excellent product,2024-05-19
2352,1985,373,3,Average product,2024-06-07
2353,2,384,5,Excellent product,2024-06-26
2354,19,395,5,Excellent product,2024-07-15
2355,36,406,4,Good product,2024-08-03
2356,53,417,5,Excellent product,2024-08-22
2357,70,428,5,Excellent product,2024-09-10
2358,87,439,4,Good product,2024-09-29
2359,104,450,3,Average product,2024-10-18
2360,121,461,1,Very poor experience,2024-11-06
2361,138,472,4,Good product,2024-11-25
2362,155,483,5,Excellent product,2024-12-14
2363,172,494,5,Excellent product,2025-01-02
2364,189,5,4,Good product,2025-01-21
2365,206,16,5,Excellent product,2025-02-09
2366,223,27,3,Average product,2025-02-28
2367,240,38,4,Good product,2025-03-19
2368,257,49,5,Excellent product,2025-04-07
2369,274,60,5,Excellent product,2025-04-26
2370,291,71,2,Product quality could be better,2025-05-15
2371,308,82,5,Excellent product,2025-06-03
2372,325,93,5,Excellent product,2025-06-22
2373,342,104,3,Average product,2025-07-11
2374,359,115,5,Excellent product,2025-07-30
2375,376,126,5,Excellent product,2025-08-18
2376,393,137,4,Good product,2025-09-06
2377,410,148,5,Excellent product,2025-09-25
2378,427,159,5,Excellent product,2025-10-14
2379,444,170,4,Good product,2025-11-02
2380,461,181,1,Very poor experience,2025-11-21
2381,478,192,5,Excellent product,2025-12-10
2382,495,203,4,Good product,2025-12-29
2383,512,214,5,Excellent product,2022-01-18
2384,529,225,5,Excellent product,2022-02-06
2385,546,236,4,Good product,2022-02-25
2386,563,247,5,Excellent product,2022-03-16
2387,580,258,3,Average product,2022-04-04
2388,597,269,4,Good product,2022-04-23
2389,614,280,5,Excellent product,2022-05-12
2390,631,291,2,Product quality could be better,2022-05-31
2391,648,302,4,Good product,2022-06-19
2392,665,313,5,Excellent product,2022-07-08
2393,682,324,5,Excellent product,2022-07-27
2394,699,335,3,Average product,2022-08-15
2395,716,346,5,Excellent product,2022-09-03
2396,733,357,5,Excellent product,2022-09-22
2397,750,368,4,Good product,2022-10-11
2398,767,379,5,Excellent product,2022-10-30
2399,784,390,5,Excellent product,2022-11-18
2400,801,401,1,Very poor experience,2022-12-07
2401,818,412,3,Average product,2022-12-26
2402,835,423,5,Excellent product,2023-01-14
2403,852,434,4,Good product,2023-02-02
2404,869,445,5,Excellent product,2023-02-21
2405,886,456,5,Excellent product,2023-03-12
2406,903,467,4,Good product,2023-03-31
2407,920,478,5,Excellent product,2023-04-19
2408,937,489,3,Average product,2023-05-08
2409,954,500,4,Good product,2023-05-27
2410,971,11,2,Product quality could be better,2023-06-15
2411,988,22,5,Excellent product,2023-07-04
2412,1005,33,4,Good product,2023-07-23
2413,1022,44,5,Excellent product,2023-08-11
2414,1039,55,5,Excellent product,2023-08-30
2415,1056,66,3,Average product,2023-09-18
2416,1073,77,5,Excellent product,2023-10-07
2417,1090,88,5,Excellent product,2023-10-26
2418,1107,99,4,Good product,2023-11-14
2419,1124,110,5,Excellent product,2023-12-03
2420,1141,121,1,Very poor experience,2023-12-22
2421,1158,132,4,Good product,2024-01-10
2422,1175,143,3,Average product,2024-01-29
2423,1192,154,5,Excellent product,2024-02-17
2424,1209,165,4,Good product,2024-03-07
2425,1226,176,5,Excellent product,2024-03-26
2426,1243,187,5,Excellent product,2024-04-14
2427,1260,198,4,Good product,2024-05-03
2428,1277,209,5,Excellent product,2024-05-22
2429,1294,220,3,Average product,2024-06-10
2430,1311,231,2,Product quality could be better,2024-06-29
2431,1328,242,5,Excellent product,2024-07-18
2432,1345,253,5,Excellent product,2024-08-06
2433,1362,264,4,Good product,2024-08-25
2434,1379,275,5,Excellent product,2024-09-13
2435,1396,286,5,Excellent product,2024-10-02
2436,1413,297,3,Average product,2024-10-21
2437,1430,308,5,Excellent product,2024-11-09
2438,1447,319,5,Excellent product,2024-11-28
2439,1464,330,4,Good product,2024-12-17
2440,1481,341,1,Very poor experience,2025-01-05
2441,1498,352,5,Excellent product,2025-01-24
2442,1515,363,4,Good product,2025-02-12
2443,1532,374,3,Average product,2025-03-03
2444,1549,385,5,Excellent product,2025-03-22
2445,1566,396,4,Good product,2025-04-10
2446,1583,407,5,Excellent product,2025-04-29
2447,1600,418,5,Excellent product,2025-05-18
2448,1617,429,4,Good product,2025-06-06
2449,1634,440,5,Excellent product,2025-06-25
2450,1651,451,2,Product quality could be better,2025-07-14
2451,1668,462,4,Good product,2025-08-02
2452,1685,473,5,Excellent product,2025-08-21
2453,1702,484,5,Excellent product,2025-09-09
2454,1719,495,4,Good product,2025-09-28
2455,1736,6,5,Excellent product,2025-10-17
2456,1753,17,5,Excellent product,2025-11-05
2457,1770,28,3,Average product,2025-11-24
2458,1787,39,5,Excellent product,2025-12-13
2459,1804,50,5,Excellent product,2022-01-02
2460,1821,61,1,Very poor experience,2022-01-21
2461,1838,72,5,Excellent product,2022-02-09
2462,1855,83,5,Excellent product,2022-02-28
2463,1872,94,4,Good product,2022-03-19
2464,1889,105,3,Average product,2022-04-07
2465,1906,116,5,Excellent product,2022-04-26
2466,1923,127,4,Good product,2022-05-15
2467,1940,138,5,Excellent product,2022-06-03
2468,1957,149,5,Excellent product,2022-06-22
2469,1974,160,4,Good product,2022-07-11
2470,1991,171,2,Product quality could be better,2022-07-30
2471,8,182,3,Average product,2022-08-18
2472,25,193,4,Good product,2022-09-06
2473,42,204,5,Excellent product,2022-09-25
2474,59,215,5,Excellent product,2022-10-14
2475,76,226,4,Good product,2022-11-02
2476,93,237,5,Excellent product,2022-11-21
2477,110,248,5,Excellent product,2022-12-10
2478,127,259,3,Average product,2022-12-29
2479,144,270,5,Excellent product,2023-01-17
2480,161,281,1,Very poor experience,2023-02-05
2481,178,292,4,Good product,2023-02-24
2482,195,303,5,Excellent product,2023-03-15
2483,212,314,5,Excellent product,2023-04-03
2484,229,325,4,Good product,2023-04-22
2485,246,336,3,Average product,2023-05-11
2486,263,347,5,Excellent product,2023-05-30
2487,280,358,4,Good product,2023-06-18
2488,297,369,5,Excellent product,2023-07-07
2489,314,380,5,Excellent product,2023-07-26
2490,331,391,2,Product quality could be better,2023-08-14
2491,348,402,5,Excellent product,2023-09-02
2492,365,413,3,Average product,2023-09-21
2493,382,424,4,Good product,2023-10-10
2494,399,435,5,Excellent product,2023-10-29
2495,416,446,5,Excellent product,2023-11-17
2496,433,457,4,Good product,2023-12-06
2497,450,468,5,Excellent product,2023-12-25
2498,467,479,5,Excellent product,2024-01-13
2499,484,490,3,Average product,2024-02-01
2500,501,1,1,Very poor experience,2024-02-20
2501,518,12,5,Excellent product,2024-03-10
2502,535,23,4,Good product,2024-03-29
2503,552,34,5,Excellent product,2024-04-17
2504,569,45,5,Excellent product,2024-05-06
2505,586,56,4,Good product,2024-05-25
2506,603,67,3,Average product,2024-06-13
2507,620,78,5,Excellent product,2024-07-02
2508,637,89,4,Good product,2024-07-21
2509,654,100,5,Excellent product,2024-08-09
2510,671,111,2,Product quality could be better,2024-08-28
2511,688,122,4,Good product,2024-09-16
2512,705,133,5,Excellent product,2024-10-05
2513,722,144,3,Average product,2024-10-24
2514,739,155,4,Good product,2024-11-12
2515,756,166,5,Excellent product,2024-12-01
2516,773,177,5,Excellent product,2024-12-20
2517,790,188,4,Good product,2025-01-08
2518,807,199,5,Excellent product,2025-01-27
2519,824,210,5,Excellent product,2025-02-15
2520,841,221,1,Very poor experience,2025-03-06
2521,858,232,5,Excellent product,2025-03-25
2522,875,243,5,Excellent product,2025-04-13
2523,892,254,4,Good product,2025-05-02
2524,909,265,5,Excellent product,2025-05-21
2525,926,276,5,Excellent product,2025-06-09
2526,943,287,4,Good product,2025-06-28
2527,960,298,3,Average product,2025-07-17
2528,977,309,5,Excellent product,2025-08-05
2529,994,320,4,Good product,2025-08-24
2530,1011,331,2,Product quality could be better,2025-09-12
2531,1028,342,5,Excellent product,2025-10-01
2532,1045,353,4,Good product,2025-10-20
2533,1062,364,5,Excellent product,2025-11-08
2534,1079,375,3,Average product,2025-11-27
2535,1096,386,4,Good product,2025-12-16
2536,1113,397,5,Excellent product,2022-01-05
2537,1130,408,5,Excellent product,2022-01-24
2538,1147,419,4,Good product,2022-02-12
2539,1164,430,5,Excellent product,2022-03-03
2540,1181,441,1,Very poor experience,2022-03-22
2541,1198,452,3,Average product,2022-04-10
2542,1215,463,5,Excellent product,2022-04-29
2543,1232,474,5,Excellent product,2022-05-18
2544,1249,485,4,Good product,2022-06-06
2545,1266,496,5,Excellent product,2022-06-25
2546,1283,7,5,Excellent product,2022-07-14
2547,1300,18,4,Good product,2022-08-02
2548,1317,29,3,Average product,2022-08-21
2549,1334,40,5,Excellent product,2022-09-09
2550,1351,51,2,Product quality could be better,2022-09-28
2551,1368,62,5,Excellent product,2022-10-17
2552,1385,73,5,Excellent product,2022-11-05
2553,1402,84,4,Good product,2022-11-24
2554,1419,95,5,Excellent product,2022-12-13
2555,1436,106,3,Average product,2023-01-01
2556,1453,117,4,Good product,2023-01-20
2557,1470,128,5,Excellent product,2023-02-08
2558,1487,139,5,Excellent product,2023-02-27
2559,1504,150,4,Good product,2023-03-18
2560,1521,161,1,Very poor experience,2023-04-06
2561,1538,172,5,Excellent product,2023-04-25
2562,1555,183,3,Average product,2023-05-14
2563,1572,194,5,Excellent product,2023-06-02
2564,1589,205,5,Excellent product,2023-06-21
2565,1606,216,4,Good product,2023-07-10
2566,1623,227,5,Excellent product,2023-07-29
2567,1640,238,5,Excellent product,2023-08-17
2568,1657,249,4,Good product,2023-09-05
2569,1674,260,3,Average product,2023-09-24
2570,1691,271,2,Product quality could be better,2023-10-13
2571,1708,282,4,Good product,2023-11-01
2572,1725,293,5,Excellent product,2023-11-20
2573,1742,304,5,Excellent product,2023-12-09
2574,1759,315,4,Good product,2023-12-28
2575,1776,326,5,Excellent product,2024-01-16
2576,1793,337,3,Average product,2024-02-04
2577,1810,348,4,Good product,2024-02-23
2578,1827,359,5,Excellent product,2024-03-13
2579,1844,370,5,Excellent product,2024-04-01
2580,1861,381,1,Very poor experience,2024-04-20
2581,1878,392,5,Excellent product,2024-05-09
2582,1895,403,5,Excellent product,2024-05-28
2583,1912,414,3,Average product,2024-06-16
2584,1929,425,5,Excellent product,2024-07-05
2585,1946,436,5,Excellent product,2024-07-24
2586,1963,447,4,Good product,2024-08-12
2587,1980,458,5,Excellent product,2024-08-31
2588,1997,469,5,Excellent product,2024-09-19
2589,14,480,4,Good product,2024-10-08
2590,31,491,2,Product quality could be better,2024-10-27
2591,48,2,5,Excellent product,2024-11-15
2592,65,13,4,Good product,2024-12-04
2593,82,24,5,Excellent product,2024-12-23
2594,99,35,5,Excellent product,2025-01-11
2595,116,46,4,Good product,2025-01-30
2596,133,57,5,Excellent product,2025-02-18
2597,150,68,3,Average product,2025-03-09
2598,167,79,4,Good product,2025-03-28
2599,184,90,5,Excellent product,2025-04-16
2600,201,101,1,Very poor experience,2025-05-05
2601,218,112,4,Good product,2025-05-24
2602,235,123,5,Excellent product,2025-06-12
2603,252,134,5,Excellent product,2025-07-01
2604,269,145,3,Average product,2025-07-20
2605,286,156,5,Excellent product,2025-08-08
2606,303,167,5,Excellent product,2025-08-27
2607,320,178,4,Good product,2025-09-15
2608,337,189,5,Excellent product,2025-10-04
2609,354,200,5,Excellent product,2025-10-23
2610,371,211,2,Product quality could be better,2025-11-11
2611,388,222,3,Average product,2025-11-30
2612,405,233,5,Excellent product,2025-12-19
2613,422,244,4,Good product,2022-01-08
2614,439,255,5,Excellent product,2022-01-27
2615,456,266,5,Excellent product,2022-02-15
2616,473,277,4,Good product,2022-03-06
2617,490,288,5,Excellent product,2022-03-25
2618,507,299,3,Average product,2022-04-13
2619,524,310,4,Good product,2022-05-02
2620,541,321,1,Very poor experience,2022-05-21
2621,558,332,5,Excellent product,2022-06-09
2622,575,343,4,Good product,2022-06-28
2623,592,354,5,Excellent product,2022-07-17
2624,609,365,5,Excellent product,2022-08-05
2625,626,376,3,Average product,2022-08-24
2626,643,387,5,Excellent product,2022-09-12
2627,660,398,5,Excellent product,2022-10-01
2628,677,409,4,Good product,2022-10-20
2629,694,420,5,Excellent product,2022-11-08
2630,711,431,2,Product quality could be better,2022-11-27
2631,728,442,4,Good product,2022-12-16
2632,745,453,3,Average product,2023-01-04
2633,762,464,5,Excellent product,2023-01-23
2634,779,475,4,Good product,2023-02-11
2635,796,486,5,Excellent product,2023-03-02
2636,813,497,5,Excellent product,2023-03-21
2637,830,8,4,Good product,2023-04-09
2638,847,19,5,Excellent product,2023-04-28
2639,864,30,3,Average product,2023-05-17
2640,881,41,1,Very poor experience,2023-06-05
2641,898,52,5,Excellent product,2023-06-24
2642,915,63,5,Excellent product,2023-07-13
2643,932,74,4,Good product,2023-08-01
2644,949,85,5,Excellent product,2023-08-20
2645,966,96,5,Excellent product,2023-09-08
2646,983,107,3,Average product,2023-09-27
2647,1000,118,5,Excellent product,2023-10-16
2648,1017,129,5,Excellent product,2023-11-04
2649,1034,140,4,Good product,2023-11-23
2650,1051,151,2,Product quality could be better,2023-12-12
2651,1068,162,5,Excellent product,2023-12-31
2652,1085,173,4,Good product,2024-01-19
2653,1102,184,3,Average product,2024-02-07
2654,1119,195,5,Excellent product,2024-02-26
2655,1136,206,4,Good product,2024-03-16
2656,1153,217,5,Excellent product,2024-04-04
2657,1170,228,5,Excellent product,2024-04-23
2658,1187,239,4,Good product,2024-05-12
2659,1204,250,5,Excellent product,2024-05-31
2660,1221,261,1,Very poor experience,2024-06-19
2661,1238,272,4,Good product,2024-07-08
2662,1255,283,5,Excellent product,2024-07-27
2663,1272,294,5,Excellent product,2024-08-15
2664,1289,305,4,Good product,2024-09-03
2665,1306,316,5,Excellent product,2024-09-22
2666,1323,327,5,Excellent product,2024-10-11
2667,1340,338,3,Average product,2024-10-30
2668,1357,349,5,Excellent product,2024-11-18
2669,1374,360,5,Excellent product,2024-12-07
2670,1391,371,2,Product quality could be better,2024-12-26
2671,1408,382,5,Excellent product,2025-01-14
2672,1425,393,5,Excellent product,2025-02-02
2673,1442,404,4,Good product,2025-02-21
2674,1459,415,3,Average product,2025-03-12
2675,1476,426,5,Excellent product,2025-03-31
2676,1493,437,4,Good product,2025-04-19
2677,1510,448,5,Excellent product,2025-05-08
2678,1527,459,5,Excellent product,2025-05-27
2679,1544,470,4,Good product,2025-06-15
2680,1561,481,1,Very poor experience,2025-07-04
2681,1578,492,3,Average product,2025-07-23
2682,1595,3,4,Good product,2025-08-11
2683,1612,14,5,Excellent product,2025-08-30
2684,1629,25,5,Excellent product,2025-09-18
2685,1646,36,4,Good product,2025-10-07
2686,1663,47,5,Excellent product,2025-10-26
2687,1680,58,5,Excellent product,2025-11-14
2688,1697,69,3,Average product,2025-12-03
2689,1714,80,5,Excellent product,2025-12-22
2690,1731,91,2,Product quality could be better,2022-01-11
2691,1748,102,4,Good product,2022-01-30
2692,1765,113,5,Excellent product,2022-02-18
2693,1782,124,5,Excellent product,2022-03-09
2694,1799,135,4,Good product,2022-03-28
2695,1816,146,3,Average product,2022-04-16
2696,1833,157,5,Excellent product,2022-05-05
2697,1850,168,4,Good product,2022-05-24
2698,1867,179,5,Excellent product,2022-06-12
2699,1884,190,5,Excellent product,2022-07-01
2700,1901,201,1,Very poor experience,2022-07-20
2701,1918,212,5,Excellent product,2022-08-08
2702,1935,223,3,Average product,2022-08-27
2703,1952,234,4,Good product,2022-09-15
2704,1969,245,5,Excellent product,2022-10-04
2705,1986,256,5,Excellent product,2022-10-23
2706,3,267,4,Good product,2022-11-11
2707,20,278,5,Excellent product,2022-11-30
2708,37,289,5,Excellent product,2022-12-19
2709,54,300,3,Average product,2023-01-07
2710,71,311,2,Product quality could be better,2023-01-26
2711,88,322,5,Excellent product,2023-02-14
2712,105,333,4,Good product,2023-03-05
2713,122,344,5,Excellent product,2023-03-24
2714,139,355,5,Excellent product,2023-04-12
2715,156,366,4,Good product,2023-05-01
2716,173,377,3,Average product,2023-05-20
2717,190,388,5,Excellent product,2023-06-08
2718,207,399,4,Good product,2023-06-27
2719,224,410,5,Excellent product,2023-07-16
2720,241,421,1,Very poor experience,2023-08-04
2721,258,432,4,Good product,2023-08-23
2722,275,443,5,Excellent product,2023-09-11
2723,292,454,3,Average product,2023-09-30
2724,309,465,4,Good product,2023-10-19
2725,326,476,5,Excellent product,2023-11-07
2726,343,487,5,Excellent product,2023-11-26
2727,360,498,4,Good product,2023-12-15
2728,377,9,5,Excellent product,2024-01-03
2729,394,20,5,Excellent product,2024-01-22
2730,411,31,2,Product quality could be better,2024-02-10
2731,428,42,5,Excellent product,2024-02-29
2732,445,53,5,Excellent product,2024-03-19
2733,462,64,4,Good product,2024-04-07
2734,479,75,5,Excellent product,2024-04-26
2735,496,86,5,Excellent product,2024-05-15
2736,513,97,4,Good product,2024-06-03
2737,530,108,3,Average product,2024-06-22
2738,547,119,5,Excellent product,2024-07-11
2739,564,130,4,Good product,2024-07-30
2740,581,141,1,Very poor experience,2024-08-18
2741,598,152,5,Excellent product,2024-09-06
2742,615,163,4,Good product,2024-09-25
2743,632,174,5,Excellent product,2024-10-14
2744,649,185,3,Average product,2024-11-02
2745,666,196,4,Good product,2024-11-21
2746,683,207,5,Excellent product,2024-12-10
2747,700,218,5,Excellent product,2024-12-29
2748,717,229,4,Good product,2025-01-17
2749,734,240,5,Excellent product,2025-02-05
2750,751,251,2,Product quality could be better,2025-02-24
2751,768,262,3,Average product,2025-03-15
2752,785,273,5,Excellent product,2025-04-03
2753,802,284,5,Excellent product,2025-04-22
2754,819,295,4,Good product,2025-05-11
2755,836,306,5,Excellent product,2025-05-30
2756,853,317,5,Excellent product,2025-06-18
2757,870,328,4,Good product,2025-07-07
2758,887,339,3,Average product,2025-07-26
2759,904,350,5,Excellent product,2025-08-14
2760,921,361,1,Very poor experience,2025-09-02
2761,938,372,5,Excellent product,2025-09-21
2762,955,383,5,Excellent product,2025-10-10
2763,972,394,4,Good product,2025-10-29
2764,989,405,5,Excellent product,2025-11-17
2765,1006,416,3,Average product,2025-12-06
2766,1023,427,4,Good product,2025-12-25
2767,1040,438,5,Excellent product,2022-01-14
2768,1057,449,5,Excellent product,2022-02-02
2769,1074,460,4,Good product,2022-02-21
2770,1091,471,2,Product quality could be better,2022-03-12
2771,1108,482,5,Excellent product,2022-03-31
2772,1125,493,3,Average product,2022-04-19
2773,1142,4,5,Excellent product,2022-05-08
2774,1159,15,5,Excellent product,2022-05-27
2775,1176,26,4,Good product,2022-06-15
2776,1193,37,5,Excellent product,2022-07-04
2777,1210,48,5,Excellent product,2022-07-23
2778,1227,59,4,Good product,2022-08-11
2779,1244,70,3,Average product,2022-08-30
2780,1261,81,1,Very poor experience,2022-09-18
2781,1278,92,4,Good product,2022-10-07
2782,1295,103,5,Excellent product,2022-10-26
2783,1312,114,5,Excellent product,2022-11-14
2784,1329,125,4,Good product,2022-12-03
2785,1346,136,5,Excellent product,2022-12-22
2786,1363,147,3,Average product,2023-01-10
2787,1380,158,4,Good product,2023-01-29
2788,1397,169,5,Excellent product,2023-02-17
2789,1414,180,5,Excellent product,2023-03-08
2790,1431,191,2,Product quality could be better,2023-03-27
2791,1448,202,5,Excellent product,2023-04-15
2792,1465,213,5,Excellent product,2023-05-04
2793,1482,224,3,Average product,2023-05-23
2794,1499,235,5,Excellent product,2023-06-11
2795,1516,246,5,Excellent product,2023-06-30
2796,1533,257,4,Good product,2023-07-19
2797,1550,268,5,Excellent product,2023-08-07
2798,1567,279,5,Excellent product,2023-08-26
2799,1584,290,4,Good product,2023-09-14
2800,1601,301,1,Very poor experience,2023-10-03
2801,1618,312,5,Excellent product,2023-10-22
2802,1635,323,4,Good product,2023-11-10
2803,1652,334,5,Excellent product,2023-11-29
2804,1669,345,5,Excellent product,2023-12-18
2805,1686,356,4,Good product,2024-01-06
2806,1703,367,5,Excellent product,2024-01-25
2807,1720,378,3,Average product,2024-02-13
2808,1737,389,4,Good product,2024-03-03
2809,1754,400,5,Excellent product,2024-03-22
2810,1771,411,2,Product quality could be better,2024-04-10
2811,1788,422,4,Good product,2024-04-29
2812,1805,433,5,Excellent product,2024-05-18
2813,1822,444,5,Excellent product,2024-06-06
2814,1839,455,3,Average product,2024-06-25
2815,1856,466,5,Excellent product,2024-07-14
2816,1873,477,5,Excellent product,2024-08-02
2817,1890,488,4,Good product,2024-08-21
2818,1907,499,5,Excellent product,2024-09-09
2819,1924,10,5,Excellent product,2024-09-28
2820,1941,21,1,Very poor experience,2024-10-17
2821,1958,32,3,Average product,2024-11-05
2822,1975,43,5,Excellent product,2024-11-24
2823,1992,54,4,Good product,2024-12-13
2824,9,65,5,Excellent product,2025-01-01
2825,26,76,5,Excellent product,2025-01-20
2826,43,87,4,Good product,2025-02-08
2827,60,98,5,Excellent product,2025-02-27
2828,77,109,3,Average product,2025-03-18
2829,94,120,4,Good product,2025-04-06
2830,111,131,2,Product quality could be better,2025-04-25
2831,128,142,5,Excellent product,2025-05-14
2832,145,153,4,Good product,2025-06-02
2833,162,164,5,Excellent product,2025-06-21
2834,179,175,5,Excellent product,2025-07-10
2835,196,186,3,Average product,2025-07-29
2836,213,197,5,Excellent product,2025-08-17
2837,230,208,5,Excellent product,2025-09-05
2838,247,219,4,Good product,2025-09-24
2839,264,230,5,Excellent product,2025-10-13
2840,281,241,1,Very poor experience,2025-11-01
2841,298,252,4,Good product,2025-11-20
2842,315,263,3,Average product,2025-12-09
2843,332,274,5,Excellent product,2025-12-28
2844,349,285,4,Good product,2022-01-17
2845,366,296,5,Excellent product,2022-02-05
2846,383,307,5,Excellent product,2022-02-24
2847,400,318,4,Good product,2022-03-15
2848,417,329,5,Excellent product,2022-04-03
2849,434,340,3,Average product,2022-04-22
2850,451,351,2,Product quality could be better,2022-05-11
2851,468,362,5,Excellent product,2022-05-30
2852,485,373,5,Excellent product,2022-06-18
2853,502,384,4,Good product,2022-07-07
2854,519,395,5,Excellent product,2022-07-26
2855,536,406,5,Excellent product,2022-08-14
2856,553,417,3,Average product,2022-09-02
2857,570,428,5,Excellent product,2022-09-21
2858,587,439,5,Excellent product,2022-10-10
2859,604,450,4,Good product,2022-10-29
2860,621,461,1,Very poor experience,2022-11-17
2861,638,472,5,Excellent product,2022-12-06
2862,655,483,4,Good product,2022-12-25
2863,672,494,3,Average product,2023-01-13
2864,689,5,5,Excellent product,2023-02-01
2865,706,16,4,Good product,2023-02-20
2866,723,27,5,Excellent product,2023-03-11
2867,740,38,5,Excellent product,2023-03-30
2868,757,49,4,Good product,2023-04-18
2869,774,60,5,Excellent product,2023-05-07
2870,791,71,2,Product quality could be better,2023-05-26
2871,808,82,4,Good product,2023-06-14
2872,825,93,5,Excellent product,2023-07-03
2873,842,104,5,Excellent product,2023-07-22
2874,859,115,4,Good product,2023-08-10
2875,876,126,5,Excellent product,2023-08-29
2876,893,137,5,Excellent product,2023-09-17
2877,910,148,3,Average product,2023-10-06
2878,927,159,5,Excellent product,2023-10-25
2879,944,170,5,Excellent product,2023-11-13
2880,961,181,1,Very poor experience,2023-12-02
2881,978,192,5,Excellent product,2023-12-21
2882,995,203,5,Excellent product,2024-01-09
2883,1012,214,4,Good product,2024-01-28
2884,1029,225,3,Average product,2024-02-16
2885,1046,236,5,Excellent product,2024-03-06
2886,1063,247,4,Good product,2024-03-25
2887,1080,258,5,Excellent product,2024-04-13
2888,1097,269,5,Excellent product,2024-05-02
2889,1114,280,4,Good product,2024-05-21
2890,1131,291,2,Product quality could be better,2024-06-09
2891,1148,302,3,Average product,2024-06-28
2892,1165,313,4,Good product,2024-07-17
2893,1182,324,5,Excellent product,2024-08-05
2894,1199,335,5,Excellent product,2024-08-24
2895,1216,346,4,Good product,2024-09-12
2896,1233,357,5,Excellent product,2024-10-01
2897,1250,368,5,Excellent product,2024-10-20
2898,1267,379,3,Average product,2024-11-08
2899,1284,390,5,Excellent product,2024-11-27
2900,1301,401,1,Very poor experience,2024-12-16
2901,1318,412,4,Good product,2025-01-04
2902,1335,423,5,Excellent product,2025-01-23
2903,1352,434,5,Excellent product,2025-02-11
2904,1369,445,4,Good product,2025-03-02
2905,1386,456,3,Average product,2025-03-21
2906,1403,467,5,Excellent product,2025-04-09
2907,1420,478,4,Good product,2025-04-28
2908,1437,489,5,Excellent product,2025-05-17
2909,1454,500,5,Excellent product,2025-06-05
2910,1471,11,2,Product quality could be better,2025-06-24
2911,1488,22,5,Excellent product,2025-07-13
2912,1505,33,3,Average product,2025-08-01
2913,1522,44,4,Good product,2025-08-20
2914,1539,55,5,Excellent product,2025-09-08
2915,1556,66,5,Excellent product,2025-09-27
2916,1573,77,4,Good product,2025-10-16
2917,1590,88,5,Excellent product,2025-11-04
2918,1607,99,5,Excellent product,2025-11-23
2919,1624,110,3,Average product,2025-12-12
2920,1641,121,1,Very poor experience,2022-01-01
2921,1658,132,5,Excellent product,2022-01-20
2922,1675,143,4,Good product,2022-02-08
2923,1692,154,5,Excellent product,2022-02-27
2924,1709,165,5,Excellent product,2022-03-18
2925,1726,176,4,Good product,2022-04-06
2926,1743,187,3,Average product,2022-04-25
2927,1760,198,5,Excellent product,2022-05-14
2928,1777,209,4,Good product,2022-06-02
2929,1794,220,5,Excellent product,2022-06-21
2930,1811,231,2,Product quality could be better,2022-07-10
2931,1828,242,4,Good product,2022-07-29
2932,1845,253,5,Excellent product,2022-08-17
2933,1862,264,3,Average product,2022-09-05
2934,1879,275,4,Good product,2022-09-24
2935,1896,286,5,Excellent product,2022-10-13
2936,1913,297,5,Excellent product,2022-11-01
2937,1930,308,4,Good product,2022-11-20
2938,1947,319,5,Excellent product,2022-12-09
2939,1964,330,5,Excellent product,2022-12-28
2940,1981,341,1,Very poor experience,2023-01-16
2941,1998,352,5,Excellent product,2023-02-04
2942,15,363,5,Excellent product,2023-02-23
2943,32,374,4,Good product,2023-03-14
2944,49,385,5,Excellent product,2023-04-02
2945,66,396,5,Excellent product,2023-04-21
2946,83,407,4,Good product,2023-05-10
2947,100,418,3,Average product,2023-05-29
2948,117,429,5,Excellent product,2023-06-17
2949,134,440,4,Good product,2023-07-06
2950,151,451,2,Product quality could be better,2023-07-25
2951,168,462,5,Excellent product,2023-08-13
2952,185,473,4,Good product,2023-09-01
2953,202,484,5,Excellent product,2023-09-20
2954,219,495,3,Average product,2023-10-09
2955,236,6,4,Good product,2023-10-28
2956,253,17,5,Excellent product,2023-11-16
2957,270,28,5,Excellent product,2023-12-05
2958,287,39,4,Good product,2023-12-24
2959,304,50,5,Excellent product,2024-01-12
2960,321,61,1,Very poor experience,2024-01-31
2961,338,72,3,Average product,2024-02-19
2962,355,83,5,Excellent product,2024-03-09
2963,372,94,5,Excellent product,2024-03-28
2964,389,105,4,Good product,2024-04-16
2965,406,116,5,Excellent product,2024-05-05
2966,423,127,5,Excellent product,2024-05-24
2967,440,138,4,Good product,2024-06-12
2968,457,149,3,Average product,2024-07-01
2969,474,160,5,Excellent product,2024-07-20
2970,491,171,2,Product quality could be better,2024-08-08
2971,508,182,5,Excellent product,2024-08-27
2972,525,193,5,Excellent product,2024-09-15
2973,542,204,4,Good product,2024-10-04
2974,559,215,5,Excellent product,2024-10-23
2975,576,226,3,Average product,2024-11-11
2976,593,237,4,Good product,2024-11-30
2977,610,248,5,Excellent product,2024-12-19
2978,627,259,5,Excellent product,2025-01-07
2979,644,270,4,Good product,2025-01-26
2980,661,281,1,Very poor experience,2025-02-14
2981,678,292,5,Excellent product,2025-03-05
2982,695,303,3,Average product,2025-03-24
2983,712,314,5,Excellent product,2025-04-12
2984,729,325,5,Excellent product,2025-05-01
2985,746,336,4,Good product,2025-05-20
2986,763,347,5,Excellent product,2025-06-08
2987,780,358,5,Excellent product,2025-06-27
2988,797,369,4,Good product,2025-07-16
2989,814,380,3,Average product,2025-08-04
2990,831,391,2,Product quality could be better,2025-08-23
2991,848,402,4,Good product,2025-09-11
2992,865,413,5,Excellent product,2025-09-30
2993,882,424,5,Excellent product,2025-10-19
2994,899,435,4,Good product,2025-11-07
2995,916,446,5,Excellent product,2025-11-26
2996,933,457,3,Average product,2025-12-15
2997,950,468,4,Good product,2022-01-04
2998,967,479,5,Excellent product,2022-01-23
2999,984,490,5,Excellent product,2022-02-11
3000,1001,1,1,Very poor experience,2022-03-02
3001,1018,12,5,Excellent product,2022-03-21
3002,1035,23,5,Excellent product,2022-04-09
3003,1052,34,3,Average product,2022-04-28
3004,1069,45,5,Excellent product,2022-05-17
3005,1086,56,5,Excellent product,2022-06-05
3006,1103,67,4,Good product,2022-06-24
3007,1120,78,5,Excellent product,2022-07-13
3008,1137,89,5,Excellent product,2022-08-01
3009,1154,100,4,Good product,2022-08-20
3010,1171,111,2,Product quality could be better,2022-09-08
3011,1188,122,5,Excellent product,2022-09-27
3012,1205,133,4,Good product,2022-10-16
3013,1222,144,5,Excellent product,2022-11-04
3014,1239,155,5,Excellent product,2022-11-23
3015,1256,166,4,Good product,2022-12-12
3016,1273,177,5,Excellent product,2022-12-31
3017,1290,188,3,Average product,2023-01-19
3018,1307,199,4,Good product,2023-02-07
3019,1324,210,5,Excellent product,2023-02-26
3020,1341,221,1,Very poor experience,2023-03-17
3021,1358,232,4,Good product,2023-04-05
3022,1375,243,5,Excellent product,2023-04-24
3023,1392,254,5,Excellent product,2023-05-13
3024,1409,265,3,Average product,2023-06-01
3025,1426,276,5,Excellent product,2023-06-20
3026,1443,287,5,Excellent product,2023-07-09
3027,1460,298,4,Good product,2023-07-28
3028,1477,309,5,Excellent product,2023-08-16
3029,1494,320,5,Excellent product,2023-09-04
3030,1511,331,2,Product quality could be better,2023-09-23
3031,1528,342,3,Average product,2023-10-12
3032,1545,353,5,Excellent product,2023-10-31
3033,1562,364,4,Good product,2023-11-19
3034,1579,375,5,Excellent product,2023-12-08
3035,1596,386,5,Excellent product,2023-12-27
3036,1613,397,4,Good product,2024-01-15
3037,1630,408,5,Excellent product,2024-02-03
3038,1647,419,3,Average product,2024-02-22
3039,1664,430,4,Good product,2024-03-12
3040,1681,441,1,Very poor experience,2024-03-31
3041,1698,452,5,Excellent product,2024-04-19
3042,1715,463,4,Good product,2024-05-08
3043,1732,474,5,Excellent product,2024-05-27
3044,1749,485,5,Excellent product,2024-06-15
3045,1766,496,3,Average product,2024-07-04
3046,1783,7,5,Excellent product,2024-07-23
3047,1800,18,5,Excellent product,2024-08-11
3048,1817,29,4,Good product,2024-08-30
3049,1834,40,5,Excellent product,2024-09-18
3050,1851,51,2,Product quality could be better,2024-10-07
3051,1868,62,4,Good product,2024-10-26
3052,1885,73,3,Average product,2024-11-14
3053,1902,84,5,Excellent product,2024-12-03
3054,1919,95,4,Good product,2024-12-22
3055,1936,106,5,Excellent product,2025-01-10
3056,1953,117,5,Excellent product,2025-01-29
3057,1970,128,4,Good product,2025-02-17
3058,1987,139,5,Excellent product,2025-03-08
3059,4,150,3,Average product,2025-03-27
3060,21,161,1,Very poor experience,2025-04-15
3061,38,172,5,Excellent product,2025-05-04
3062,55,183,5,Excellent product,2025-05-23
3063,72,194,4,Good product,2025-06-11
3064,89,205,5,Excellent product,2025-06-30
3065,106,216,5,Excellent product,2025-07-19
3066,123,227,3,Average product,2025-08-07
3067,140,238,5,Excellent product,2025-08-26
3068,157,249,5,Excellent product,2025-09-14
3069,174,260,4,Good product,2025-10-03
3070,191,271,2,Product quality could be better,2025-10-22
3071,208,282,5,Excellent product,2025-11-10
3072,225,293,4,Good product,2025-11-29
3073,242,304,3,Average product,2025-12-18
3074,259,315,5,Excellent product,2022-01-07
3075,276,326,4,Good product,2022-01-26
3076,293,337,5,Excellent product,2022-02-14
3077,310,348,5,Excellent product,2022-03-05
3078,327,359,4,Good product,2022-03-24
3079,344,370,5,Excellent product,2022-04-12
3080,361,381,1,Very poor experience,2022-05-01
3081,378,392,4,Good product,2022-05-20
3082,395,403,5,Excellent product,2022-06-08
3083,412,414,5,Excellent product,2022-06-27
3084,429,425,4,Good product,2022-07-16
3085,446,436,5,Excellent product,2022-08-04
3086,463,447,5,Excellent product,2022-08-23
3087,480,458,3,Average product,2022-09-11
3088,497,469,5,Excellent product,2022-09-30
3089,514,480,5,Excellent product,2022-10-19
3090,531,491,2,Product quality could be better,2022-11-07
3091,548,2,5,Excellent product,2022-11-26
3092,565,13,5,Excellent product,2022-12-15
3093,582,24,4,Good product,2023-01-03
3094,599,35,3,Average product,2023-01-22
3095,616,46,5,Excellent product,2023-02-10
3096,633,57,4,Good product,2023-03-01
3097,650,68,5,Excellent product,2023-03-20
3098,667,79,5,Excellent product,2023-04-08
3099,684,90,4,Good product,2023-04-27
3100,701,101,1,Very poor experience,2023-05-16
3101,718,112,3,Average product,2023-06-04
3102,735,123,4,Good product,2023-06-23
3103,752,134,5,Excellent product,2023-07-12
3104,769,145,5,Excellent product,2023-07-31
3105,786,156,4,Good product,2023-08-19
3106,803,167,5,Excellent product,2023-09-07
3107,820,178,5,Excellent product,2023-09-26
3108,837,189,3,Average product,2023-10-15
3109,854,200,5,Excellent product,2023-11-03
3110,871,211,2,Product quality could be better,2023-11-22
3111,888,222,4,Good product,2023-12-11
3112,905,233,5,Excellent product,2023-12-30
3113,922,244,5,Excellent product,2024-01-18
3114,939,255,4,Good product,2024-02-06
3115,956,266,3,Average product,2024-02-25
3116,973,277,5,Excellent product,2024-03-15
3117,990,288,4,Good product,2024-04-03
3118,1007,299,5,Excellent product,2024-04-22
3119,1024,310,5,Excellent product,2024-05-11
3120,1041,321,1,Very poor experience,2024-05-30
3121,1058,332,5,Excellent product,2024-06-18
3122,1075,343,3,Average product,2024-07-07
3123,1092,354,4,Good product,2024-07-26
3124,1109,365,5,Excellent product,2024-08-14
3125,1126,376,5,Excellent product,2024-09-02
3126,1143,387,4,Good product,2024-09-21
3127,1160,398,5,Excellent product,2024-10-10
3128,1177,409,5,Excellent product,2024-10-29
3129,1194,420,3,Average product,2024-11-17
3130,1211,431,2,Product quality could be better,2024-12-06
3131,1228,442,5,Excellent product,2024-12-25
3132,1245,453,4,Good product,2025-01-13
3133,1262,464,5,Excellent product,2025-02-01
3134,1279,475,5,Excellent product,2025-02-20
3135,1296,486,4,Good product,2025-03-11
3136,1313,497,3,Average product,2025-03-30
3137,1330,8,5,Excellent product,2025-04-18
3138,1347,19,4,Good product,2025-05-07
3139,1364,30,5,Excellent product,2025-05-26
3140,1381,41,1,Very poor experience,2025-06-14
3141,1398,52,4,Good product,2025-07-03
3142,1415,63,5,Excellent product,2025-07-22
3143,1432,74,3,Average product,2025-08-10
3144,1449,85,4,Good product,2025-08-29
3145,1466,96,5,Excellent product,2025-09-17
3146,1483,107,5,Excellent product,2025-10-06
3147,1500,118,4,Good product,2025-10-25
3148,1517,129,5,Excellent product,2025-11-13
3149,1534,140,5,Excellent product,2025-12-02
3150,1551,151,2,Product quality could be better,2025-12-21
3151,1568,162,5,Excellent product,2022-01-10
3152,1585,173,5,Excellent product,2022-01-29
3153,1602,184,4,Good product,2022-02-17
3154,1619,195,5,Excellent product,2022-03-08
3155,1636,206,5,Excellent product,2022-03-27
3156,1653,217,4,Good product,2022-04-15
3157,1670,228,3,Average product,2022-05-04
3158,1687,239,5,Excellent product,2022-05-23
3159,1704,250,4,Good product,2022-06-11
3160,1721,261,1,Very poor experience,2022-06-30
3161,1738,272,5,Excellent product,2022-07-19
3162,1755,283,4,Good product,2022-08-07
3163,1772,294,5,Excellent product,2022-08-26
3164,1789,305,3,Average product,2022-09-14
3165,1806,316,4,Good product,2022-10-03
3166,1823,327,5,Excellent product,2022-10-22
3167,1840,338,5,Excellent product,2022-11-10
3168,1857,349,4,Good product,2022-11-29
3169,1874,360,5,Excellent product,2022-12-18
3170,1891,371,2,Product quality could be better,2023-01-06
3171,1908,382,3,Average product,2023-01-25
3172,1925,393,5,Excellent product,2023-02-13
3173,1942,404,5,Excellent product,2023-03-04
3174,1959,415,4,Good product,2023-03-23
3175,1976,426,5,Excellent product,2023-04-11
3176,1993,437,5,Excellent product,2023-04-30
3177,10,448,4,Good product,2023-05-19
3178,27,459,3,Average product,2023-06-07
3179,44,470,5,Excellent product,2023-06-26
3180,61,481,1,Very poor experience,2023-07-15
3181,78,492,5,Excellent product,2023-08-03
3182,95,3,5,Excellent product,2023-08-22
3183,112,14,4,Good product,2023-09-10
3184,129,25,5,Excellent product,2023-09-29
3185,146,36,3,Average product,2023-10-18
3186,163,47,4,Good product,2023-11-06
3187,180,58,5,Excellent product,2023-11-25
3188,197,69,5,Excellent product,2023-12-14
3189,214,80,4,Good product,2024-01-02
3190,231,91,2,Product quality could be better,2024-01-21
3191,248,102,5,Excellent product,2024-02-09
3192,265,113,3,Average product,2024-02-28
3193,282,124,5,Excellent product,2024-03-18
3194,299,135,5,Excellent product,2024-04-06
3195,316,146,4,Good product,2024-04-25
3196,333,157,5,Excellent product,2024-05-14
3197,350,168,5,Excellent product,2024-06-02
3198,367,179,4,Good product,2024-06-21
3199,384,190,3,Average product,2024-07-10
3200,401,201,1,Very poor experience,2024-07-29
3201,418,212,4,Good product,2024-08-17
3202,435,223,5,Excellent product,2024-09-05
3203,452,234,5,Excellent product,2024-09-24
3204,469,245,4,Good product,2024-10-13
3205,486,256,5,Excellent product,2024-11-01
3206,503,267,3,Average product,2024-11-20
3207,520,278,4,Good product,2024-12-09
3208,537,289,5,Excellent product,2024-12-28
3209,554,300,5,Excellent product,2025-01-16
3210,571,311,2,Product quality could be better,2025-02-04
3211,588,322,5,Excellent product,2025-02-23
3212,605,333,5,Excellent product,2025-03-14
3213,622,344,3,Average product,2025-04-02
3214,639,355,5,Excellent product,2025-04-21
3215,656,366,5,Excellent product,2025-05-10
3216,673,377,4,Good product,2025-05-29
3217,690,388,5,Excellent product,2025-06-17
3218,707,399,5,Excellent product,2025-07-06
3219,724,410,4,Good product,2025-07-25
3220,741,421,1,Very poor experience,2025-08-13
3221,758,432,5,Excellent product,2025-09-01
3222,775,443,4,Good product,2025-09-20
3223,792,454,5,Excellent product,2025-10-09
3224,809,465,5,Excellent product,2025-10-28
3225,826,476,4,Good product,2025-11-16
3226,843,487,5,Excellent product,2025-12-05
3227,860,498,3,Average product,2025-12-24
3228,877,9,4,Good product,2022-01-13
3229,894,20,5,Excellent product,2022-02-01
3230,911,31,2,Product quality could be better,2022-02-20
3231,928,42,4,Good product,2022-03-11
3232,945,53,5,Excellent product,2022-03-30
3233,962,64,5,Excellent product,2022-04-18
3234,979,75,3,Average product,2022-05-07
3235,996,86,5,Excellent product,2022-05-26
3236,1013,97,5,Excellent product,2022-06-14
3237,1030,108,4,Good product,2022-07-03
3238,1047,119,5,Excellent product,2022-07-22
3239,1064,130,5,Excellent product,2022-08-10
3240,1081,141,1,Very poor experience,2022-08-29
3241,1098,152,3,Average product,2022-09-17
3242,1115,163,5,Excellent product,2022-10-06
3243,1132,174,4,Good product,2022-10-25
3244,1149,185,5,Excellent product,2022-11-13
3245,1166,196,5,Excellent product,2022-12-02
3246,1183,207,4,Good product,2022-12-21
3247,1200,218,5,Excellent product,2023-01-09
3248,1217,229,3,Average product,2023-01-28
3249,1234,240,4,Good product,2023-02-16
3250,1251,251,2,Product quality could be better,2023-03-07
3251,1268,262,5,Excellent product,2023-03-26
3252,1285,273,4,Good product,2023-04-14
3253,1302,284,5,Excellent product,2023-05-03
3254,1319,295,5,Excellent product,2023-05-22
3255,1336,306,3,Average product,2023-06-10
3256,1353,317,5,Excellent product,2023-06-29
3257,1370,328,5,Excellent product,2023-07-18
3258,1387,339,4,Good product,2023-08-06
3259,1404,350,5,Excellent product,2023-08-25
3260,1421,361,1,Very poor experience,2023-09-13
3261,1438,372,4,Good product,2023-10-02
3262,1455,383,3,Average product,2023-10-21
3263,1472,394,5,Excellent product,2023-11-09
3264,1489,405,4,Good product,2023-11-28
3265,1506,416,5,Excellent product,2023-12-17
3266,1523,427,5,Excellent product,2024-01-05
3267,1540,438,4,Good product,2024-01-24
3268,1557,449,5,Excellent product,2024-02-12
3269,1574,460,3,Average product,2024-03-02
3270,1591,471,2,Product quality could be better,2024-03-21
3271,1608,482,5,Excellent product,2024-04-09
3272,1625,493,5,Excellent product,2024-04-28
3273,1642,4,4,Good product,2024-05-17
3274,1659,15,5,Excellent product,2024-06-05
3275,1676,26,5,Excellent product,2024-06-24
3276,1693,37,3,Average product,2024-07-13
3277,1710,48,5,Excellent product,2024-08-01
3278,1727,59,5,Excellent product,2024-08-20
3279,1744,70,4,Good product,2024-09-08
3280,1761,81,1,Very poor experience,2024-09-27
3281,1778,92,5,Excellent product,2024-10-16
3282,1795,103,4,Good product,2024-11-04
3283,1812,114,3,Average product,2024-11-23
3284,1829,125,5,Excellent product,2024-12-12
3285,1846,136,4,Good product,2024-12-31
3286,1863,147,5,Excellent product,2025-01-19
3287,1880,158,5,Excellent product,2025-02-07
3288,1897,169,4,Good product,2025-02-26
3289,1914,180,5,Excellent product,2025-03-17
3290,1931,191,2,Product quality could be better,2025-04-05
3291,1948,202,4,Good product,2025-04-24
3292,1965,213,5,Excellent product,2025-05-13
3293,1982,224,5,Excellent product,2025-06-01
3294,1999,235,4,Good product,2025-06-20
3295,16,246,5,Excellent product,2025-07-09
3296,33,257,5,Excellent product,2025-07-28
3297,50,268,3,Average product,2025-08-16
3298,67,279,5,Excellent product,2025-09-04
3299,84,290,5,Excellent product,2025-09-23
3300,101,301,1,Very poor experience,2025-10-12
3301,118,312,5,Excellent product,2025-10-31
3302,135,323,5,Excellent product,2025-11-19
3303,152,334,4,Good product,2025-12-08
3304,169,345,3,Average product,2025-12-27
3305,186,356,5,Excellent product,2022-01-16
3306,203,367,4,Good product,2022-02-04
3307,220,378,5,Excellent product,2022-02-23
3308,237,389,5,Excellent product,2022-03-14
3309,254,400,4,Good product,2022-04-02
3310,271,411,2,Product quality could be better,2022-04-21
3311,288,422,3,Average product,2022-05-10
3312,305,433,4,Good product,2022-05-29
3313,322,444,5,Excellent product,2022-06-17
3314,339,455,5,Excellent product,2022-07-06
3315,356,466,4,Good product,2022-07-25
3316,373,477,5,Excellent product,2022-08-13
3317,390,488,5,Excellent product,2022-09-01
3318,407,499,3,Average product,2022-09-20
3319,424,10,5,Excellent product,2022-10-09
3320,441,21,1,Very poor experience,2022-10-28
3321,458,32,4,Good product,2022-11-16
3322,475,43,5,Excellent product,2022-12-05
3323,492,54,5,Excellent product,2022-12-24
3324,509,65,4,Good product,2023-01-12
3325,526,76,3,Average product,2023-01-31
3326,543,87,5,Excellent product,2023-02-19
3327,560,98,4,Good product,2023-03-10
3328,577,109,5,Excellent product,2023-03-29
3329,594,120,5,Excellent product,2023-04-17
3330,611,131,2,Product quality could be better,2023-05-06
3331,628,142,5,Excellent product,2023-05-25
3332,645,153,3,Average product,2023-06-13
3333,662,164,4,Good product,2023-07-02
3334,679,175,5,Excellent product,2023-07-21
3335,696,186,5,Excellent product,2023-08-09
3336,713,197,4,Good product,2023-08-28
3337,730,208,5,Excellent product,2023-09-16
3338,747,219,5,Excellent product,2023-10-05
3339,764,230,3,Average product,2023-10-24
3340,781,241,1,Very poor experience,2023-11-12
3341,798,252,5,Excellent product,2023-12-01
3342,815,263,4,Good product,2023-12-20
3343,832,274,5,Excellent product,2024-01-08
3344,849,285,5,Excellent product,2024-01-27
3345,866,296,4,Good product,2024-02-15
3346,883,307,3,Average product,2024-03-05
3347,900,318,5,Excellent product,2024-03-24
3348,917,329,4,Good product,2024-04-12
3349,934,340,5,Excellent product,2024-05-01
3350,951,351,2,Product quality could be better,2024-05-20
3351,968,362,4,Good product,2024-06-08
3352,985,373,5,Excellent product,2024-06-27
3353,1002,384,3,Average product,2024-07-16
3354,1019,395,4,Good product,2024-08-04
3355,1036,406,5,Excellent product,2024-08-23
3356,1053,417,5,Excellent product,2024-09-11
3357,1070,428,4,Good product,2024-09-30
3358,1087,439,5,Excellent product,2024-10-19
3359,1104,450,5,Excellent product,2024-11-07
3360,1121,461,1,Very poor experience,2024-11-26
3361,1138,472,5,Excellent product,2024-12-15
3362,1155,483,5,Excellent product,2025-01-03
3363,1172,494,4,Good product,2025-01-22
3364,1189,5,5,Excellent product,2025-02-10
3365,1206,16,5,Excellent product,2025-03-01
3366,1223,27,4,Good product,2025-03-20
3367,1240,38,3,Average product,2025-04-08
3368,1257,49,5,Excellent product,2025-04-27
3369,1274,60,4,Good product,2025-05-16
3370,1291,71,2,Product quality could be better,2025-06-04
3371,1308,82,5,Excellent product,2025-06-23
3372,1325,93,4,Good product,2025-07-12
3373,1342,104,5,Excellent product,2025-07-31
3374,1359,115,3,Average product,2025-08-19
3375,1376,126,4,Good product,2025-09-07
3376,1393,137,5,Excellent product,2025-09-26
3377,1410,148,5,Excellent product,2025-10-15
3378,1427,159,4,Good product,2025-11-03
3379,1444,170,5,Excellent product,2025-11-22
3380,1461,181,1,Very poor experience,2025-12-11
3381,1478,192,3,Average product,2025-12-30
3382,1495,203,5,Excellent product,2022-01-19
3383,1512,214,5,Excellent product,2022-02-07
3384,1529,225,4,Good product,2022-02-26
3385,1546,236,5,Excellent product,2022-03-17
3386,1563,247,5,Excellent product,2022-04-05
3387,1580,258,4,Good product,2022-04-24
3388,1597,269,3,Average product,2022-05-13
3389,1614,280,5,Excellent product,2022-06-01
3390,1631,291,2,Product quality could be better,2022-06-20
3391,1648,302,5,Excellent product,2022-07-09
3392,1665,313,5,Excellent product,2022-07-28
3393,1682,324,4,Good product,2022-08-16
3394,1699,335,5,Excellent product,2022-09-04
3395,1716,346,3,Average product,2022-09-23
3396,1733,357,4,Good product,2022-10-12
3397,1750,368,5,Excellent product,2022-10-31
3398,1767,379,5,Excellent product,2022-11-19
3399,1784,390,4,Good product,2022-12-08
3400,1801,401,1,Very poor experience,2022-12-27
3401,1818,412,5,Excellent product,2023-01-15
3402,1835,423,3,Average product,2023-02-03
3403,1852,434,5,Excellent product,2023-02-22
3404,1869,445,5,Excellent product,2023-03-13
3405,1886,456,4,Good product,2023-04-01
3406,1903,467,5,Excellent product,2023-04-20
3407,1920,478,5,Excellent product,2023-05-09
3408,1937,489,4,Good product,2023-05-28
3409,1954,500,3,Average product,2023-06-16
3410,1971,11,2,Product quality could be better,2023-07-05
3411,1988,22,4,Good product,2023-07-24
3412,5,33,5,Excellent product,2023-08-12
3413,22,44,5,Excellent product,2023-08-31
3414,39,55,4,Good product,2023-09-19
3415,56,66,5,Excellent product,2023-10-08
3416,73,77,3,Average product,2023-10-27
3417,90,88,4,Good product,2023-11-15
3418,107,99,5,Excellent product,2023-12-04
3419,124,110,5,Excellent product,2023-12-23
3420,141,121,1,Very poor experience,2024-01-11
3421,158,132,5,Excellent product,2024-01-30
3422,175,143,5,Excellent product,2024-02-18
3423,192,154,3,Average product,2024-03-08
3424,209,165,5,Excellent product,2024-03-27
3425,226,176,5,Excellent product,2024-04-15
3426,243,187,4,Good product,2024-05-04
3427,260,198,5,Excellent product,2024-05-23
3428,277,209,5,Excellent product,2024-06-11
3429,294,220,4,Good product,2024-06-30
3430,311,231,2,Product quality could be better,2024-07-19
3431,328,242,5,Excellent product,2024-08-07
3432,345,253,4,Good product,2024-08-26
3433,362,264,5,Excellent product,2024-09-14
3434,379,275,5,Excellent product,2024-10-03
3435,396,286,4,Good product,2024-10-22
3436,413,297,5,Excellent product,2024-11-10
3437,430,308,3,Average product,2024-11-29
3438,447,319,4,Good product,2024-12-18
3439,464,330,5,Excellent product,2025-01-06
3440,481,341,1,Very poor experience,2025-01-25
3441,498,352,4,Good product,2025-02-13
3442,515,363,5,Excellent product,2025-03-04
3443,532,374,5,Excellent product,2025-03-23
3444,549,385,3,Average product,2025-04-11
3445,566,396,5,Excellent product,2025-04-30
3446,583,407,5,Excellent product,2025-05-19
3447,600,418,4,Good product,2025-06-07
3448,617,429,5,Excellent product,2025-06-26
3449,634,440,5,Excellent product,2025-07-15
3450,651,451,2,Product quality could be better,2025-08-03
3451,668,462,3,Average product,2025-08-22
3452,685,473,5,Excellent product,2025-09-10
3453,702,484,4,Good product,2025-09-29
3454,719,495,5,Excellent product,2025-10-18
3455,736,6,5,Excellent product,2025-11-06
3456,753,17,4,Good product,2025-11-25
3457,770,28,5,Excellent product,2025-12-14
3458,787,39,3,Average product,2022-01-03
3459,804,50,4,Good product,2022-01-22
3460,821,61,1,Very poor experience,2022-02-10
3461,838,72,5,Excellent product,2022-03-01
3462,855,83,4,Good product,2022-03-20
3463,872,94,5,Excellent product,2022-04-08
3464,889,105,5,Excellent product,2022-04-27
3465,906,116,3,Average product,2022-05-16
3466,923,127,5,Excellent product,2022-06-04
3467,940,138,5,Excellent product,2022-06-23
3468,957,149,4,Good product,2022-07-12
3469,974,160,5,Excellent product,2022-07-31
3470,991,171,2,Product quality could be better,2022-08-19
3471,1008,182,4,Good product,2022-09-07
3472,1025,193,3,Average product,2022-09-26
3473,1042,204,5,Excellent product,2022-10-15
3474,1059,215,4,Good product,2022-11-03
3475,1076,226,5,Excellent product,2022-11-22
3476,1093,237,5,Excellent product,2022-12-11
3477,1110,248,4,Good product,2022-12-30
3478,1127,259,5,Excellent product,2023-01-18
3479,1144,270,3,Average product,2023-02-06
3480,1161,281,1,Very poor experience,2023-02-25
3481,1178,292,5,Excellent product,2023-03-16
3482,1195,303,5,Excellent product,2023-04-04
3483,1212,314,4,Good product,2023-04-23
3484,1229,325,5,Excellent product,2023-05-12
3485,1246,336,5,Excellent product,2023-05-31
3486,1263,347,3,Average product,2023-06-19
3487,1280,358,5,Excellent product,2023-07-08
3488,1297,369,5,Excellent product,2023-07-27
3489,1314,380,4,Good product,2023-08-15
3490,1331,391,2,Product quality could be better,2023-09-03
3491,1348,402,5,Excellent product,2023-09-22
3492,1365,413,4,Good product,2023-10-11
3493,1382,424,3,Average product,2023-10-30
3494,1399,435,5,Excellent product,2023-11-18
3495,1416,446,4,Good product,2023-12-07
3496,1433,457,5,Excellent product,2023-12-26
3497,1450,468,5,Excellent product,2024-01-14
3498,1467,479,4,Good product,2024-02-02
3499,1484,490,5,Excellent product,2024-02-21
3500,1501,1,1,Very poor experience,2024-03-11
3501,1518,12,4,Good product,2024-03-30
3502,1535,23,5,Excellent product,2024-04-18
3503,1552,34,5,Excellent product,2024-05-07
3504,1569,45,4,Good product,2024-05-26
3505,1586,56,5,Excellent product,2024-06-14
3506,1603,67,5,Excellent product,2024-07-03
3507,1620,78,3,Average product,2024-07-22
3508,1637,89,5,Excellent product,2024-08-10
3509,1654,100,5,Excellent product,2024-08-29
3510,1671,111,2,Product quality could be better,2024-09-17
3511,1688,122,5,Excellent product,2024-10-06
3512,1705,133,5,Excellent product,2024-10-25
3513,1722,144,4,Good product,2024-11-13
3514,1739,155,3,Average product,2024-12-02
3515,1756,166,5,Excellent product,2024-12-21
3516,1773,177,4,Good product,2025-01-09
3517,1790,188,5,Excellent product,2025-01-28
3518,1807,199,5,Excellent product,2025-02-16
3519,1824,210,4,Good product,2025-03-07
3520,1841,221,1,Very poor experience,2025-03-26
3521,1858,232,3,Average product,2025-04-14
3522,1875,243,4,Good product,2025-05-03
3523,1892,254,5,Excellent product,2025-05-22
3524,1909,265,5,Excellent product,2025-06-10
3525,1926,276,4,Good product,2025-06-29
3526,1943,287,5,Excellent product,2025-07-18
3527,1960,298,5,Excellent product,2025-08-06
3528,1977,309,3,Average product,2025-08-25
3529,1994,320,5,Excellent product,2025-09-13
3530,11,331,2,Product quality could be better,2025-10-02
3531,28,342,4,Good product,2025-10-21
3532,45,353,5,Excellent product,2025-11-09
3533,62,364,5,Excellent product,2025-11-28
3534,79,375,4,Good product,2025-12-17
3535,96,386,3,Average product,2022-01-06
3536,113,397,5,Excellent product,2022-01-25
3537,130,408,4,Good product,2022-02-13
3538,147,419,5,Excellent product,2022-03-04
3539,164,430,5,Excellent product,2022-03-23
3540,181,441,1,Very poor experience,2022-04-11
3541,198,452,5,Excellent product,2022-04-30
3542,215,463,3,Average product,2022-05-19
3543,232,474,4,Good product,2022-06-07
3544,249,485,5,Excellent product,2022-06-26
3545,266,496,5,Excellent product,2022-07-15
3546,283,7,4,Good product,2022-08-03
3547,300,18,5,Excellent product,2022-08-22
3548,317,29,5,Excellent product,2022-09-10
3549,334,40,3,Average product,2022-09-29
3550,351,51,2,Product quality could be better,2022-10-18
3551,368,62,5,Excellent product,2022-11-06
3552,385,73,4,Good product,2022-11-25
3553,402,84,5,Excellent product,2022-12-14
3554,419,95,5,Excellent product,2023-01-02
3555,436,106,4,Good product,2023-01-21
3556,453,117,3,Average product,2023-02-09
3557,470,128,5,Excellent product,2023-02-28
3558,487,139,4,Good product,2023-03-19
3559,504,150,5,Excellent product,2023-04-07
3560,521,161,1,Very poor experience,2023-04-26
3561,538,172,4,Good product,2023-05-15
3562,555,183,5,Excellent product,2023-06-03
3563,572,194,3,Average product,2023-06-22
3564,589,205,4,Good product,2023-07-11
3565,606,216,5,Excellent product,2023-07-30
3566,623,227,5,Excellent product,2023-08-18
3567,640,238,4,Good product,2023-09-06
3568,657,249,5,Excellent product,2023-09-25
3569,674,260,5,Excellent product,2023-10-14
3570,691,271,2,Product quality could be better,2023-11-02
3571,708,282,5,Excellent product,2023-11-21
3572,725,293,5,Excellent product,2023-12-10
3573,742,304,4,Good product,2023-12-29
3574,759,315,5,Excellent product,2024-01-17
3575,776,326,5,Excellent product,2024-02-05
3576,793,337,4,Good product,2024-02-24
3577,810,348,3,Average product,2024-03-14
3578,827,359,5,Excellent product,2024-04-02
3579,844,370,4,Good product,2024-04-21
3580,861,381,1,Very poor experience,2024-05-10
3581,878,392,5,Excellent product,2024-05-29
3582,895,403,4,Good product,2024-06-17
3583,912,414,5,Excellent product,2024-07-06
3584,929,425,3,Average product,2024-07-25
3585,946,436,4,Good product,2024-08-13
3586,963,447,5,Excellent product,2024-09-01
3587,980,458,5,Excellent product,2024-09-20
3588,997,469,4,Good product,2024-10-09
3589,1014,480,5,Excellent product,2024-10-28
3590,1031,491,2,Product quality could be better,2024-11-16
3591,1048,2,3,Average product,2024-12-05
3592,1065,13,5,Excellent product,2024-12-24
3593,1082,24,5,Excellent product,2025-01-12
3594,1099,35,4,Good product,2025-01-31
3595,1116,46,5,Excellent product,2025-02-19
3596,1133,57,5,Excellent product,2025-03-10
3597,1150,68,4,Good product,2025-03-29
3598,1167,79,3,Average product,2025-04-17
3599,1184,90,5,Excellent product,2025-05-06
3600,1201,101,1,Very poor experience,2025-05-25
3601,1218,112,5,Excellent product,2025-06-13
3602,1235,123,5,Excellent product,2025-07-02
3603,1252,134,4,Good product,2025-07-21
3604,1269,145,5,Excellent product,2025-08-09
3605,1286,156,3,Average product,2025-08-28
3606,1303,167,4,Good product,2025-09-16
3607,1320,178,5,Excellent product,2025-10-05
3608,1337,189,5,Excellent product,2025-10-24
3609,1354,200,4,Good product,2025-11-12
3610,1371,211,2,Product quality could be better,2025-12-01
3611,1388,222,5,Excellent product,2025-12-20
3612,1405,233,3,Average product,2022-01-09
3613,1422,244,5,Excellent product,2022-01-28
3614,1439,255,5,Excellent product,2022-02-16
3615,1456,266,4,Good product,2022-03-07
3616,1473,277,5,Excellent product,2022-03-26
3617,1490,288,5,Excellent product,2022-04-14
3618,1507,299,4,Good product,2022-05-03
3619,1524,310,3,Average product,2022-05-22
3620,1541,321,1,Very poor experience,2022-06-10
3621,1558,332,4,Good product,2022-06-29
3622,1575,343,5,Excellent product,2022-07-18
3623,1592,354,5,Excellent product,2022-08-06
3624,1609,365,4,Good product,2022-08-25
3625,1626,376,5,Excellent product,2022-09-13
3626,1643,387,3,Average product,2022-10-02
3627,1660,398,4,Good product,2022-10-21
3628,1677,409,5,Excellent product,2022-11-09
3629,1694,420,5,Excellent product,2022-11-28
3630,1711,431,2,Product quality could be better,2022-12-17
3631,1728,442,5,Excellent product,2023-01-05
3632,1745,453,5,Excellent product,2023-01-24
3633,1762,464,3,Average product,2023-02-12
3634,1779,475,5,Excellent product,2023-03-03
3635,1796,486,5,Excellent product,2023-03-22
3636,1813,497,4,Good product,2023-04-10
3637,1830,8,5,Excellent product,2023-04-29
3638,1847,19,5,Excellent product,2023-05-18
3639,1864,30,4,Good product,2023-06-06
3640,1881,41,1,Very poor experience,2023-06-25
3641,1898,52,5,Excellent product,2023-07-14
3642,1915,63,4,Good product,2023-08-02
3643,1932,74,5,Excellent product,2023-08-21
3644,1949,85,5,Excellent product,2023-09-09
3645,1966,96,4,Good product,2023-09-28
3646,1983,107,5,Excellent product,2023-10-17
3647,2000,118,3,Average product,2023-11-05
3648,17,129,4,Good product,2023-11-24
3649,34,140,5,Excellent product,2023-12-13
3650,51,151,2,Product quality could be better,2024-01-01
3651,68,162,4,Good product,2024-01-20
3652,85,173,5,Excellent product,2024-02-08
3653,102,184,5,Excellent product,2024-02-27
3654,119,195,3,Average product,2024-03-17
3655,136,206,5,Excellent product,2024-04-05
3656,153,217,5,Excellent product,2024-04-24
3657,170,228,4,Good product,2024-05-13
3658,187,239,5,Excellent product,2024-06-01
3659,204,250,5,Excellent product,2024-06-20
3660,221,261,1,Very poor experience,2024-07-09
3661,238,272,3,Average product,2024-07-28
3662,255,283,5,Excellent product,2024-08-16
3663,272,294,4,Good product,2024-09-04
3664,289,305,5,Excellent product,2024-09-23
3665,306,316,5,Excellent product,2024-10-12
3666,323,327,4,Good product,2024-10-31
3667,340,338,5,Excellent product,2024-11-19
3668,357,349,3,Average product,2024-12-08
3669,374,360,4,Good product,2024-12-27
3670,391,371,2,Product quality could be better,2025-01-15
3671,408,382,5,Excellent product,2025-02-03
3672,425,393,4,Good product,2025-02-22
3673,442,404,5,Excellent product,2025-03-13
3674,459,415,5,Excellent product,2025-04-01
3675,476,426,3,Average product,2025-04-20
3676,493,437,5,Excellent product,2025-05-09
3677,510,448,5,Excellent product,2025-05-28
3678,527,459,4,Good product,2025-06-16
3679,544,470,5,Excellent product,2025-07-05
3680,561,481,1,Very poor experience,2025-07-24
3681,578,492,4,Good product,2025-08-12
3682,595,3,3,Average product,2025-08-31
3683,612,14,5,Excellent product,2025-09-19
3684,629,25,4,Good product,2025-10-08
3685,646,36,5,Excellent product,2025-10-27
3686,663,47,5,Excellent product,2025-11-15
3687,680,58,4,Good product,2025-12-04
3688,697,69,5,Excellent product,2025-12-23
3689,714,80,3,Average product,2022-01-12
3690,731,91,2,Product quality could be better,2022-01-31
3691,748,102,5,Excellent product,2022-02-19
3692,765,113,5,Excellent product,2022-03-10
3693,782,124,4,Good product,2022-03-29
3694,799,135,5,Excellent product,2022-04-17
3695,816,146,5,Excellent product,2022-05-06
3696,833,157,3,Average product,2022-05-25
3697,850,168,5,Excellent product,2022-06-13
3698,867,179,5,Excellent product,2022-07-02
3699,884,190,4,Good product,2022-07-21
3700,901,201,1,Very poor experience,2022-08-09
3701,918,212,5,Excellent product,2022-08-28
3702,935,223,4,Good product,2022-09-16
3703,952,234,3,Average product,2022-10-05
3704,969,245,5,Excellent product,2022-10-24
3705,986,256,4,Good product,2022-11-12
3706,1003,267,5,Excellent product,2022-12-01
3707,1020,278,5,Excellent product,2022-12-20
3708,1037,289,4,Good product,2023-01-08
3709,1054,300,5,Excellent product,2023-01-27
3710,1071,311,2,Product quality could be better,2023-02-15
3711,1088,322,4,Good product,2023-03-06
3712,1105,333,5,Excellent product,2023-03-25
3713,1122,344,5,Excellent product,2023-04-13
3714,1139,355,4,Good product,2023-05-02
3715,1156,366,5,Excellent product,2023-05-21
3716,1173,377,5,Excellent product,2023-06-09
3717,1190,388,3,Average product,2023-06-28
3718,1207,399,5,Excellent product,2023-07-17
3719,1224,410,5,Excellent product,2023-08-05
3720,1241,421,1,Very poor experience,2023-08-24
3721,1258,432,5,Excellent product,2023-09-12
3722,1275,443,5,Excellent product,2023-10-01
3723,1292,454,4,Good product,2023-10-20
3724,1309,465,3,Average product,2023-11-08
3725,1326,476,5,Excellent product,2023-11-27
3726,1343,487,4,Good product,2023-12-16
3727,1360,498,5,Excellent product,2024-01-04
3728,1377,9,5,Excellent product,2024-01-23
3729,1394,20,4,Good product,2024-02-11
3730,1411,31,2,Product quality could be better,2024-03-01
3731,1428,42,3,Average product,2024-03-20
3732,1445,53,4,Good product,2024-04-08
3733,1462,64,5,Excellent product,2024-04-27
3734,1479,75,5,Excellent product,2024-05-16
3735,1496,86,4,Good product,2024-06-04
3736,1513,97,5,Excellent product,2024-06-23
3737,1530,108,5,Excellent product,2024-07-12
3738,1547,119,3,Average product,2024-07-31
3739,1564,130,5,Excellent product,2024-08-19
3740,1581,141,1,Very poor experience,2024-09-07
3741,1598,152,4,Good product,2024-09-26
3742,1615,163,5,Excellent product,2024-10-15
3743,1632,174,5,Excellent product,2024-11-03
3744,1649,185,4,Good product,2024-11-22
3745,1666,196,3,Average product,2024-12-11
3746,1683,207,5,Excellent product,2024-12-30
3747,1700,218,4,Good product,2025-01-18
3748,1717,229,5,Excellent product,2025-02-06
3749,1734,240,5,Excellent product,2025-02-25
3750,1751,251,2,Product quality could be better,2025-03-16
3751,1768,262,5,Excellent product,2025-04-04
3752,1785,273,3,Average product,2025-04-23
3753,1802,284,4,Good product,2025-05-12
3754,1819,295,5,Excellent product,2025-05-31
3755,1836,306,5,Excellent product,2025-06-19
3756,1853,317,4,Good product,2025-07-08
3757,1870,328,5,Excellent product,2025-07-27
3758,1887,339,5,Excellent product,2025-08-15
3759,1904,350,3,Average product,2025-09-03
3760,1921,361,1,Very poor experience,2025-09-22
3761,1938,372,5,Excellent product,2025-10-11
3762,1955,383,4,Good product,2025-10-30
3763,1972,394,5,Excellent product,2025-11-18
3764,1989,405,5,Excellent product,2025-12-07
3765,6,416,4,Good product,2025-12-26
3766,23,427,3,Average product,2022-01-15
3767,40,438,5,Excellent product,2022-02-03
3768,57,449,4,Good product,2022-02-22
3769,74,460,5,Excellent product,2022-03-13
3770,91,471,2,Product quality could be better,2022-04-01
3771,108,482,4,Good product,2022-04-20
3772,125,493,5,Excellent product,2022-05-09
3773,142,4,3,Average product,2022-05-28
3774,159,15,4,Good product,2022-06-16
3775,176,26,5,Excellent product,2022-07-05
3776,193,37,5,Excellent product,2022-07-24
3777,210,48,4,Good product,2022-08-12
3778,227,59,5,Excellent product,2022-08-31
3779,244,70,5,Excellent product,2022-09-19
3780,261,81,1,Very poor experience,2022-10-08
3781,278,92,5,Excellent product,2022-10-27
3782,295,103,5,Excellent product,2022-11-15
3783,312,114,4,Good product,2022-12-04
3784,329,125,5,Excellent product,2022-12-23
3785,346,136,5,Excellent product,2023-01-11
3786,363,147,4,Good product,2023-01-30
3787,380,158,3,Average product,2023-02-18
3788,397,169,5,Excellent product,2023-03-09
3789,414,180,4,Good product,2023-03-28
3790,431,191,2,Product quality could be better,2023-04-16
3791,448,202,5,Excellent product,2023-05-05
3792,465,213,4,Good product,2023-05-24
3793,482,224,5,Excellent product,2023-06-12
3794,499,235,3,Average product,2023-07-01
3795,516,246,4,Good product,2023-07-20
3796,533,257,5,Excellent product,2023-08-08
3797,550,268,5,Excellent product,2023-08-27
3798,567,279,4,Good product,2023-09-15
3799,584,290,5,Excellent product,2023-10-04
3800,601,301,1,Very poor experience,2023-10-23
3801,618,312,3,Average product,2023-11-11
3802,635,323,5,Excellent product,2023-11-30
3803,652,334,5,Excellent product,2023-12-19
3804,669,345,4,Good product,2024-01-07
3805,686,356,5,Excellent product,2024-01-26
3806,703,367,5,Excellent product,2024-02-14
3807,720,378,4,Good product,2024-03-04
3808,737,389,3,Average product,2024-03-23
3809,754,400,5,Excellent product,2024-04-11
3810,771,411,2,Product quality could be better,2024-04-30
3811,788,422,5,Excellent product,2024-05-19
3812,805,433,5,Excellent product,2024-06-07
3813,822,444,4,Good product,2024-06-26
3814,839,455,5,Excellent product,2024-07-15
3815,856,466,3,Average product,2024-08-03
3816,873,477,4,Good product,2024-08-22
3817,890,488,5,Excellent product,2024-09-10
3818,907,499,5,Excellent product,2024-09-29
3819,924,10,4,Good product,2024-10-18
3820,941,21,1,Very poor experience,2024-11-06
3821,958,32,5,Excellent product,2024-11-25
3822,975,43,3,Average product,2024-12-14
3823,992,54,5,Excellent product,2025-01-02
3824,1009,65,5,Excellent product,2025-01-21
3825,1026,76,4,Good product,2025-02-09
3826,1043,87,5,Excellent product,2025-02-28
3827,1060,98,5,Excellent product,2025-03-19
3828,1077,109,4,Good product,2025-04-07
3829,1094,120,3,Average product,2025-04-26
3830,1111,131,2,Product quality could be better,2025-05-15
3831,1128,142,4,Good product,2025-06-03
3832,1145,153,5,Excellent product,2025-06-22
3833,1162,164,5,Excellent product,2025-07-11
3834,1179,175,4,Good product,2025-07-30
3835,1196,186,5,Excellent product,2025-08-18
3836,1213,197,3,Average product,2025-09-06
3837,1230,208,4,Good product,2025-09-25
3838,1247,219,5,Excellent product,2025-10-14
3839,1264,230,5,Excellent product,2025-11-02
3840,1281,241,1,Very poor experience,2025-11-21
3841,1298,252,5,Excellent product,2025-12-10
3842,1315,263,5,Excellent product,2025-12-29
3843,1332,274,3,Average product,2022-01-18
3844,1349,285,5,Excellent product,2022-02-06
3845,1366,296,5,Excellent product,2022-02-25
3846,1383,307,4,Good product,2022-03-16
3847,1400,318,5,Excellent product,2022-04-04
3848,1417,329,5,Excellent product,2022-04-23
3849,1434,340,4,Good product,2022-05-12
3850,1451,351,2,Product quality could be better,2022-05-31
3851,1468,362,5,Excellent product,2022-06-19
3852,1485,373,4,Good product,2022-07-08
3853,1502,384,5,Excellent product,2022-07-27
3854,1519,395,5,Excellent product,2022-08-15
3855,1536,406,4,Good product,2022-09-03
3856,1553,417,5,Excellent product,2022-09-22
3857,1570,428,3,Average product,2022-10-11
3858,1587,439,4,Good product,2022-10-30
3859,1604,450,5,Excellent product,2022-11-18
3860,1621,461,1,Very poor experience,2022-12-07
3861,1638,472,4,Good product,2022-12-26
3862,1655,483,5,Excellent product,2023-01-14
3863,1672,494,5,Excellent product,2023-02-02
3864,1689,5,3,Average product,2023-02-21
3865,1706,16,5,Excellent product,2023-03-12
3866,1723,27,5,Excellent product,2023-03-31
3867,1740,38,4,Good product,2023-04-19
3868,1757,49,5,Excellent product,2023-05-08
3869,1774,60,5,Excellent product,2023-05-27
3870,1791,71,2,Product quality could be better,2023-06-15
3871,1808,82,3,Average product,2023-07-04
3872,1825,93,5,Excellent product,2023-07-23
3873,1842,104,4,Good product,2023-08-11
3874,1859,115,5,Excellent product,2023-08-30
3875,1876,126,5,Excellent product,2023-09-18
3876,1893,137,4,Good product,2023-10-07
3877,1910,148,5,Excellent product,2023-10-26
3878,1927,159,3,Average product,2023-11-14
3879,1944,170,4,Good product,2023-12-03
3880,1961,181,1,Very poor experience,2023-12-22
3881,1978,192,5,Excellent product,2024-01-10
3882,1995,203,4,Good product,2024-01-29
3883,12,214,5,Excellent product,2024-02-17
3884,29,225,5,Excellent product,2024-03-07
3885,46,236,3,Average product,2024-03-26
3886,63,247,5,Excellent product,2024-04-14
3887,80,258,5,Excellent product,2024-05-03
3888,97,269,4,Good product,2024-05-22
3889,114,280,5,Excellent product,2024-06-10
3890,131,291,2,Product quality could be better,2024-06-29
3891,148,302,4,Good product,2024-07-18
3892,165,313,3,Average product,2024-08-06
3893,182,324,5,Excellent product,2024-08-25
3894,199,335,4,Good product,2024-09-13
3895,216,346,5,Excellent product,2024-10-02
3896,233,357,5,Excellent product,2024-10-21
3897,250,368,4,Good product,2024-11-09
3898,267,379,5,Excellent product,2024-11-28
3899,284,390,3,Average product,2024-12-17
3900,301,401,1,Very poor experience,2025-01-05
3901,318,412,5,Excellent product,2025-01-24
3902,335,423,5,Excellent product,2025-02-12
3903,352,434,4,Good product,2025-03-03
3904,369,445,5,Excellent product,2025-03-22
3905,386,456,5,Excellent product,2025-04-10
3906,403,467,3,Average product,2025-04-29
3907,420,478,5,Excellent product,2025-05-18
3908,437,489,5,Excellent product,2025-06-06
3909,454,500,4,Good product,2025-06-25
3910,471,11,2,Product quality could be better,2025-07-14
3911,488,22,5,Excellent product,2025-08-02
3912,505,33,4,Good product,2025-08-21
3913,522,44,3,Average product,2025-09-09
3914,539,55,5,Excellent product,2025-09-28
3915,556,66,4,Good product,2025-10-17
3916,573,77,5,Excellent product,2025-11-05
3917,590,88,5,Excellent product,2025-11-24
3918,607,99,4,Good product,2025-12-13
3919,624,110,5,Excellent product,2022-01-02
3920,641,121,1,Very poor experience,2022-01-21
3921,658,132,4,Good product,2022-02-09
3922,675,143,5,Excellent product,2022-02-28
3923,692,154,5,Excellent product,2022-03-19
3924,709,165,4,Good product,2022-04-07
3925,726,176,5,Excellent product,2022-04-26
3926,743,187,5,Excellent product,2022-05-15
3927,760,198,3,Average product,2022-06-03
3928,777,209,5,Excellent product,2022-06-22
3929,794,220,5,Excellent product,2022-07-11
3930,811,231,2,Product quality could be better,2022-07-30
3931,828,242,5,Excellent product,2022-08-18
3932,845,253,5,Excellent product,2022-09-06
3933,862,264,4,Good product,2022-09-25
3934,879,275,3,Average product,2022-10-14
3935,896,286,5,Excellent product,2022-11-02
3936,913,297,4,Good product,2022-11-21
3937,930,308,5,Excellent product,2022-12-10
3938,947,319,5,Excellent product,2022-12-29
3939,964,330,4,Good product,2023-01-17
3940,981,341,1,Very poor experience,2023-02-05
3941,998,352,3,Average product,2023-02-24
3942,1015,363,4,Good product,2023-03-15
3943,1032,374,5,Excellent product,2023-04-03
3944,1049,385,5,Excellent product,2023-04-22
3945,1066,396,4,Good product,2023-05-11
3946,1083,407,5,Excellent product,2023-05-30
3947,1100,418,5,Excellent product,2023-06-18
3948,1117,429,3,Average product,2023-07-07
3949,1134,440,5,Excellent product,2023-07-26
3950,1151,451,2,Product quality could be better,2023-08-14
3951,1168,462,4,Good product,2023-09-02
3952,1185,473,5,Excellent product,2023-09-21
3953,1202,484,5,Excellent product,2023-10-10
3954,1219,495,4,Good product,2023-10-29
3955,1236,6,3,Average product,2023-11-17
3956,1253,17,5,Excellent product,2023-12-06
3957,1270,28,4,Good product,2023-12-25
3958,1287,39,5,Excellent product,2024-01-13
3959,1304,50,5,Excellent product,2024-02-01
3960,1321,61,1,Very poor experience,2024-02-20
3961,1338,72,5,Excellent product,2024-03-10
3962,1355,83,3,Average product,2024-03-29
3963,1372,94,4,Good product,2024-04-17
3964,1389,105,5,Excellent product,2024-05-06
3965,1406,116,5,Excellent product,2024-05-25
3966,1423,127,4,Good product,2024-06-13
3967,1440,138,5,Excellent product,2024-07-02
3968,1457,149,5,Excellent product,2024-07-21
3969,1474,160,3,Average product,2024-08-09
3970,1491,171,2,Product quality could be better,2024-08-28
3971,1508,182,5,Excellent product,2024-09-16
3972,1525,193,4,Good product,2024-10-05
3973,1542,204,5,Excellent product,2024-10-24
3974,1559,215,5,Excellent product,2024-11-12
3975,1576,226,4,Good product,2024-12-01
3976,1593,237,3,Average product,2024-12-20
3977,1610,248,5,Excellent product,2025-01-08
3978,1627,259,4,Good product,2025-01-27
3979,1644,270,5,Excellent product,2025-02-15
3980,1661,281,1,Very poor experience,2025-03-06
3981,1678,292,4,Good product,2025-03-25
3982,1695,303,5,Excellent product,2025-04-13
3983,1712,314,3,Average product,2025-05-02
3984,1729,325,4,Good product,2025-05-21
3985,1746,336,5,Excellent product,2025-06-09
3986,1763,347,5,Excellent product,2025-06-28
3987,1780,358,4,Good product,2025-07-17
3988,1797,369,5,Excellent product,2025-08-05
3989,1814,380,5,Excellent product,2025-08-24
3990,1831,391,2,Product quality could be better,2025-09-12
3991,1848,402,5,Excellent product,2025-10-01
3992,1865,413,5,Excellent product,2025-10-20
3993,1882,424,4,Good product,2025-11-08
3994,1899,435,5,Excellent product,2025-11-27
3995,1916,446,5,Excellent product,2025-12-16
3996,1933,457,4,Good product,2022-01-05
3997,1950,468,3,Average product,2022-01-24
3998,1967,479,5,Excellent product,2022-02-12
3999,1984,490,4,Good product,2022-03-03
4000,1,1,1,Very poor experience,2022-03-22
4001,18,12,5,Excellent product,2022-04-10
4002,35,23,4,Good product,2022-04-29
4003,52,34,5,Excellent product,2022-05-18
4004,69,45,3,Average product,2022-06-06
4005,86,56,4,Good product,2022-06-25
4006,103,67,5,Excellent product,2022-07-14
4007,120,78,5,Excellent product,2022-08-02
4008,137,89,4,Good product,2022-08-21
4009,154,100,5,Excellent product,2022-09-09
4010,171,111,2,Product quality could be better,2022-09-28
4011,188,122,3,Average product,2022-10-17
4012,205,133,5,Excellent product,2022-11-05
4013,222,144,5,Excellent product,2022-11-24
4014,239,155,4,Good product,2022-12-13
4015,256,166,5,Excellent product,2023-01-01
4016,273,177,5,Excellent product,2023-01-20
4017,290,188,4,Good product,2023-02-08
4018,307,199,3,Average product,2023-02-27
4019,324,210,5,Excellent product,2023-03-18
4020,341,221,1,Very poor experience,2023-04-06
4021,358,232,5,Excellent product,2023-04-25
4022,375,243,5,Excellent product,2023-05-14
4023,392,254,4,Good product,2023-06-02
4024,409,265,5,Excellent product,2023-06-21
4025,426,276,3,Average product,2023-07-10
4026,443,287,4,Good product,2023-07-29
4027,460,298,5,Excellent product,2023-08-17
4028,477,309,5,Excellent product,2023-09-05
4029,494,320,4,Good product,2023-09-24
4030,511,331,2,Product quality could be better,2023-10-13
4031,528,342,5,Excellent product,2023-11-01
4032,545,353,3,Average product,2023-11-20
4033,562,364,5,Excellent product,2023-12-09
4034,579,375,5,Excellent product,2023-12-28
4035,596,386,4,Good product,2024-01-16
4036,613,397,5,Excellent product,2024-02-04
4037,630,408,5,Excellent product,2024-02-23
4038,647,419,4,Good product,2024-03-13
4039,664,430,3,Average product,2024-04-01
4040,681,441,1,Very poor experience,2024-04-20
4041,698,452,4,Good product,2024-05-09
4042,715,463,5,Excellent product,2024-05-28
4043,732,474,5,Excellent product,2024-06-16
4044,749,485,4,Good product,2024-07-05
4045,766,496,5,Excellent product,2024-07-24
4046,783,7,3,Average product,2024-08-12
4047,800,18,4,Good product,2024-08-31
4048,817,29,5,Excellent product,2024-09-19
4049,834,40,5,Excellent product,2024-10-08
4050,851,51,2,Product quality could be better,2024-10-27
4051,868,62,5,Excellent product,2024-11-15
4052,885,73,5,Excellent product,2024-12-04
4053,902,84,3,Average product,2024-12-23
4054,919,95,5,Excellent product,2025-01-11
4055,936,106,5,Excellent product,2025-01-30
4056,953,117,4,Good product,2025-02-18
4057,970,128,5,Excellent product,2025-03-09
4058,987,139,5,Excellent product,2025-03-28
4059,1004,150,4,Good product,2025-04-16
4060,1021,161,1,Very poor experience,2025-05-05
4061,1038,172,5,Excellent product,2025-05-24
4062,1055,183,4,Good product,2025-06-12
4063,1072,194,5,Excellent product,2025-07-01
4064,1089,205,5,Excellent product,2025-07-20
4065,1106,216,4,Good product,2025-08-08
4066,1123,227,5,Excellent product,2025-08-27
4067,1140,238,3,Average product,2025-09-15
4068,1157,249,4,Good product,2025-10-04
4069,1174,260,5,Excellent product,2025-10-23
4070,1191,271,2,Product quality could be better,2025-11-11
4071,1208,282,4,Good product,2025-11-30
4072,1225,293,5,Excellent product,2025-12-19
4073,1242,304,5,Excellent product,2022-01-08
4074,1259,315,3,Average product,2022-01-27
4075,1276,326,5,Excellent product,2022-02-15
4076,1293,337,5,Excellent product,2022-03-06
4077,1310,348,4,Good product,2022-03-25
4078,1327,359,5,Excellent product,2022-04-13
4079,1344,370,5,Excellent product,2022-05-02
4080,1361,381,1,Very poor experience,2022-05-21
4081,1378,392,3,Average product,2022-06-09
4082,1395,403,5,Excellent product,2022-06-28
4083,1412,414,4,Good product,2022-07-17
4084,1429,425,5,Excellent product,2022-08-05
4085,1446,436,5,Excellent product,2022-08-24
4086,1463,447,4,Good product,2022-09-12
4087,1480,458,5,Excellent product,2022-10-01
4088,1497,469,3,Average product,2022-10-20
4089,1514,480,4,Good product,2022-11-08
4090,1531,491,2,Product quality could be better,2022-11-27
4091,1548,2,5,Excellent product,2022-12-16
4092,1565,13,4,Good product,2023-01-04
4093,1582,24,5,Excellent product,2023-01-23
4094,1599,35,5,Excellent product,2023-02-11
4095,1616,46,3,Average product,2023-03-02
4096,1633,57,5,Excellent product,2023-03-21
4097,1650,68,5,Excellent product,2023-04-09
4098,1667,79,4,Good product,2023-04-28
4099,1684,90,5,Excellent product,2023-05-17
4100,1701,101,1,Very poor experience,2023-06-05
4101,1718,112,4,Good product,2023-06-24
4102,1735,123,3,Average product,2023-07-13
4103,1752,134,5,Excellent product,2023-08-01
4104,1769,145,4,Good product,2023-08-20
4105,1786,156,5,Excellent product,2023-09-08
4106,1803,167,5,Excellent product,2023-09-27
4107,1820,178,4,Good product,2023-10-16
4108,1837,189,5,Excellent product,2023-11-04
4109,1854,200,3,Average product,2023-11-23
4110,1871,211,2,Product quality could be better,2023-12-12
4111,1888,222,5,Excellent product,2023-12-31
4112,1905,233,5,Excellent product,2024-01-19
4113,1922,244,4,Good product,2024-02-07
4114,1939,255,5,Excellent product,2024-02-26
4115,1956,266,5,Excellent product,2024-03-16
4116,1973,277,3,Average product,2024-04-04
4117,1990,288,5,Excellent product,2024-04-23
4118,7,299,5,Excellent product,2024-05-12
4119,24,310,4,Good product,2024-05-31
4120,41,321,1,Very poor experience,2024-06-19
4121,58,332,5,Excellent product,2024-07-08
4122,75,343,4,Good product,2024-07-27
4123,92,354,3,Average product,2024-08-15
4124,109,365,5,Excellent product,2024-09-03
4125,126,376,4,Good product,2024-09-22
4126,143,387,5,Excellent product,2024-10-11
4127,160,398,5,Excellent product,2024-10-30
4128,177,409,4,Good product,2024-11-18
4129,194,420,5,Excellent product,2024-12-07
4130,211,431,2,Product quality could be better,2024-12-26
4131,228,442,4,Good product,2025-01-14
4132,245,453,5,Excellent product,2025-02-02
4133,262,464,5,Excellent product,2025-02-21
4134,279,475,4,Good product,2025-03-12
4135,296,486,5,Excellent product,2025-03-31
4136,313,497,5,Excellent product,2025-04-19
4137,330,8,3,Average product,2025-05-08
4138,347,19,5,Excellent product,2025-05-27
4139,364,30,5,Excellent product,2025-06-15
4140,381,41,1,Very poor experience,2025-07-04
4141,398,52,5,Excellent product,2025-07-23
4142,415,63,5,Excellent product,2025-08-11
4143,432,74,4,Good product,2025-08-30
4144,449,85,3,Average product,2025-09-18
4145,466,96,5,Excellent product,2025-10-07
4146,483,107,4,Good product,2025-10-26
4147,500,118,5,Excellent product,2025-11-14
4148,517,129,5,Excellent product,2025-12-03
4149,534,140,4,Good product,2025-12-22
4150,551,151,2,Product quality could be better,2022-01-11
4151,568,162,3,Average product,2022-01-30
4152,585,173,4,Good product,2022-02-18
4153,602,184,5,Excellent product,2022-03-09
4154,619,195,5,Excellent product,2022-03-28
4155,636,206,4,Good product,2022-04-16
4156,653,217,5,Excellent product,2022-05-05
4157,670,228,5,Excellent product,2022-05-24
4158,687,239,3,Average product,2022-06-12
4159,704,250,5,Excellent product,2022-07-01
4160,721,261,1,Very poor experience,2022-07-20
4161,738,272,4,Good product,2022-08-08
4162,755,283,5,Excellent product,2022-08-27
4163,772,294,5,Excellent product,2022-09-15
4164,789,305,4,Good product,2022-10-04
4165,806,316,3,Average product,2022-10-23
4166,823,327,5,Excellent product,2022-11-11
4167,840,338,4,Good product,2022-11-30
4168,857,349,5,Excellent product,2022-12-19
4169,874,360,5,Excellent product,2023-01-07
4170,891,371,2,Product quality could be better,2023-01-26
4171,908,382,5,Excellent product,2023-02-14
4172,925,393,3,Average product,2023-03-05
4173,942,404,4,Good product,2023-03-24
4174,959,415,5,Excellent product,2023-04-12
4175,976,426,5,Excellent product,2023-05-01
4176,993,437,4,Good product,2023-05-20
4177,1010,448,5,Excellent product,2023-06-08
4178,1027,459,5,Excellent product,2023-06-27
4179,1044,470,3,Average product,2023-07-16
4180,1061,481,1,Very poor experience,2023-08-04
4181,1078,492,5,Excellent product,2023-08-23
4182,1095,3,4,Good product,2023-09-11
4183,1112,14,5,Excellent product,2023-09-30
4184,1129,25,5,Excellent product,2023-10-19
4185,1146,36,4,Good product,2023-11-07
4186,1163,47,3,Average product,2023-11-26
4187,1180,58,5,Excellent product,2023-12-15
4188,1197,69,4,Good product,2024-01-03
4189,1214,80,5,Excellent product,2024-01-22
4190,1231,91,2,Product quality could be better,2024-02-10
4191,1248,102,4,Good product,2024-02-29
4192,1265,113,5,Excellent product,2024-03-19
4193,1282,124,3,Average product,2024-04-07
4194,1299,135,4,Good product,2024-04-26
4195,1316,146,5,Excellent product,2024-05-15
4196,1333,157,5,Excellent product,2024-06-03
4197,1350,168,4,Good product,2024-06-22
4198,1367,179,5,Excellent product,2024-07-11
4199,1384,190,5,Excellent product,2024-07-30
4200,1401,201,1,Very poor experience,2024-08-18
4201,1418,212,5,Excellent product,2024-09-06
4202,1435,223,5,Excellent product,2024-09-25
4203,1452,234,4,Good product,2024-10-14
4204,1469,245,5,Excellent product,2024-11-02
4205,1486,256,5,Excellent product,2024-11-21
4206,1503,267,4,Good product,2024-12-10
4207,1520,278,3,Average product,2024-12-29
4208,1537,289,5,Excellent product,2025-01-17
4209,1554,300,4,Good product,2025-02-05
4210,1571,311,2,Product quality could be better,2025-02-24
4211,1588,322,5,Excellent product,2025-03-15
4212,1605,333,4,Good product,2025-04-03
4213,1622,344,5,Excellent product,2025-04-22
4214,1639,355,3,Average product,2025-05-11
4215,1656,366,4,Good product,2025-05-30
4216,1673,377,5,Excellent product,2025-06-18
4217,1690,388,5,Excellent product,2025-07-07
4218,1707,399,4,Good product,2025-07-26
4219,1724,410,5,Excellent product,2025-08-14
4220,1741,421,1,Very poor experience,2025-09-02
4221,1758,432,3,Average product,2025-09-21
4222,1775,443,5,Excellent product,2025-10-10
4223,1792,454,5,Excellent product,2025-10-29
4224,1809,465,4,Good product,2025-11-17
4225,1826,476,5,Excellent product,2025-12-06
4226,1843,487,5,Excellent product,2025-12-25
4227,1860,498,4,Good product,2022-01-14
4228,1877,9,3,Average product,2022-02-02
4229,1894,20,5,Excellent product,2022-02-21
4230,1911,31,2,Product quality could be better,2022-03-12
4231,1928,42,5,Excellent product,2022-03-31
4232,1945,53,5,Excellent product,2022-04-19
4233,1962,64,4,Good product,2022-05-08
4234,1979,75,5,Excellent product,2022-05-27
4235,1996,86,3,Average product,2022-06-15
4236,13,97,4,Good product,2022-07-04
4237,30,108,5,Excellent product,2022-07-23
4238,47,119,5,Excellent product,2022-08-11
4239,64,130,4,Good product,2022-08-30
4240,81,141,1,Very poor experience,2022-09-18
4241,98,152,5,Excellent product,2022-10-07
4242,115,163,3,Average product,2022-10-26
4243,132,174,5,Excellent product,2022-11-14
4244,149,185,5,Excellent product,2022-12-03
4245,166,196,4,Good product,2022-12-22
4246,183,207,5,Excellent product,2023-01-10
4247,200,218,5,Excellent product,2023-01-29
4248,217,229,4,Good product,2023-02-17
4249,234,240,3,Average product,2023-03-08
4250,251,251,2,Product quality could be better,2023-03-27
4251,268,262,4,Good product,2023-04-15
4252,285,273,5,Excellent product,2023-05-04
4253,302,284,5,Excellent product,2023-05-23
4254,319,295,4,Good product,2023-06-11
4255,336,306,5,Excellent product,2023-06-30
4256,353,317,3,Average product,2023-07-19
4257,370,328,4,Good product,2023-08-07
4258,387,339,5,Excellent product,2023-08-26
4259,404,350,5,Excellent product,2023-09-14
4260,421,361,1,Very poor experience,2023-10-03
4261,438,372,5,Excellent product,2023-10-22
4262,455,383,5,Excellent product,2023-11-10
4263,472,394,3,Average product,2023-11-29
4264,489,405,5,Excellent product,2023-12-18
4265,506,416,5,Excellent product,2024-01-06
4266,523,427,4,Good product,2024-01-25
4267,540,438,5,Excellent product,2024-02-13
4268,557,449,5,Excellent product,2024-03-03
4269,574,460,4,Good product,2024-03-22
4270,591,471,2,Product quality could be better,2024-04-10
4271,608,482,5,Excellent product,2024-04-29
4272,625,493,4,Good product,2024-05-18
4273,642,4,5,Excellent product,2024-06-06
4274,659,15,5,Excellent product,2024-06-25
4275,676,26,4,Good product,2024-07-14
4276,693,37,5,Excellent product,2024-08-02
4277,710,48,3,Average product,2024-08-21
4278,727,59,4,Good product,2024-09-09
4279,744,70,5,Excellent product,2024-09-28
4280,761,81,1,Very poor experience,2024-10-17
4281,778,92,4,Good product,2024-11-05
4282,795,103,5,Excellent product,2024-11-24
4283,812,114,5,Excellent product,2024-12-13
4284,829,125,3,Average product,2025-01-01
4285,846,136,5,Excellent product,2025-01-20
4286,863,147,5,Excellent product,2025-02-08
4287,880,158,4,Good product,2025-02-27
4288,897,169,5,Excellent product,2025-03-18
4289,914,180,5,Excellent product,2025-04-06
4290,931,191,2,Product quality could be better,2025-04-25
4291,948,202,3,Average product,2025-05-14
4292,965,213,5,Excellent product,2025-06-02
4293,982,224,4,Good product,2025-06-21
4294,999,235,5,Excellent product,2025-07-10
4295,1016,246,5,Excellent product,2025-07-29
4296,1033,257,4,Good product,2025-08-17
4297,1050,268,5,Excellent product,2025-09-05
4298,1067,279,3,Average product,2025-09-24
4299,1084,290,4,Good product,2025-10-13
4300,1101,301,1,Very poor experience,2025-11-01
4301,1118,312,5,Excellent product,2025-11-20
4302,1135,323,4,Good product,2025-12-09
4303,1152,334,5,Excellent product,2025-12-28
4304,1169,345,5,Excellent product,2022-01-17
4305,1186,356,3,Average product,2022-02-05
4306,1203,367,5,Excellent product,2022-02-24
4307,1220,378,5,Excellent product,2022-03-15
4308,1237,389,4,Good product,2022-04-03
4309,1254,400,5,Excellent product,2022-04-22
4310,1271,411,2,Product quality could be better,2022-05-11
4311,1288,422,4,Good product,2022-05-30
4312,1305,433,3,Average product,2022-06-18
4313,1322,444,5,Excellent product,2022-07-07
4314,1339,455,4,Good product,2022-07-26
4315,1356,466,5,Excellent product,2022-08-14
4316,1373,477,5,Excellent product,2022-09-02
4317,1390,488,4,Good product,2022-09-21
4318,1407,499,5,Excellent product,2022-10-10
4319,1424,10,3,Average product,2022-10-29
4320,1441,21,1,Very poor experience,2022-11-17
4321,1458,32,5,Excellent product,2022-12-06
4322,1475,43,5,Excellent product,2022-12-25
4323,1492,54,4,Good product,2023-01-13
4324,1509,65,5,Excellent product,2023-02-01
4325,1526,76,5,Excellent product,2023-02-20
4326,1543,87,3,Average product,2023-03-11
4327,1560,98,5,Excellent product,2023-03-30
4328,1577,109,5,Excellent product,2023-04-18
4329,1594,120,4,Good product,2023-05-07
4330,1611,131,2,Product quality could be better,2023-05-26
4331,1628,142,5,Excellent product,2023-06-14
4332,1645,153,4,Good product,2023-07-03
4333,1662,164,3,Average product,2023-07-22
4334,1679,175,5,Excellent product,2023-08-10
4335,1696,186,4,Good product,2023-08-29
4336,1713,197,5,Excellent product,2023-09-17
4337,1730,208,5,Excellent product,2023-10-06
4338,1747,219,4,Good product,2023-10-25
4339,1764,230,5,Excellent product,2023-11-13
4340,1781,241,1,Very poor experience,2023-12-02
4341,1798,252,4,Good product,2023-12-21
4342,1815,263,5,Excellent product,2024-01-09
4343,1832,274,5,Excellent product,2024-01-28
4344,1849,285,4,Good product,2024-02-16
4345,1866,296,5,Excellent product,2024-03-06
4346,1883,307,5,Excellent product,2024-03-25
4347,1900,318,3,Average product,2024-04-13
4348,1917,329,5,Excellent product,2024-05-02
4349,1934,340,5,Excellent product,2024-05-21
4350,1951,351,2,Product quality could be better,2024-06-09
4351,1968,362,5,Excellent product,2024-06-28
4352,1985,373,5,Excellent product,2024-07-17
4353,2,384,4,Good product,2024-08-05
4354,19,395,3,Average product,2024-08-24
4355,36,406,5,Excellent product,2024-09-12
4356,53,417,4,Good product,2024-10-01
4357,70,428,5,Excellent product,2024-10-20
4358,87,439,5,Excellent product,2024-11-08
4359,104,450,4,Good product,2024-11-27
4360,121,461,1,Very poor experience,2024-12-16
4361,138,472,3,Average product,2025-01-04
4362,155,483,4,Good product,2025-01-23
4363,172,494,5,Excellent product,2025-02-11
4364,189,5,5,Excellent product,2025-03-02
4365,206,16,4,Good product,2025-03-21
4366,223,27,5,Excellent product,2025-04-09
4367,240,38,5,Excellent product,2025-04-28
4368,257,49,3,Average product,2025-05-17
4369,274,60,5,Excellent product,2025-06-05
4370,291,71,2,Product quality could be better,2025-06-24
4371,308,82,4,Good product,2025-07-13
4372,325,93,5,Excellent product,2025-08-01
4373,342,104,5,Excellent product,2025-08-20
4374,359,115,4,Good product,2025-09-08
4375,376,126,3,Average product,2025-09-27
4376,393,137,5,Excellent product,2025-10-16
4377,410,148,4,Good product,2025-11-04
4378,427,159,5,Excellent product,2025-11-23
4379,444,170,5,Excellent product,2025-12-12
4380,461,181,1,Very poor experience,2022-01-01
4381,478,192,5,Excellent product,2022-01-20
4382,495,203,3,Average product,2022-02-08
4383,512,214,4,Good product,2022-02-27
4384,529,225,5,Excellent product,2022-03-18
4385,546,236,5,Excellent product,2022-04-06
4386,563,247,4,Good product,2022-04-25
4387,580,258,5,Excellent product,2022-05-14
4388,597,269,5,Excellent product,2022-06-02
4389,614,280,3,Average product,2022-06-21
4390,631,291,2,Product quality could be better,2022-07-10
4391,648,302,5,Excellent product,2022-07-29
4392,665,313,4,Good product,2022-08-17
4393,682,324,5,Excellent product,2022-09-05
4394,699,335,5,Excellent product,2022-09-24
4395,716,346,4,Good product,2022-10-13
4396,733,357,3,Average product,2022-11-01
4397,750,368,5,Excellent product,2022-11-20
4398,767,379,4,Good product,2022-12-09
4399,784,390,5,Excellent product,2022-12-28
4400,801,401,1,Very poor experience,2023-01-16
4401,818,412,4,Good product,2023-02-04
4402,835,423,5,Excellent product,2023-02-23
4403,852,434,3,Average product,2023-03-14
4404,869,445,4,Good product,2023-04-02
4405,886,456,5,Excellent product,2023-04-21
4406,903,467,5,Excellent product,2023-05-10
4407,920,478,4,Good product,2023-05-29
4408,937,489,5,Excellent product,2023-06-17
4409,954,500,5,Excellent product,2023-07-06
4410,971,11,2,Product quality could be better,2023-07-25
4411,988,22,5,Excellent product,2023-08-13
4412,1005,33,5,Excellent product,2023-09-01
4413,1022,44,4,Good product,2023-09-20
4414,1039,55,5,Excellent product,2023-10-09
4415,1056,66,5,Excellent product,2023-10-28
4416,1073,77,4,Good product,2023-11-16
4417,1090,88,3,Average product,2023-12-05
4418,1107,99,5,Excellent product,2023-12-24
4419,1124,110,4,Good product,2024-01-12
4420,1141,121,1,Very poor experience,2024-01-31
4421,1158,132,5,Excellent product,2024-02-19
4422,1175,143,4,Good product,2024-03-09
4423,1192,154,5,Excellent product,2024-03-28
4424,1209,165,3,Average product,2024-04-16
4425,1226,176,4,Good product,2024-05-05
4426,1243,187,5,Excellent product,2024-05-24
4427,1260,198,5,Excellent product,2024-06-12
4428,1277,209,4,Good product,2024-07-01
4429,1294,220,5,Excellent product,2024-07-20
4430,1311,231,2,Product quality could be better,2024-08-08
4431,1328,242,3,Average product,2024-08-27
4432,1345,253,5,Excellent product,2024-09-15
4433,1362,264,5,Excellent product,2024-10-04
4434,1379,275,4,Good product,2024-10-23
4435,1396,286,5,Excellent product,2024-11-11
4436,1413,297,5,Excellent product,2024-11-30
4437,1430,308,4,Good product,2024-12-19
4438,1447,319,3,Average product,2025-01-07
4439,1464,330,5,Excellent product,2025-01-26
4440,1481,341,1,Very poor experience,2025-02-14
4441,1498,352,5,Excellent product,2025-03-05
4442,1515,363,5,Excellent product,2025-03-24
4443,1532,374,4,Good product,2025-04-12
4444,1549,385,5,Excellent product,2025-05-01
4445,1566,396,3,Average product,2025-05-20
4446,1583,407,4,Good product,2025-06-08
4447,1600,418,5,Excellent product,2025-06-27
4448,1617,429,5,Excellent product,2025-07-16
4449,1634,440,4,Good product,2025-08-04
4450,1651,451,2,Product quality could be better,2025-08-23
4451,1668,462,5,Excellent product,2025-09-11
4452,1685,473,3,Average product,2025-09-30
4453,1702,484,5,Excellent product,2025-10-19
4454,1719,495,5,Excellent product,2025-11-07
4455,1736,6,4,Good product,2025-11-26
4456,1753,17,5,Excellent product,2025-12-15
4457,1770,28,5,Excellent product,2022-01-04
4458,1787,39,4,Good product,2022-01-23
4459,1804,50,3,Average product,2022-02-11
4460,1821,61,1,Very poor experience,2022-03-02
4461,1838,72,4,Good product,2022-03-21
4462,1855,83,5,Excellent product,2022-04-09
4463,1872,94,5,Excellent product,2022-04-28
4464,1889,105,4,Good product,2022-05-17
4465,1906,116,5,Excellent product,2022-06-05
4466,1923,127,3,Average product,2022-06-24
4467,1940,138,4,Good product,2022-07-13
4468,1957,149,5,Excellent product,2022-08-01
4469,1974,160,5,Excellent product,2022-08-20
4470,1991,171,2,Product quality could be better,2022-09-08
4471,8,182,5,Excellent product,2022-09-27
4472,25,193,5,Excellent product,2022-10-16
4473,42,204,3,Average product,2022-11-04
4474,59,215,5,Excellent product,2022-11-23
4475,76,226,5,Excellent product,2022-12-12
4476,93,237,4,Good product,2022-12-31
4477,110,248,5,Excellent product,2023-01-19
4478,127,259,5,Excellent product,2023-02-07
4479,144,270,4,Good product,2023-02-26
4480,161,281,1,Very poor experience,2023-03-17
4481,178,292,5,Excellent product,2023-04-05
4482,195,303,4,Good product,2023-04-24
4483,212,314,5,Excellent product,2023-05-13
4484,229,325,5,Excellent product,2023-06-01
4485,246,336,4,Good product,2023-06-20
4486,263,347,5,Excellent product,2023-07-09
4487,280,358,3,Average product,2023-07-28
4488,297,369,4,Good product,2023-08-16
4489,314,380,5,Excellent product,2023-09-04
4490,331,391,2,Product quality could be better,2023-09-23
4491,348,402,4,Good product,2023-10-12
4492,365,413,5,Excellent product,2023-10-31
4493,382,424,5,Excellent product,2023-11-19
4494,399,435,3,Average product,2023-12-08
4495,416,446,5,Excellent product,2023-12-27
4496,433,457,5,Excellent product,2024-01-15
4497,450,468,4,Good product,2024-02-03
4498,467,479,5,Excellent product,2024-02-22
4499,484,490,5,Excellent product,2024-03-12
4500,501,1,1,Very poor experience,2024-03-31
4501,518,12,3,Average product,2024-04-19
4502,535,23,5,Excellent product,2024-05-08
4503,552,34,4,Good product,2024-05-27
4504,569,45,5,Excellent product,2024-06-15
4505,586,56,5,Excellent product,2024-07-04
4506,603,67,4,Good product,2024-07-23
4507,620,78,5,Excellent product,2024-08-11
4508,637,89,3,Average product,2024-08-30
4509,654,100,4,Good product,2024-09-18
4510,671,111,2,Product quality could be better,2024-10-07
4511,688,122,5,Excellent product,2024-10-26
4512,705,133,4,Good product,2024-11-14
4513,722,144,5,Excellent product,2024-12-03
4514,739,155,5,Excellent product,2024-12-22
4515,756,166,3,Average product,2025-01-10
4516,773,177,5,Excellent product,2025-01-29
4517,790,188,5,Excellent product,2025-02-17
4518,807,199,4,Good product,2025-03-08
4519,824,210,5,Excellent product,2025-03-27
4520,841,221,1,Very poor experience,2025-04-15
4521,858,232,4,Good product,2025-05-04
4522,875,243,3,Average product,2025-05-23
4523,892,254,5,Excellent product,2025-06-11
4524,909,265,4,Good product,2025-06-30
4525,926,276,5,Excellent product,2025-07-19
4526,943,287,5,Excellent product,2025-08-07
4527,960,298,4,Good product,2025-08-26
4528,977,309,5,Excellent product,2025-09-14
4529,994,320,3,Average product,2025-10-03
4530,1011,331,2,Product quality could be better,2025-10-22
4531,1028,342,5,Excellent product,2025-11-10
4532,1045,353,5,Excellent product,2025-11-29
4533,1062,364,4,Good product,2025-12-18
4534,1079,375,5,Excellent product,2022-01-07
4535,1096,386,5,Excellent product,2022-01-26
4536,1113,397,3,Average product,2022-02-14
4537,1130,408,5,Excellent product,2022-03-05
4538,1147,419,5,Excellent product,2022-03-24
4539,1164,430,4,Good product,2022-04-12
4540,1181,441,1,Very poor experience,2022-05-01
4541,1198,452,5,Excellent product,2022-05-20
4542,1215,463,4,Good product,2022-06-08
4543,1232,474,3,Average product,2022-06-27
4544,1249,485,5,Excellent product,2022-07-16
4545,1266,496,4,Good product,2022-08-04
4546,1283,7,5,Excellent product,2022-08-23
4547,1300,18,5,Excellent product,2022-09-11
4548,1317,29,4,Good product,2022-09-30
4549,1334,40,5,Excellent product,2022-10-19
4550,1351,51,2,Product quality could be better,2022-11-07
4551,1368,62,4,Good product,2022-11-26
4552,1385,73,5,Excellent product,2022-12-15
4553,1402,84,5,Excellent product,2023-01-03
4554,1419,95,4,Good product,2023-01-22
4555,1436,106,5,Excellent product,2023-02-10
4556,1453,117,5,Excellent product,2023-03-01
4557,1470,128,3,Average product,2023-03-20
4558,1487,139,5,Excellent product,2023-04-08
4559,1504,150,5,Excellent product,2023-04-27
4560,1521,161,1,Very poor experience,2023-05-16
4561,1538,172,5,Excellent product,2023-06-04
4562,1555,183,5,Excellent product,2023-06-23
4563,1572,194,4,Good product,2023-07-12
4564,1589,205,3,Average product,2023-07-31
4565,1606,216,5,Excellent product,2023-08-19
4566,1623,227,4,Good product,2023-09-07
4567,1640,238,5,Excellent product,2023-09-26
4568,1657,249,5,Excellent product,2023-10-15
4569,1674,260,4,Good product,2023-11-03
4570,1691,271,2,Product quality could be better,2023-11-22
4571,1708,282,3,Average product,2023-12-11
4572,1725,293,4,Good product,2023-12-30
4573,1742,304,5,Excellent product,2024-01-18
4574,1759,315,5,Excellent product,2024-02-06
4575,1776,326,4,Good product,2024-02-25
4576,1793,337,5,Excellent product,2024-03-15
4577,1810,348,5,Excellent product,2024-04-03
4578,1827,359,3,Average product,2024-04-22
4579,1844,370,5,Excellent product,2024-05-11
4580,1861,381,1,Very poor experience,2024-05-30
4581,1878,392,4,Good product,2024-06-18
4582,1895,403,5,Excellent product,2024-07-07
4583,1912,414,5,Excellent product,2024-07-26
4584,1929,425,4,Good product,2024-08-14
4585,1946,436,3,Average product,2024-09-02
4586,1963,447,5,Excellent product,2024-09-21
4587,1980,458,4,Good product,2024-10-10
4588,1997,469,5,Excellent product,2024-10-29
4589,14,480,5,Excellent product,2024-11-17
4590,31,491,2,Product quality could be better,2024-12-06
4591,48,2,5,Excellent product,2024-12-25
4592,65,13,3,Average product,2025-01-13
4593,82,24,4,Good product,2025-02-01
4594,99,35,5,Excellent product,2025-02-20
4595,116,46,5,Excellent product,2025-03-11
4596,133,57,4,Good product,2025-03-30
4597,150,68,5,Excellent product,2025-04-18
4598,167,79,5,Excellent product,2025-05-07
4599,184,90,3,Average product,2025-05-26
4600,201,101,1,Very poor experience,2025-06-14
4601,218,112,5,Excellent product,2025-07-03
4602,235,123,4,Good product,2025-07-22
4603,252,134,5,Excellent product,2025-08-10
4604,269,145,5,Excellent product,2025-08-29
4605,286,156,4,Good product,2025-09-17
4606,303,167,3,Average product,2025-10-06
4607,320,178,5,Excellent product,2025-10-25
4608,337,189,4,Good product,2025-11-13
4609,354,200,5,Excellent product,2025-12-02
4610,371,211,2,Product quality could be better,2025-12-21
4611,388,222,4,Good product,2022-01-10
4612,405,233,5,Excellent product,2022-01-29
4613,422,244,3,Average product,2022-02-17
4614,439,255,4,Good product,2022-03-08
4615,456,266,5,Excellent product,2022-03-27
4616,473,277,5,Excellent product,2022-04-15
4617,490,288,4,Good product,2022-05-04
4618,507,299,5,Excellent product,2022-05-23
4619,524,310,5,Excellent product,2022-06-11
4620,541,321,1,Very poor experience,2022-06-30
4621,558,332,5,Excellent product,2022-07-19
4622,575,343,5,Excellent product,2022-08-07
4623,592,354,4,Good product,2022-08-26
4624,609,365,5,Excellent product,2022-09-14
4625,626,376,5,Excellent product,2022-10-03
4626,643,387,4,Good product,2022-10-22
4627,660,398,3,Average product,2022-11-10
4628,677,409,5,Excellent product,2022-11-29
4629,694,420,4,Good product,2022-12-18
4630,711,431,2,Product quality could be better,2023-01-06
4631,728,442,5,Excellent product,2023-01-25
4632,745,453,4,Good product,2023-02-13
4633,762,464,5,Excellent product,2023-03-04
4634,779,475,3,Average product,2023-03-23
4635,796,486,4,Good product,2023-04-11
4636,813,497,5,Excellent product,2023-04-30
4637,830,8,5,Excellent product,2023-05-19
4638,847,19,4,Good product,2023-06-07
4639,864,30,5,Excellent product,2023-06-26
4640,881,41,1,Very poor experience,2023-07-15
4641,898,52,3,Average product,2023-08-03
4642,915,63,5,Excellent product,2023-08-22
4643,932,74,5,Excellent product,2023-09-10
4644,949,85,4,Good product,2023-09-29
4645,966,96,5,Excellent product,2023-10-18
4646,983,107,5,Excellent product,2023-11-06
4647,1000,118,4,Good product,2023-11-25
4648,1017,129,3,Average product,2023-12-14
4649,1034,140,5,Excellent product,2024-01-02
4650,1051,151,2,Product quality could be better,2024-01-21
4651,1068,162,5,Excellent product,2024-02-09
4652,1085,173,5,Excellent product,2024-02-28
4653,1102,184,4,Good product,2024-03-18
4654,1119,195,5,Excellent product,2024-04-06
4655,1136,206,3,Average product,2024-04-25
4656,1153,217,4,Good product,2024-05-14
4657,1170,228,5,Excellent product,2024-06-02
4658,1187,239,5,Excellent product,2024-06-21
4659,1204,250,4,Good product,2024-07-10
4660,1221,261,1,Very poor experience,2024-07-29
4661,1238,272,5,Excellent product,2024-08-17
4662,1255,283,3,Average product,2024-09-05
4663,1272,294,5,Excellent product,2024-09-24
4664,1289,305,5,Excellent product,2024-10-13
4665,1306,316,4,Good product,2024-11-01
4666,1323,327,5,Excellent product,2024-11-20
4667,1340,338,5,Excellent product,2024-12-09
4668,1357,349,4,Good product,2024-12-28
4669,1374,360,3,Average product,2025-01-16
4670,1391,371,2,Product quality could be better,2025-02-04
4671,1408,382,4,Good product,2025-02-23
4672,1425,393,5,Excellent product,2025-03-14
4673,1442,404,5,Excellent product,2025-04-02
4674,1459,415,4,Good product,2025-04-21
4675,1476,426,5,Excellent product,2025-05-10
4676,1493,437,3,Average product,2025-05-29
4677,1510,448,4,Good product,2025-06-17
4678,1527,459,5,Excellent product,2025-07-06
4679,1544,470,5,Excellent product,2025-07-25
4680,1561,481,1,Very poor experience,2025-08-13
4681,1578,492,5,Excellent product,2025-09-01
4682,1595,3,5,Excellent product,2025-09-20
4683,1612,14,3,Average product,2025-10-09
4684,1629,25,5,Excellent product,2025-10-28
4685,1646,36,5,Excellent product,2025-11-16
4686,1663,47,4,Good product,2025-12-05
4687,1680,58,5,Excellent product,2025-12-24
4688,1697,69,5,Excellent product,2022-01-13
4689,1714,80,4,Good product,2022-02-01
4690,1731,91,2,Product quality could be better,2022-02-20
4691,1748,102,5,Excellent product,2022-03-11
4692,1765,113,4,Good product,2022-03-30
4693,1782,124,5,Excellent product,2022-04-18
4694,1799,135,5,Excellent product,2022-05-07
4695,1816,146,4,Good product,2022-05-26
4696,1833,157,5,Excellent product,2022-06-14
4697,1850,168,3,Average product,2022-07-03
4698,1867,179,4,Good product,2022-07-22
4699,1884,190,5,Excellent product,2022-08-10
4700,1901,201,1,Very poor experience,2022-08-29
4701,1918,212,4,Good product,2022-09-17
4702,1935,223,5,Excellent product,2022-10-06
4703,1952,234,5,Excellent product,2022-10-25
4704,1969,245,3,Average product,2022-11-13
4705,1986,256,5,Excellent product,2022-12-02
4706,3,267,5,Excellent product,2022-12-21
4707,20,278,4,Good product,2023-01-09
4708,37,289,5,Excellent product,2023-01-28
4709,54,300,5,Excellent product,2023-02-16
4710,71,311,2,Product quality could be better,2023-03-07
4711,88,322,3,Average product,2023-03-26
4712,105,333,5,Excellent product,2023-04-14
4713,122,344,4,Good product,2023-05-03
4714,139,355,5,Excellent product,2023-05-22
4715,156,366,5,Excellent product,2023-06-10
4716,173,377,4,Good product,2023-06-29
4717,190,388,5,Excellent product,2023-07-18
4718,207,399,3,Average product,2023-08-06
4719,224,410,4,Good product,2023-08-25
4720,241,421,1,Very poor experience,2023-09-13
4721,258,432,5,Excellent product,2023-10-02
4722,275,443,4,Good product,2023-10-21
4723,292,454,5,Excellent product,2023-11-09
4724,309,465,5,Excellent product,2023-11-28
4725,326,476,3,Average product,2023-12-17
4726,343,487,5,Excellent product,2024-01-05
4727,360,498,5,Excellent product,2024-01-24
4728,377,9,4,Good product,2024-02-12
4729,394,20,5,Excellent product,2024-03-02
4730,411,31,2,Product quality could be better,2024-03-21
4731,428,42,4,Good product,2024-04-09
4732,445,53,3,Average product,2024-04-28
4733,462,64,5,Excellent product,2024-05-17
4734,479,75,4,Good product,2024-06-05
4735,496,86,5,Excellent product,2024-06-24
4736,513,97,5,Excellent product,2024-07-13
4737,530,108,4,Good product,2024-08-01
4738,547,119,5,Excellent product,2024-08-20
4739,564,130,3,Average product,2024-09-08
4740,581,141,1,Very poor experience,2024-09-27
4741,598,152,5,Excellent product,2024-10-16
4742,615,163,5,Excellent product,2024-11-04
4743,632,174,4,Good product,2024-11-23
4744,649,185,5,Excellent product,2024-12-12
4745,666,196,5,Excellent product,2024-12-31
4746,683,207,3,Average product,2025-01-19
4747,700,218,5,Excellent product,2025-02-07
4748,717,229,5,Excellent product,2025-02-26
4749,734,240,4,Good product,2025-03-17
4750,751,251,2,Product quality could be better,2025-04-05
4751,768,262,5,Excellent product,2025-04-24
4752,785,273,4,Good product,2025-05-13
4753,802,284,3,Average product,2025-06-01
4754,819,295,5,Excellent product,2025-06-20
4755,836,306,4,Good product,2025-07-09
4756,853,317,5,Excellent product,2025-07-28
4757,870,328,5,Excellent product,2025-08-16
4758,887,339,4,Good product,2025-09-04
4759,904,350,5,Excellent product,2025-09-23
4760,921,361,1,Very poor experience,2025-10-12
4761,938,372,4,Good product,2025-10-31
4762,955,383,5,Excellent product,2025-11-19
4763,972,394,5,Excellent product,2025-12-08
4764,989,405,4,Good product,2025-12-27
4765,1006,416,5,Excellent product,2022-01-16
4766,1023,427,5,Excellent product,2022-02-04
4767,1040,438,3,Average product,2022-02-23
4768,1057,449,5,Excellent product,2022-03-14
4769,1074,460,5,Excellent product,2022-04-02
4770,1091,471,2,Product quality could be better,2022-04-21
4771,1108,482,5,Excellent product,2022-05-10
4772,1125,493,5,Excellent product,2022-05-29
4773,1142,4,4,Good product,2022-06-17
4774,1159,15,3,Average product,2022-07-06
4775,1176,26,5,Excellent product,2022-07-25
4776,1193,37,4,Good product,2022-08-13
4777,1210,48,5,Excellent product,2022-09-01
4778,1227,59,5,Excellent product,2022-09-20
4779,1244,70,4,Good product,2022-10-09
4780,1261,81,1,Very poor experience,2022-10-28
4781,1278,92,3,Average product,2022-11-16
4782,1295,103,4,Good product,2022-12-05
4783,1312,114,5,Excellent product,2022-12-24
4784,1329,125,5,Excellent product,2023-01-12
4785,1346,136,4,Good product,2023-01-31
4786,1363,147,5,Excellent product,2023-02-19
4787,1380,158,5,Excellent product,2023-03-10
4788,1397,169,3,Average product,2023-03-29
4789,1414,180,5,Excellent product,2023-04-17
4790,1431,191,2,Product quality could be better,2023-05-06
4791,1448,202,4,Good product,2023-05-25
4792,1465,213,5,Excellent product,2023-06-13
4793,1482,224,5,Excellent product,2023-07-02
4794,1499,235,4,Good product,2023-07-21
4795,1516,246,3,Average product,2023-08-09
4796,1533,257,5,Excellent product,2023-08-28
4797,1550,268,4,Good product,2023-09-16
4798,1567,279,5,Excellent product,2023-10-05
4799,1584,290,5,Excellent product,2023-10-24
4800,1601,301,1,Very poor experience,2023-11-12
4801,1618,312,5,Excellent product,2023-12-01
4802,1635,323,3,Average product,2023-12-20
4803,1652,334,4,Good product,2024-01-08
4804,1669,345,5,Excellent product,2024-01-27
4805,1686,356,5,Excellent product,2024-02-15
4806,1703,367,4,Good product,2024-03-05
4807,1720,378,5,Excellent product,2024-03-24
4808,1737,389,5,Excellent product,2024-04-12
4809,1754,400,3,Average product,2024-05-01
4810,1771,411,2,Product quality could be better,2024-05-20
4811,1788,422,5,Excellent product,2024-06-08
4812,1805,433,4,Good product,2024-06-27
4813,1822,444,5,Excellent product,2024-07-16
4814,1839,455,5,Excellent product,2024-08-04
4815,1856,466,4,Good product,2024-08-23
4816,1873,477,3,Average product,2024-09-11
4817,1890,488,5,Excellent product,2024-09-30
4818,1907,499,4,Good product,2024-10-19
4819,1924,10,5,Excellent product,2024-11-07
4820,1941,21,1,Very poor experience,2024-11-26
4821,1958,32,4,Good product,2024-12-15
4822,1975,43,5,Excellent product,2025-01-03
4823,1992,54,3,Average product,2025-01-22
4824,9,65,4,Good product,2025-02-10
4825,26,76,5,Excellent product,2025-03-01
4826,43,87,5,Excellent product,2025-03-20
4827,60,98,4,Good product,2025-04-08
4828,77,109,5,Excellent product,2025-04-27
4829,94,120,5,Excellent product,2025-05-16
4830,111,131,2,Product quality could be better,2025-06-04
4831,128,142,5,Excellent product,2025-06-23
4832,145,153,5,Excellent product,2025-07-12
4833,162,164,4,Good product,2025-07-31
4834,179,175,5,Excellent product,2025-08-19
4835,196,186,5,Excellent product,2025-09-07
4836,213,197,4,Good product,2025-09-26
4837,230,208,3,Average product,2025-10-15
4838,247,219,5,Excellent product,2025-11-03
4839,264,230,4,Good product,2025-11-22
4840,281,241,1,Very poor experience,2025-12-11
4841,298,252,5,Excellent product,2025-12-30
4842,315,263,4,Good product,2022-01-19
4843,332,274,5,Excellent product,2022-02-07
4844,349,285,3,Average product,2022-02-26
4845,366,296,4,Good product,2022-03-17
4846,383,307,5,Excellent product,2022-04-05
4847,400,318,5,Excellent product,2022-04-24
4848,417,329,4,Good product,2022-05-13
4849,434,340,5,Excellent product,2022-06-01
4850,451,351,2,Product quality could be better,2022-06-20
4851,468,362,3,Average product,2022-07-09
4852,485,373,5,Excellent product,2022-07-28
4853,502,384,5,Excellent product,2022-08-16
4854,519,395,4,Good product,2022-09-04
4855,536,406,5,Excellent product,2022-09-23
4856,553,417,5,Excellent product,2022-10-12
4857,570,428,4,Good product,2022-10-31
4858,587,439,3,Average product,2022-11-19
4859,604,450,5,Excellent product,2022-12-08
4860,621,461,1,Very poor experience,2022-12-27
4861,638,472,5,Excellent product,2023-01-15
4862,655,483,5,Excellent product,2023-02-03
4863,672,494,4,Good product,2023-02-22
4864,689,5,5,Excellent product,2023-03-13
4865,706,16,3,Average product,2023-04-01
4866,723,27,4,Good product,2023-04-20
4867,740,38,5,Excellent product,2023-05-09
4868,757,49,5,Excellent product,2023-05-28
4869,774,60,4,Good product,2023-06-16
4870,791,71,2,Product quality could be better,2023-07-05
4871,808,82,5,Excellent product,2023-07-24
4872,825,93,3,Average product,2023-08-12
4873,842,104,5,Excellent product,2023-08-31
4874,859,115,5,Excellent product,2023-09-19
4875,876,126,4,Good product,2023-10-08
4876,893,137,5,Excellent product,2023-10-27
4877,910,148,5,Excellent product,2023-11-15
4878,927,159,4,Good product,2023-12-04
4879,944,170,3,Average product,2023-12-23
4880,961,181,1,Very poor experience,2024-01-11
4881,978,192,4,Good product,2024-01-30
4882,995,203,5,Excellent product,2024-02-18
4883,1012,214,5,Excellent product,2024-03-08
4884,1029,225,4,Good product,2024-03-27
4885,1046,236,5,Excellent product,2024-04-15
4886,1063,247,3,Average product,2024-05-04
4887,1080,258,4,Good product,2024-05-23
4888,1097,269,5,Excellent product,2024-06-11
4889,1114,280,5,Excellent product,2024-06-30
4890,1131,291,2,Product quality could be better,2024-07-19
4891,1148,302,5,Excellent product,2024-08-07
4892,1165,313,5,Excellent product,2024-08-26
4893,1182,324,3,Average product,2024-09-14
4894,1199,335,5,Excellent product,2024-10-03
4895,1216,346,5,Excellent product,2024-10-22
4896,1233,357,4,Good product,2024-11-10
4897,1250,368,5,Excellent product,2024-11-29
4898,1267,379,5,Excellent product,2024-12-18
4899,1284,390,4,Good product,2025-01-06
4900,1301,401,1,Very poor experience,2025-01-25
4901,1318,412,5,Excellent product,2025-02-13
4902,1335,423,4,Good product,2025-03-04
4903,1352,434,5,Excellent product,2025-03-23
4904,1369,445,5,Excellent product,2025-04-11
4905,1386,456,4,Good product,2025-04-30
4906,1403,467,5,Excellent product,2025-05-19
4907,1420,478,3,Average product,2025-06-07
4908,1437,489,4,Good product,2025-06-26
4909,1454,500,5,Excellent product,2025-07-15
4910,1471,11,2,Product quality could be better,2025-08-03
4911,1488,22,4,Good product,2025-08-22
4912,1505,33,5,Excellent product,2025-09-10
4913,1522,44,5,Excellent product,2025-09-29
4914,1539,55,3,Average product,2025-10-18
4915,1556,66,5,Excellent product,2025-11-06
4916,1573,77,5,Excellent product,2025-11-25
4917,1590,88,4,Good product,2025-12-14
4918,1607,99,5,Excellent product,2022-01-03
4919,1624,110,5,Excellent product,2022-01-22
4920,1641,121,1,Very poor experience,2022-02-10
4921,1658,132,3,Average product,2022-03-01
4922,1675,143,5,Excellent product,2022-03-20
4923,1692,154,4,Good product,2022-04-08
4924,1709,165,5,Excellent product,2022-04-27
4925,1726,176,5,Excellent product,2022-05-16
4926,1743,187,4,Good product,2022-06-04
4927,1760,198,5,Excellent product,2022-06-23
4928,1777,209,3,Average product,2022-07-12
4929,1794,220,4,Good product,2022-07-31
4930,1811,231,2,Product quality could be better,2022-08-19
4931,1828,242,5,Excellent product,2022-09-07
4932,1845,253,4,Good product,2022-09-26
4933,1862,264,5,Excellent product,2022-10-15
4934,1879,275,5,Excellent product,2022-11-03
4935,1896,286,3,Average product,2022-11-22
4936,1913,297,5,Excellent product,2022-12-11
4937,1930,308,5,Excellent product,2022-12-30
4938,1947,319,4,Good product,2023-01-18
4939,1964,330,5,Excellent product,2023-02-06
4940,1981,341,1,Very poor experience,2023-02-25
4941,1998,352,4,Good product,2023-03-16
4942,15,363,3,Average product,2023-04-04
4943,32,374,5,Excellent product,2023-04-23
4944,49,385,4,Good product,2023-05-12
4945,66,396,5,Excellent product,2023-05-31
4946,83,407,5,Excellent product,2023-06-19
4947,100,418,4,Good product,2023-07-08
4948,117,429,5,Excellent product,2023-07-27
4949,134,440,3,Average product,2023-08-15
4950,151,451,2,Product quality could be better,2023-09-03
4951,168,462,5,Excellent product,2023-09-22
4952,185,473,5,Excellent product,2023-10-11
4953,202,484,4,Good product,2023-10-30
4954,219,495,5,Excellent product,2023-11-18
4955,236,6,5,Excellent product,2023-12-07
4956,253,17,3,Average product,2023-12-26
4957,270,28,5,Excellent product,2024-01-14
4958,287,39,5,Excellent product,2024-02-02
4959,304,50,4,Good product,2024-02-21
4960,321,61,1,Very poor experience,2024-03-11
4961,338,72,5,Excellent product,2024-03-30
4962,355,83,4,Good product,2024-04-18
4963,372,94,3,Average product,2024-05-07
4964,389,105,5,Excellent product,2024-05-26
4965,406,116,4,Good product,2024-06-14
4966,423,127,5,Excellent product,2024-07-03
4967,440,138,5,Excellent product,2024-07-22
4968,457,149,4,Good product,2024-08-10
4969,474,160,5,Excellent product,2024-08-29
4970,491,171,2,Product quality could be better,2024-09-17
4971,508,182,4,Good product,2024-10-06
4972,525,193,5,Excellent product,2024-10-25
4973,542,204,5,Excellent product,2024-11-13
4974,559,215,4,Good product,2024-12-02
4975,576,226,5,Excellent product,2024-12-21
4976,593,237,5,Excellent product,2025-01-09
4977,610,248,3,Average product,2025-01-28
4978,627,259,5,Excellent product,2025-02-16
4979,644,270,5,Excellent product,2025-03-07
4980,661,281,1,Very poor experience,2025-03-26
4981,678,292,5,Excellent product,2025-04-14
4982,695,303,5,Excellent product,2025-05-03
4983,712,314,4,Good product,2025-05-22
4984,729,325,3,Average product,2025-06-10
4985,746,336,5,Excellent product,2025-06-29
4986,763,347,4,Good product,2025-07-18
4987,780,358,5,Excellent product,2025-08-06
4988,797,369,5,Excellent product,2025-08-25
4989,814,380,4,Good product,2025-09-13
4990,831,391,2,Product quality could be better,2025-10-02
4991,848,402,3,Average product,2025-10-21
4992,865,413,4,Good product,2025-11-09
4993,882,424,5,Excellent product,2025-11-28
4994,899,435,5,Excellent product,2025-12-17
4995,916,446,4,Good product,2022-01-06
4996,933,457,5,Excellent product,2022-01-25
4997,950,468,5,Excellent product,2022-02-13
4998,967,479,3,Average product,2022-03-04
4999,984,490,5,Excellent product,2022-03-23
5000,1001,1,1,Very poor experience,2022-04-11
5001,1018,12,4,Good product,2022-04-30
5002,1035,23,5,Excellent product,2022-05-19
5003,1052,34,5,Excellent product,2022-06-07
5004,1069,45,4,Good product,2022-06-26
5005,1086,56,3,Average product,2022-07-15
5006,1103,67,5,Excellent product,2022-08-03
5007,1120,78,4,Good product,2022-08-22
5008,1137,89,5,Excellent product,2022-09-10
5009,1154,100,5,Excellent product,2022-09-29
5010,1171,111,2,Product quality could be better,2022-10-18
5011,1188,122,5,Excellent product,2022-11-06
5012,1205,133,3,Average product,2022-11-25
5013,1222,144,4,Good product,2022-12-14
5014,1239,155,5,Excellent product,2023-01-02
5015,1256,166,5,Excellent product,2023-01-21
5016,1273,177,4,Good product,2023-02-09
5017,1290,188,5,Excellent product,2023-02-28
5018,1307,199,5,Excellent product,2023-03-19
5019,1324,210,3,Average product,2023-04-07
5020,1341,221,1,Very poor experience,2023-04-26
5021,1358,232,5,Excellent product,2023-05-15
5022,1375,243,4,Good product,2023-06-03
5023,1392,254,5,Excellent product,2023-06-22
5024,1409,265,5,Excellent product,2023-07-11
5025,1426,276,4,Good product,2023-07-30
5026,1443,287,3,Average product,2023-08-18
5027,1460,298,5,Excellent product,2023-09-06
5028,1477,309,4,Good product,2023-09-25
5029,1494,320,5,Excellent product,2023-10-14
5030,1511,331,2,Product quality could be better,2023-11-02
5031,1528,342,4,Good product,2023-11-21
5032,1545,353,5,Excellent product,2023-12-10
5033,1562,364,3,Average product,2023-12-29
5034,1579,375,4,Good product,2024-01-17
5035,1596,386,5,Excellent product,2024-02-05
5036,1613,397,5,Excellent product,2024-02-24
5037,1630,408,4,Good product,2024-03-14
5038,1647,419,5,Excellent product,2024-04-02
5039,1664,430,5,Excellent product,2024-04-21
5040,1681,441,1,Very poor experience,2024-05-10
5041,1698,452,5,Excellent product,2024-05-29
5042,1715,463,5,Excellent product,2024-06-17
5043,1732,474,4,Good product,2024-07-06
5044,1749,485,5,Excellent product,2024-07-25
5045,1766,496,5,Excellent product,2024-08-13
5046,1783,7,4,Good product,2024-09-01
5047,1800,18,3,Average product,2024-09-20
5048,1817,29,5,Excellent product,2024-10-09
5049,1834,40,4,Good product,2024-10-28
5050,1851,51,2,Product quality could be better,2024-11-16
5051,1868,62,5,Excellent product,2024-12-05
5052,1885,73,4,Good product,2024-12-24
5053,1902,84,5,Excellent product,2025-01-12
5054,1919,95,3,Average product,2025-01-31
5055,1936,106,4,Good product,2025-02-19
5056,1953,117,5,Excellent product,2025-03-10
5057,1970,128,5,Excellent product,2025-03-29
5058,1987,139,4,Good product,2025-04-17
5059,4,150,5,Excellent product,2025-05-06
5060,21,161,1,Very poor experience,2025-05-25
5061,38,172,3,Average product,2025-06-13
5062,55,183,5,Excellent product,2025-07-02
5063,72,194,5,Excellent product,2025-07-21
5064,89,205,4,Good product,2025-08-09
5065,106,216,5,Excellent product,2025-08-28
5066,123,227,5,Excellent product,2025-09-16
5067,140,238,4,Good product,2025-10-05
5068,157,249,3,Average product,2025-10-24
5069,174,260,5,Excellent product,2025-11-12
5070,191,271,2,Product quality could be better,2025-12-01
5071,208,282,5,Excellent product,2025-12-20
5072,225,293,5,Excellent product,2022-01-09
5073,242,304,4,Good product,2022-01-28
5074,259,315,5,Excellent product,2022-02-16
5075,276,326,3,Average product,2022-03-07
5076,293,337,4,Good product,2022-03-26
5077,310,348,5,Excellent product,2022-04-14
5078,327,359,5,Excellent product,2022-05-03
5079,344,370,4,Good product,2022-05-22
5080,361,381,1,Very poor experience,2022-06-10
5081,378,392,5,Excellent product,2022-06-29
5082,395,403,3,Average product,2022-07-18
5083,412,414,5,Excellent product,2022-08-06
5084,429,425,5,Excellent product,2022-08-25
5085,446,436,4,Good product,2022-09-13
5086,463,447,5,Excellent product,2022-10-02
5087,480,458,5,Excellent product,2022-10-21
5088,497,469,4,Good product,2022-11-09
5089,514,480,3,Average product,2022-11-28
5090,531,491,2,Product quality could be better,2022-12-17
5091,548,2,4,Good product,2023-01-05
5092,565,13,5,Excellent product,2023-01-24
5093,582,24,5,Excellent product,2023-02-12
5094,599,35,4,Good product,2023-03-03
5095,616,46,5,Excellent product,2023-03-22
5096,633,57,3,Average product,2023-04-10
5097,650,68,4,Good product,2023-04-29
5098,667,79,5,Excellent product,2023-05-18
5099,684,90,5,Excellent product,2023-06-06
5100,701,101,1,Very poor experience,2023-06-25
5101,718,112,5,Excellent product,2023-07-14
5102,735,123,5,Excellent product,2023-08-02
5103,752,134,3,Average product,2023-08-21
5104,769,145,5,Excellent product,2023-09-09
5105,786,156,5,Excellent product,2023-09-28
5106,803,167,4,Good product,2023-10-17
5107,820,178,5,Excellent product,2023-11-05
5108,837,189,5,Excellent product,2023-11-24
5109,854,200,4,Good product,2023-12-13
5110,871,211,2,Product quality could be better,2024-01-01
5111,888,222,5,Excellent product,2024-01-20
5112,905,233,4,Good product,2024-02-08
5113,922,244,5,Excellent product,2024-02-27
5114,939,255,5,Excellent product,2024-03-17
5115,956,266,4,Good product,2024-04-05
5116,973,277,5,Excellent product,2024-04-24
5117,990,288,3,Average product,2024-05-13
5118,1007,299,4,Good product,2024-06-01
5119,1024,310,5,Excellent product,2024-06-20
5120,1041,321,1,Very poor experience,2024-07-09
5121,1058,332,4,Good product,2024-07-28
5122,1075,343,5,Excellent product,2024-08-16
5123,1092,354,5,Excellent product,2024-09-04
5124,1109,365,3,Average product,2024-09-23
5125,1126,376,5,Excellent product,2024-10-12
5126,1143,387,5,Excellent product,2024-10-31
5127,1160,398,4,Good product,2024-11-19
5128,1177,409,5,Excellent product,2024-12-08
5129,1194,420,5,Excellent product,2024-12-27
5130,1211,431,2,Product quality could be better,2025-01-15
5131,1228,442,3,Average product,2025-02-03
5132,1245,453,5,Excellent product,2025-02-22
5133,1262,464,4,Good product,2025-03-13
5134,1279,475,5,Excellent product,2025-04-01
5135,1296,486,5,Excellent product,2025-04-20
5136,1313,497,4,Good product,2025-05-09
5137,1330,8,5,Excellent product,2025-05-28
5138,1347,19,3,Average product,2025-06-16
5139,1364,30,4,Good product,2025-07-05
5140,1381,41,1,Very poor experience,2025-07-24
5141,1398,52,5,Excellent product,2025-08-12
5142,1415,63,4,Good product,2025-08-31
5143,1432,74,5,Excellent product,2025-09-19
5144,1449,85,5,Excellent product,2025-10-08
5145,1466,96,3,Average product,2025-10-27
5146,1483,107,5,Excellent product,2025-11-15
5147,1500,118,5,Excellent product,2025-12-04
5148,1517,129,4,Good product,2025-12-23
5149,1534,140,5,Excellent product,2022-01-12
5150,1551,151,2,Product quality could be better,2022-01-31
5151,1568,162,4,Good product,2022-02-19
5152,1585,173,3,Average product,2022-03-10
5153,1602,184,5,Excellent product,2022-03-29
5154,1619,195,4,Good product,2022-04-17
5155,1636,206,5,Excellent product,2022-05-06
5156,1653,217,5,Excellent product,2022-05-25
5157,1670,228,4,Good product,2022-06-13
5158,1687,239,5,Excellent product,2022-07-02
5159,1704,250,3,Average product,2022-07-21
5160,1721,261,1,Very poor experience,2022-08-09
5161,1738,272,5,Excellent product,2022-08-28
5162,1755,283,5,Excellent product,2022-09-16
5163,1772,294,4,Good product,2022-10-05
5164,1789,305,5,Excellent product,2022-10-24
5165,1806,316,5,Excellent product,2022-11-12
5166,1823,327,3,Average product,2022-12-01
5167,1840,338,5,Excellent product,2022-12-20
5168,1857,349,5,Excellent product,2023-01-08
5169,1874,360,4,Good product,2023-01-27
5170,1891,371,2,Product quality could be better,2023-02-15
5171,1908,382,5,Excellent product,2023-03-06
5172,1925,393,4,Good product,2023-03-25
5173,1942,404,3,Average product,2023-04-13
5174,1959,415,5,Excellent product,2023-05-02
5175,1976,426,4,Good product,2023-05-21
5176,1993,437,5,Excellent product,2023-06-09
5177,10,448,5,Excellent product,2023-06-28
5178,27,459,4,Good product,2023-07-17
5179,44,470,5,Excellent product,2023-08-05
5180,61,481,1,Very poor experience,2023-08-24
5181,78,492,4,Good product,2023-09-12
5182,95,3,5,Excellent product,2023-10-01
5183,112,14,5,Excellent product,2023-10-20
5184,129,25,4,Good product,2023-11-08
5185,146,36,5,Excellent product,2023-11-27
5186,163,47,5,Excellent product,2023-12-16
5187,180,58,3,Average product,2024-01-04
5188,197,69,5,Excellent product,2024-01-23
5189,214,80,5,Excellent product,2024-02-11
5190,231,91,2,Product quality could be better,2024-03-01
5191,248,102,5,Excellent product,2024-03-20
5192,265,113,5,Excellent product,2024-04-08
5193,282,124,4,Good product,2024-04-27
5194,299,135,3,Average product,2024-05-16
5195,316,146,5,Excellent product,2024-06-04
5196,333,157,4,Good product,2024-06-23
5197,350,168,5,Excellent product,2024-07-12
5198,367,179,5,Excellent product,2024-07-31
5199,384,190,4,Good product,2024-08-19
5200,401,201,1,Very poor experience,2024-09-07
5201,418,212,3,Average product,2024-09-26
5202,435,223,4,Good product,2024-10-15
5203,452,234,5,Excellent product,2024-11-03
5204,469,245,5,Excellent product,2024-11-22
5205,486,256,4,Good product,2024-12-11
5206,503,267,5,Excellent product,2024-12-30
5207,520,278,5,Excellent product,2025-01-18
5208,537,289,3,Average product,2025-02-06
5209,554,300,5,Excellent product,2025-02-25
5210,571,311,2,Product quality could be better,2025-03-16
5211,588,322,4,Good product,2025-04-04
5212,605,333,5,Excellent product,2025-04-23
5213,622,344,5,Excellent product,2025-05-12
5214,639,355,4,Good product,2025-05-31
5215,656,366,3,Average product,2025-06-19
5216,673,377,5,Excellent product,2025-07-08
5217,690,388,4,Good product,2025-07-27
5218,707,399,5,Excellent product,2025-08-15
5219,724,410,5,Excellent product,2025-09-03
5220,741,421,1,Very poor experience,2025-09-22
5221,758,432,5,Excellent product,2025-10-11
5222,775,443,3,Average product,2025-10-30
5223,792,454,4,Good product,2025-11-18
5224,809,465,5,Excellent product,2025-12-07
5225,826,476,5,Excellent product,2025-12-26
5226,843,487,4,Good product,2022-01-15
5227,860,498,5,Excellent product,2022-02-03
5228,877,9,5,Excellent product,2022-02-22
5229,894,20,3,Average product,2022-03-13
5230,911,31,2,Product quality could be better,2022-04-01
5231,928,42,5,Excellent product,2022-04-20
5232,945,53,4,Good product,2022-05-09
5233,962,64,5,Excellent product,2022-05-28
5234,979,75,5,Excellent product,2022-06-16
5235,996,86,4,Good product,2022-07-05
5236,1013,97,3,Average product,2022-07-24
5237,1030,108,5,Excellent product,2022-08-12
5238,1047,119,4,Good product,2022-08-31
5239,1064,130,5,Excellent product,2022-09-19
5240,1081,141,1,Very poor experience,2022-10-08
5241,1098,152,4,Good product,2022-10-27
5242,1115,163,5,Excellent product,2022-11-15
5243,1132,174,3,Average product,2022-12-04
5244,1149,185,4,Good product,2022-12-23
5245,1166,196,5,Excellent product,2023-01-11
5246,1183,207,5,Excellent product,2023-01-30
5247,1200,218,4,Good product,2023-02-18
5248,1217,229,5,Excellent product,2023-03-09
5249,1234,240,5,Excellent product,2023-03-28
5250,1251,251,2,Product quality could be better,2023-04-16
5251,1268,262,5,Excellent product,2023-05-05
5252,1285,273,5,Excellent product,2023-05-24
5253,1302,284,4,Good product,2023-06-12
5254,1319,295,5,Excellent product,2023-07-01
5255,1336,306,5,Excellent product,2023-07-20
5256,1353,317,4,Good product,2023-08-08
5257,1370,328,3,Average product,2023-08-27
5258,1387,339,5,Excellent product,2023-09-15
5259,1404,350,4,Good product,2023-10-04
5260,1421,361,1,Very poor experience,2023-10-23
5261,1438,372,5,Excellent product,2023-11-11
5262,1455,383,4,Good product,2023-11-30
5263,1472,394,5,Excellent product,2023-12-19
5264,1489,405,3,Average product,2024-01-07
5265,1506,416,4,Good product,2024-01-26
5266,1523,427,5,Excellent product,2024-02-14
5267,1540,438,5,Excellent product,2024-03-04
5268,1557,449,4,Good product,2024-03-23
5269,1574,460,5,Excellent product,2024-04-11
5270,1591,471,2,Product quality could be better,2024-04-30
5271,1608,482,3,Average product,2024-05-19
5272,1625,493,5,Excellent product,2024-06-07
5273,1642,4,5,Excellent product,2024-06-26
5274,1659,15,4,Good product,2024-07-15
5275,1676,26,5,Excellent product,2024-08-03
5276,1693,37,5,Excellent product,2024-08-22
5277,1710,48,4,Good product,2024-09-10
5278,1727,59,3,Average product,2024-09-29
5279,1744,70,5,Excellent product,2024-10-18
5280,1761,81,1,Very poor experience,2024-11-06
5281,1778,92,5,Excellent product,2024-11-25
5282,1795,103,5,Excellent product,2024-12-14
5283,1812,114,4,Good product,2025-01-02
5284,1829,125,5,Excellent product,2025-01-21
5285,1846,136,3,Average product,2025-02-09
5286,1863,147,4,Good product,2025-02-28
5287,1880,158,5,Excellent product,2025-03-19
5288,1897,169,5,Excellent product,2025-04-07
5289,1914,180,4,Good product,2025-04-26
5290,1931,191,2,Product quality could be better,2025-05-15
5291,1948,202,5,Excellent product,2025-06-03
5292,1965,213,3,Average product,2025-06-22
5293,1982,224,5,Excellent product,2025-07-11
5294,1999,235,5,Excellent product,2025-07-30
5295,16,246,4,Good product,2025-08-18
5296,33,257,5,Excellent product,2025-09-06
5297,50,268,5,Excellent product,2025-09-25
5298,67,279,4,Good product,2025-10-14
5299,84,290,3,Average product,2025-11-02
5300,101,301,1,Very poor experience,2025-11-21
5301,118,312,4,Good product,2025-12-10
5302,135,323,5,Excellent product,2025-12-29
5303,152,334,5,Excellent product,2022-01-18
5304,169,345,4,Good product,2022-02-06
5305,186,356,5,Excellent product,2022-02-25
5306,203,367,3,Average product,2022-03-16
5307,220,378,4,Good product,2022-04-04
5308,237,389,5,Excellent product,2022-04-23
5309,254,400,5,Excellent product,2022-05-12
5310,271,411,2,Product quality could be better,2022-05-31
5311,288,422,5,Excellent product,2022-06-19
5312,305,433,5,Excellent product,2022-07-08
5313,322,444,3,Average product,2022-07-27
5314,339,455,5,Excellent product,2022-08-15
5315,356,466,5,Excellent product,2022-09-03
5316,373,477,4,Good product,2022-09-22
5317,390,488,5,Excellent product,2022-10-11
5318,407,499,5,Excellent product,2022-10-30
5319,424,10,4,Good product,2022-11-18
5320,441,21,1,Very poor experience,2022-12-07
5321,458,32,5,Excellent product,2022-12-26
5322,475,43,4,Good product,2023-01-14
5323,492,54,5,Excellent product,2023-02-02
5324,509,65,5,Excellent product,2023-02-21
5325,526,76,4,Good product,2023-03-12
5326,543,87,5,Excellent product,2023-03-31
5327,560,98,3,Average product,2023-04-19
5328,577,109,4,Good product,2023-05-08
5329,594,120,5,Excellent product,2023-05-27
5330,611,131,2,Product quality could be better,2023-06-15
5331,628,142,4,Good product,2023-07-04
5332,645,153,5,Excellent product,2023-07-23
5333,662,164,5,Excellent product,2023-08-11
5334,679,175,3,Average product,2023-08-30
5335,696,186,5,Excellent product,2023-09-18
5336,713,197,5,Excellent product,2023-10-07
5337,730,208,4,Good product,2023-10-26
5338,747,219,5,Excellent product,2023-11-14
5339,764,230,5,Excellent product,2023-12-03
5340,781,241,1,Very poor experience,2023-12-22
5341,798,252,3,Average product,2024-01-10
5342,815,263,5,Excellent product,2024-01-29
5343,832,274,4,Good product,2024-02-17
5344,849,285,5,Excellent product,2024-03-07
5345,866,296,5,Excellent product,2024-03-26
5346,883,307,4,Good product,2024-04-14
5347,900,318,5,Excellent product,2024-05-03
5348,917,329,3,Average product,2024-05-22
5349,934,340,4,Good product,2024-06-10
5350,951,351,2,Product quality could be better,2024-06-29
5351,968,362,5,Excellent product,2024-07-18
5352,985,373,4,Good product,2024-08-06
5353,1002,384,5,Excellent product,2024-08-25
5354,1019,395,5,Excellent product,2024-09-13
5355,1036,406,3,Average product,2024-10-02
5356,1053,417,5,Excellent product,2024-10-21
5357,1070,428,5,Excellent product,2024-11-09
5358,1087,439,4,Good product,2024-11-28
5359,1104,450,5,Excellent product,2024-12-17
5360,1121,461,1,Very poor experience,2025-01-05
5361,1138,472,4,Good product,2025-01-24
5362,1155,483,3,Average product,2025-02-12
5363,1172,494,5,Excellent product,2025-03-03
5364,1189,5,4,Good product,2025-03-22
5365,1206,16,5,Excellent product,2025-04-10
5366,1223,27,5,Excellent product,2025-04-29
5367,1240,38,4,Good product,2025-05-18
5368,1257,49,5,Excellent product,2025-06-06
5369,1274,60,3,Average product,2025-06-25
5370,1291,71,2,Product quality could be better,2025-07-14
5371,1308,82,5,Excellent product,2025-08-02
5372,1325,93,5,Excellent product,2025-08-21
5373,1342,104,4,Good product,2025-09-09
5374,1359,115,5,Excellent product,2025-09-28
5375,1376,126,5,Excellent product,2025-10-17
5376,1393,137,3,Average product,2025-11-05
5377,1410,148,5,Excellent product,2025-11-24
5378,1427,159,5,Excellent product,2025-12-13
5379,1444,170,4,Good product,2022-01-02
5380,1461,181,1,Very poor experience,2022-01-21
5381,1478,192,5,Excellent product,2022-02-09
5382,1495,203,4,Good product,2022-02-28
5383,1512,214,3,Average product,2022-03-19
5384,1529,225,5,Excellent product,2022-04-07
5385,1546,236,4,Good product,2022-04-26
5386,1563,247,5,Excellent product,2022-05-15
5387,1580,258,5,Excellent product,2022-06-03
5388,1597,269,4,Good product,2022-06-22
5389,1614,280,5,Excellent product,2022-07-11
5390,1631,291,2,Product quality could be better,2022-07-30
5391,1648,302,4,Good product,2022-08-18
5392,1665,313,5,Excellent product,2022-09-06
5393,1682,324,5,Excellent product,2022-09-25
5394,1699,335,4,Good product,2022-10-14
5395,1716,346,5,Excellent product,2022-11-02
5396,1733,357,5,Excellent product,2022-11-21
5397,1750,368,3,Average product,2022-12-10
5398,1767,379,5,Excellent product,2022-12-29
5399,1784,390,5,Excellent product,2023-01-17
5400,1801,401,1,Very poor experience,2023-02-05
5401,1818,412,5,Excellent product,2023-02-24
5402,1835,423,5,Excellent product,2023-03-15
5403,1852,434,4,Good product,2023-04-03
5404,1869,445,3,Average product,2023-04-22
5405,1886,456,5,Excellent product,2023-05-11
5406,1903,467,4,Good product,2023-05-30
5407,1920,478,5,Excellent product,2023-06-18
5408,1937,489,5,Excellent product,2023-07-07
5409,1954,500,4,Good product,2023-07-26
5410,1971,11,2,Product quality could be better,2023-08-14
5411,1988,22,3,Average product,2023-09-02
5412,5,33,4,Good product,2023-09-21
5413,22,44,5,Excellent product,2023-10-10
5414,39,55,5,Excellent product,2023-10-29
5415,56,66,4,Good product,2023-11-17
5416,73,77,5,Excellent product,2023-12-06
5417,90,88,5,Excellent product,2023-12-25
5418,107,99,3,Average product,2024-01-13
5419,124,110,5,Excellent product,2024-02-01
5420,141,121,1,Very poor experience,2024-02-20
5421,158,132,4,Good product,2024-03-10
5422,175,143,5,Excellent product,2024-03-29
5423,192,154,5,Excellent product,2024-04-17
5424,209,165,4,Good product,2024-05-06
5425,226,176,3,Average product,2024-05-25
5426,243,187,5,Excellent product,2024-06-13
5427,260,198,4,Good product,2024-07-02
5428,277,209,5,Excellent product,2024-07-21
5429,294,220,5,Excellent product,2024-08-09
5430,311,231,2,Product quality could be better,2024-08-28
5431,328,242,5,Excellent product,2024-09-16
5432,345,253,3,Average product,2024-10-05
5433,362,264,4,Good product,2024-10-24
5434,379,275,5,Excellent product,2024-11-12
5435,396,286,5,Excellent product,2024-12-01
5436,413,297,4,Good product,2024-12-20
5437,430,308,5,Excellent product,2025-01-08
5438,447,319,5,Excellent product,2025-01-27
5439,464,330,3,Average product,2025-02-15
5440,481,341,1,Very poor experience,2025-03-06
5441,498,352,5,Excellent product,2025-03-25
5442,515,363,4,Good product,2025-04-13
5443,532,374,5,Excellent product,2025-05-02
5444,549,385,5,Excellent product,2025-05-21
5445,566,396,4,Good product,2025-06-09
5446,583,407,3,Average product,2025-06-28
5447,600,418,5,Excellent product,2025-07-17
5448,617,429,4,Good product,2025-08-05
5449,634,440,5,Excellent product,2025-08-24
5450,651,451,2,Product quality could be better,2025-09-12
5451,668,462,4,Good product,2025-10-01
5452,685,473,5,Excellent product,2025-10-20
5453,702,484,3,Average product,2025-11-08
5454,719,495,4,Good product,2025-11-27
5455,736,6,5,Excellent product,2025-12-16
5456,753,17,5,Excellent product,2022-01-05
5457,770,28,4,Good product,2022-01-24
5458,787,39,5,Excellent product,2022-02-12
5459,804,50,5,Excellent product,2022-03-03
5460,821,61,1,Very poor experience,2022-03-22
5461,838,72,5,Excellent product,2022-04-10
5462,855,83,5,Excellent product,2022-04-29
5463,872,94,4,Good product,2022-05-18
5464,889,105,5,Excellent product,2022-06-06
5465,906,116,5,Excellent product,2022-06-25
5466,923,127,4,Good product,2022-07-14
5467,940,138,3,Average product,2022-08-02
5468,957,149,5,Excellent product,2022-08-21
5469,974,160,4,Good product,2022-09-09
5470,991,171,2,Product quality could be better,2022-09-28
5471,1008,182,5,Excellent product,2022-10-17
5472,1025,193,4,Good product,2022-11-05
5473,1042,204,5,Excellent product,2022-11-24
5474,1059,215,3,Average product,2022-12-13
5475,1076,226,4,Good product,2023-01-01
5476,1093,237,5,Excellent product,2023-01-20
5477,1110,248,5,Excellent product,2023-02-08
5478,1127,259,4,Good product,2023-02-27
5479,1144,270,5,Excellent product,2023-03-18
5480,1161,281,1,Very poor experience,2023-04-06
5481,1178,292,3,Average product,2023-04-25
5482,1195,303,5,Excellent product,2023-05-14
5483,1212,314,5,Excellent product,2023-06-02
5484,1229,325,4,Good product,2023-06-21
5485,1246,336,5,Excellent product,2023-07-10
5486,1263,347,5,Excellent product,2023-07-29
5487,1280,358,4,Good product,2023-08-17
5488,1297,369,3,Average product,2023-09-05
5489,1314,380,5,Excellent product,2023-09-24
5490,1331,391,2,Product quality could be better,2023-10-13
5491,1348,402,5,Excellent product,2023-11-01
5492,1365,413,5,Excellent product,2023-11-20
5493,1382,424,4,Good product,2023-12-09
5494,1399,435,5,Excellent product,2023-12-28
5495,1416,446,3,Average product,2024-01-16
5496,1433,457,4,Good product,2024-02-04
5497,1450,468,5,Excellent product,2024-02-23
5498,1467,479,5,Excellent product,2024-03-13
5499,1484,490,4,Good product,2024-04-01
5500,1501,1,1,Very poor experience,2024-04-20
5501,1518,12,5,Excellent product,2024-05-09
5502,1535,23,3,Average product,2024-05-28
5503,1552,34,5,Excellent product,2024-06-16
5504,1569,45,5,Excellent product,2024-07-05
5505,1586,56,4,Good product,2024-07-24
5506,1603,67,5,Excellent product,2024-08-12
5507,1620,78,5,Excellent product,2024-08-31
5508,1637,89,4,Good product,2024-09-19
5509,1654,100,3,Average product,2024-10-08
5510,1671,111,2,Product quality could be better,2024-10-27
5511,1688,122,4,Good product,2024-11-15
5512,1705,133,5,Excellent product,2024-12-04
5513,1722,144,5,Excellent product,2024-12-23
5514,1739,155,4,Good product,2025-01-11
5515,1756,166,5,Excellent product,2025-01-30
5516,1773,177,3,Average product,2025-02-18
5517,1790,188,4,Good product,2025-03-09
5518,1807,199,5,Excellent product,2025-03-28
5519,1824,210,5,Excellent product,2025-04-16
5520,1841,221,1,Very poor experience,2025-05-05
5521,1858,232,5,Excellent product,2025-05-24
5522,1875,243,5,Excellent product,2025-06-12
5523,1892,254,3,Average product,2025-07-01
5524,1909,265,5,Excellent product,2025-07-20
5525,1926,276,5,Excellent product,2025-08-08
5526,1943,287,4,Good product,2025-08-27
5527,1960,298,5,Excellent product,2025-09-15
5528,1977,309,5,Excellent product,2025-10-04
5529,1994,320,4,Good product,2025-10-23
5530,11,331,2,Product quality could be better,2025-11-11
5531,28,342,5,Excellent product,2025-11-30
5532,45,353,4,Good product,2025-12-19
5533,62,364,5,Excellent product,2022-01-08
5534,79,375,5,Excellent product,2022-01-27
5535,96,386,4,Good product,2022-02-15
5536,113,397,5,Excellent product,2022-03-06
5537,130,408,3,Average product,2022-03-25
5538,147,419,4,Good product,2022-04-13
5539,164,430,5,Excellent product,2022-05-02
5540,181,441,1,Very poor experience,2022-05-21
5541,198,452,4,Good product,2022-06-09
5542,215,463,5,Excellent product,2022-06-28
5543,232,474,5,Excellent product,2022-07-17
5544,249,485,3,Average product,2022-08-05
5545,266,496,5,Excellent product,2022-08-24
5546,283,7,5,Excellent product,2022-09-12
5547,300,18,4,Good product,2022-10-01
5548,317,29,5,Excellent product,2022-10-20
5549,334,40,5,Excellent product,2022-11-08
5550,351,51,2,Product quality could be better,2022-11-27
5551,368,62,3,Average product,2022-12-16
5552,385,73,5,Excellent product,2023-01-04
5553,402,84,4,Good product,2023-01-23
5554,419,95,5,Excellent product,2023-02-11
5555,436,106,5,Excellent product,2023-03-02
5556,453,117,4,Good product,2023-03-21
5557,470,128,5,Excellent product,2023-04-09
5558,487,139,3,Average product,2023-04-28
5559,504,150,4,Good product,2023-05-17
5560,521,161,1,Very poor experience,2023-06-05
5561,538,172,5,Excellent product,2023-06-24
5562,555,183,4,Good product,2023-07-13
5563,572,194,5,Excellent product,2023-08-01
5564,589,205,5,Excellent product,2023-08-20
5565,606,216,3,Average product,2023-09-08
5566,623,227,5,Excellent product,2023-09-27
5567,640,238,5,Excellent product,2023-10-16
5568,657,249,4,Good product,2023-11-04
5569,674,260,5,Excellent product,2023-11-23
5570,691,271,2,Product quality could be better,2023-12-12
5571,708,282,4,Good product,2023-12-31
5572,725,293,3,Average product,2024-01-19
5573,742,304,5,Excellent product,2024-02-07
5574,759,315,4,Good product,2024-02-26
5575,776,326,5,Excellent product,2024-03-16
5576,793,337,5,Excellent product,2024-04-04
5577,810,348,4,Good product,2024-04-23
5578,827,359,5,Excellent product,2024-05-12
5579,844,370,3,Average product,2024-05-31
5580,861,381,1,Very poor experience,2024-06-19
5581,878,392,5,Excellent product,2024-07-08
5582,895,403,5,Excellent product,2024-07-27
5583,912,414,4,Good product,2024-08-15
5584,929,425,5,Excellent product,2024-09-03
5585,946,436,5,Excellent product,2024-09-22
5586,963,447,3,Average product,2024-10-11
5587,980,458,5,Excellent product,2024-10-30
5588,997,469,5,Excellent product,2024-11-18
5589,1014,480,4,Good product,2024-12-07
5590,1031,491,2,Product quality could be better,2024-12-26
5591,1048,2,5,Excellent product,2025-01-14
5592,1065,13,4,Good product,2025-02-02
5593,1082,24,3,Average product,2025-02-21
5594,1099,35,5,Excellent product,2025-03-12
5595,1116,46,4,Good product,2025-03-31
5596,1133,57,5,Excellent product,2025-04-19
5597,1150,68,5,Excellent product,2025-05-08
5598,1167,79,4,Good product,2025-05-27
5599,1184,90,5,Excellent product,2025-06-15
5600,1201,101,1,Very poor experience,2025-07-04
5601,1218,112,4,Good product,2025-07-23
5602,1235,123,5,Excellent product,2025-08-11
5603,1252,134,5,Excellent product,2025-08-30
5604,1269,145,4,Good product,2025-09-18
5605,1286,156,5,Excellent product,2025-10-07
5606,1303,167,5,Excellent product,2025-10-26
5607,1320,178,3,Average product,2025-11-14
5608,1337,189,5,Excellent product,2025-12-03
5609,1354,200,5,Excellent product,2025-12-22
5610,1371,211,2,Product quality could be better,2022-01-11
5611,1388,222,5,Excellent product,2022-01-30
5612,1405,233,5,Excellent product,2022-02-18
5613,1422,244,4,Good product,2022-03-09
5614,1439,255,3,Average product,2022-03-28
5615,1456,266,5,Excellent product,2022-04-16
5616,1473,277,4,Good product,2022-05-05
5617,1490,288,5,Excellent product,2022-05-24
5618,1507,299,5,Excellent product,2022-06-12
5619,1524,310,4,Good product,2022-07-01
5620,1541,321,1,Very poor experience,2022-07-20
5621,1558,332,3,Average product,2022-08-08
5622,1575,343,4,Good product,2022-08-27
5623,1592,354,5,Excellent product,2022-09-15
5624,1609,365,5,Excellent product,2022-10-04
5625,1626,376,4,Good product,2022-10-23
5626,1643,387,5,Excellent product,2022-11-11
5627,1660,398,5,Excellent product,2022-11-30
5628,1677,409,3,Average product,2022-12-19
5629,1694,420,5,Excellent product,2023-01-07
5630,1711,431,2,Product quality could be better,2023-01-26
5631,1728,442,4,Good product,2023-02-14
5632,1745,453,5,Excellent product,2023-03-05
5633,1762,464,5,Excellent product,2023-03-24
5634,1779,475,4,Good product,2023-04-12
5635,1796,486,3,Average product,2023-05-01
5636,1813,497,5,Excellent product,2023-05-20
5637,1830,8,4,Good product,2023-06-08
5638,1847,19,5,Excellent product,2023-06-27
5639,1864,30,5,Excellent product,2023-07-16
5640,1881,41,1,Very poor experience,2023-08-04
5641,1898,52,5,Excellent product,2023-08-23
5642,1915,63,3,Average product,2023-09-11
5643,1932,74,4,Good product,2023-09-30
5644,1949,85,5,Excellent product,2023-10-19
5645,1966,96,5,Excellent product,2023-11-07
5646,1983,107,4,Good product,2023-11-26
5647,2000,118,5,Excellent product,2023-12-15
5648,17,129,5,Excellent product,2024-01-03
5649,34,140,3,Average product,2024-01-22
5650,51,151,2,Product quality could be better,2024-02-10
5651,68,162,5,Excellent product,2024-02-29
5652,85,173,4,Good product,2024-03-19
5653,102,184,5,Excellent product,2024-04-07
5654,119,195,5,Excellent product,2024-04-26
5655,136,206,4,Good product,2024-05-15
5656,153,217,3,Average product,2024-06-03
5657,170,228,5,Excellent product,2024-06-22
5658,187,239,4,Good product,2024-07-11
5659,204,250,5,Excellent product,2024-07-30
5660,221,261,1,Very poor experience,2024-08-18
5661,238,272,4,Good product,2024-09-06
5662,255,283,5,Excellent product,2024-09-25
5663,272,294,3,Average product,2024-10-14
5664,289,305,4,Good product,2024-11-02
5665,306,316,5,Excellent product,2024-11-21
5666,323,327,5,Excellent product,2024-12-10
5667,340,338,4,Good product,2024-12-29
5668,357,349,5,Excellent product,2025-01-17
5669,374,360,5,Excellent product,2025-02-05
5670,391,371,2,Product quality could be better,2025-02-24
5671,408,382,5,Excellent product,2025-03-15
5672,425,393,5,Excellent product,2025-04-03
5673,442,404,4,Good product,2025-04-22
5674,459,415,5,Excellent product,2025-05-11
5675,476,426,5,Excellent product,2025-05-30
5676,493,437,4,Good product,2025-06-18
5677,510,448,3,Average product,2025-07-07
5678,527,459,5,Excellent product,2025-07-26
5679,544,470,4,Good product,2025-08-14
5680,561,481,1,Very poor experience,2025-09-02
5681,578,492,5,Excellent product,2025-09-21
5682,595,3,4,Good product,2025-10-10
5683,612,14,5,Excellent product,2025-10-29
5684,629,25,3,Average product,2025-11-17
5685,646,36,4,Good product,2025-12-06
5686,663,47,5,Excellent product,2025-12-25
5687,680,58,5,Excellent product,2022-01-14
5688,697,69,4,Good product,2022-02-02
5689,714,80,5,Excellent product,2022-02-21
5690,731,91,2,Product quality could be better,2022-03-12
5691,748,102,3,Average product,2022-03-31
5692,765,113,5,Excellent product,2022-04-19
5693,782,124,5,Excellent product,2022-05-08
5694,799,135,4,Good product,2022-05-27
5695,816,146,5,Excellent product,2022-06-15
5696,833,157,5,Excellent product,2022-07-04
5697,850,168,4,Good product,2022-07-23
5698,867,179,3,Average product,2022-08-11
5699,884,190,5,Excellent product,2022-08-30
5700,901,201,1,Very poor experience,2022-09-18
5701,918,212,5,Excellent product,2022-10-07
5702,935,223,5,Excellent product,2022-10-26
5703,952,234,4,Good product,2022-11-14
5704,969,245,5,Excellent product,2022-12-03
5705,986,256,3,Average product,2022-12-22
5706,1003,267,4,Good product,2023-01-10
5707,1020,278,5,Excellent product,2023-01-29
5708,1037,289,5,Excellent product,2023-02-17
5709,1054,300,4,Good product,2023-03-08
5710,1071,311,2,Product quality could be better,2023-03-27
5711,1088,322,5,Excellent product,2023-04-15
5712,1105,333,3,Average product,2023-05-04
5713,1122,344,5,Excellent product,2023-05-23
5714,1139,355,5,Excellent product,2023-06-11
5715,1156,366,4,Good product,2023-06-30
5716,1173,377,5,Excellent product,2023-07-19
5717,1190,388,5,Excellent product,2023-08-07
5718,1207,399,4,Good product,2023-08-26
5719,1224,410,3,Average product,2023-09-14
5720,1241,421,1,Very poor experience,2023-10-03
5721,1258,432,4,Good product,2023-10-22
5722,1275,443,5,Excellent product,2023-11-10
5723,1292,454,5,Excellent product,2023-11-29
5724,1309,465,4,Good product,2023-12-18
5725,1326,476,5,Excellent product,2024-01-06
5726,1343,487,3,Average product,2024-01-25
5727,1360,498,4,Good product,2024-02-13
5728,1377,9,5,Excellent product,2024-03-03
5729,1394,20,5,Excellent product,2024-03-22
5730,1411,31,2,Product quality could be better,2024-04-10
5731,1428,42,5,Excellent product,2024-04-29
5732,1445,53,5,Excellent product,2024-05-18
5733,1462,64,3,Average product,2024-06-06
5734,1479,75,5,Excellent product,2024-06-25
5735,1496,86,5,Excellent product,2024-07-14
5736,1513,97,4,Good product,2024-08-02
5737,1530,108,5,Excellent product,2024-08-21
5738,1547,119,5,Excellent product,2024-09-09
5739,1564,130,4,Good product,2024-09-28
5740,1581,141,1,Very poor experience,2024-10-17
5741,1598,152,5,Excellent product,2024-11-05
5742,1615,163,4,Good product,2024-11-24
5743,1632,174,5,Excellent product,2024-12-13
5744,1649,185,5,Excellent product,2025-01-01
5745,1666,196,4,Good product,2025-01-20
5746,1683,207,5,Excellent product,2025-02-08
5747,1700,218,3,Average product,2025-02-27
5748,1717,229,4,Good product,2025-03-18
5749,1734,240,5,Excellent product,2025-04-06
5750,1751,251,2,Product quality could be better,2025-04-25
5751,1768,262,4,Good product,2025-05-14
5752,1785,273,5,Excellent product,2025-06-02
5753,1802,284,5,Excellent product,2025-06-21
5754,1819,295,3,Average product,2025-07-10
5755,1836,306,5,Excellent product,2025-07-29
5756,1853,317,5,Excellent product,2025-08-17
5757,1870,328,4,Good product,2025-09-05
5758,1887,339,5,Excellent product,2025-09-24
5759,1904,350,5,Excellent product,2025-10-13
5760,1921,361,1,Very poor experience,2025-11-01
5761,1938,372,3,Average product,2025-11-20
5762,1955,383,5,Excellent product,2025-12-09
5763,1972,394,4,Good product,2025-12-28
5764,1989,405,5,Excellent product,2022-01-17
5765,6,416,5,Excellent product,2022-02-05
5766,23,427,4,Good product,2022-02-24
5767,40,438,5,Excellent product,2022-03-15
5768,57,449,3,Average product,2022-04-03
5769,74,460,4,Good product,2022-04-22
5770,91,471,2,Product quality could be better,2022-05-11
5771,108,482,5,Excellent product,2022-05-30
5772,125,493,4,Good product,2022-06-18
5773,142,4,5,Excellent product,2022-07-07
5774,159,15,5,Excellent product,2022-07-26
5775,176,26,3,Average product,2022-08-14
5776,193,37,5,Excellent product,2022-09-02
5777,210,48,5,Excellent product,2022-09-21
5778,227,59,4,Good product,2022-10-10
5779,244,70,5,Excellent product,2022-10-29
5780,261,81,1,Very poor experience,2022-11-17
5781,278,92,4,Good product,2022-12-06
5782,295,103,3,Average product,2022-12-25
5783,312,114,5,Excellent product,2023-01-13
5784,329,125,4,Good product,2023-02-01
5785,346,136,5,Excellent product,2023-02-20
5786,363,147,5,Excellent product,2023-03-11
5787,380,158,4,Good product,2023-03-30
5788,397,169,5,Excellent product,2023-04-18
5789,414,180,3,Average product,2023-05-07
5790,431,191,2,Product quality could be better,2023-05-26
5791,448,202,5,Excellent product,2023-06-14
5792,465,213,5,Excellent product,2023-07-03
5793,482,224,4,Good product,2023-07-22
5794,499,235,5,Excellent product,2023-08-10
5795,516,246,5,Excellent product,2023-08-29
5796,533,257,3,Average product,2023-09-17
5797,550,268,5,Excellent product,2023-10-06
5798,567,279,5,Excellent product,2023-10-25
5799,584,290,4,Good product,2023-11-13
5800,601,301,1,Very poor experience,2023-12-02
5801,618,312,5,Excellent product,2023-12-21
5802,635,323,4,Good product,2024-01-09
5803,652,334,3,Average product,2024-01-28
5804,669,345,5,Excellent product,2024-02-16
5805,686,356,4,Good product,2024-03-06
5806,703,367,5,Excellent product,2024-03-25
5807,720,378,5,Excellent product,2024-04-13
5808,737,389,4,Good product,2024-05-02
5809,754,400,5,Excellent product,2024-05-21
5810,771,411,2,Product quality could be better,2024-06-09
5811,788,422,4,Good product,2024-06-28
5812,805,433,5,Excellent product,2024-07-17
5813,822,444,5,Excellent product,2024-08-05
5814,839,455,4,Good product,2024-08-24
5815,856,466,5,Excellent product,2024-09-12
5816,873,477,5,Excellent product,2024-10-01
5817,890,488,3,Average product,2024-10-20
5818,907,499,5,Excellent product,2024-11-08
5819,924,10,5,Excellent product,2024-11-27
5820,941,21,1,Very poor experience,2024-12-16
5821,958,32,5,Excellent product,2025-01-04
5822,975,43,5,Excellent product,2025-01-23
5823,992,54,4,Good product,2025-02-11
5824,1009,65,3,Average product,2025-03-02
5825,1026,76,5,Excellent product,2025-03-21
5826,1043,87,4,Good product,2025-04-09
5827,1060,98,5,Excellent product,2025-04-28
5828,1077,109,5,Excellent product,2025-05-17
5829,1094,120,4,Good product,2025-06-05
5830,1111,131,2,Product quality could be better,2025-06-24
5831,1128,142,3,Average product,2025-07-13
5832,1145,153,4,Good product,2025-08-01
5833,1162,164,5,Excellent product,2025-08-20
5834,1179,175,5,Excellent product,2025-09-08
5835,1196,186,4,Good product,2025-09-27
5836,1213,197,5,Excellent product,2025-10-16
5837,1230,208,5,Excellent product,2025-11-04
5838,1247,219,3,Average product,2025-11-23
5839,1264,230,5,Excellent product,2025-12-12
5840,1281,241,1,Very poor experience,2022-01-01
5841,1298,252,4,Good product,2022-01-20
5842,1315,263,5,Excellent product,2022-02-08
5843,1332,274,5,Excellent product,2022-02-27
5844,1349,285,4,Good product,2022-03-18
5845,1366,296,3,Average product,2022-04-06
5846,1383,307,5,Excellent product,2022-04-25
5847,1400,318,4,Good product,2022-05-14
5848,1417,329,5,Excellent product,2022-06-02
5849,1434,340,5,Excellent product,2022-06-21
5850,1451,351,2,Product quality could be better,2022-07-10
5851,1468,362,5,Excellent product,2022-07-29
5852,1485,373,3,Average product,2022-08-17
5853,1502,384,4,Good product,2022-09-05
5854,1519,395,5,Excellent product,2022-09-24
5855,1536,406,5,Excellent product,2022-10-13
5856,1553,417,4,Good product,2022-11-01
5857,1570,428,5,Excellent product,2022-11-20
5858,1587,439,5,Excellent product,2022-12-09
5859,1604,450,3,Average product,2022-12-28
5860,1621,461,1,Very poor experience,2023-01-16
5861,1638,472,5,Excellent product,2023-02-04
5862,1655,483,4,Good product,2023-02-23
5863,1672,494,5,Excellent product,2023-03-14
5864,1689,5,5,Excellent product,2023-04-02
5865,1706,16,4,Good product,2023-04-21
5866,1723,27,3,Average product,2023-05-10
5867,1740,38,5,Excellent product,2023-05-29
5868,1757,49,4,Good product,2023-06-17
5869,1774,60,5,Excellent product,2023-07-06
5870,1791,71,2,Product quality could be better,2023-07-25
5871,1808,82,4,Good product,2023-08-13
5872,1825,93,5,Excellent product,2023-09-01
5873,1842,104,3,Average product,2023-09-20
5874,1859,115,4,Good product,2023-10-09
5875,1876,126,5,Excellent product,2023-10-28
5876,1893,137,5,Excellent product,2023-11-16
5877,1910,148,4,Good product,2023-12-05
5878,1927,159,5,Excellent product,2023-12-24
5879,1944,170,5,Excellent product,2024-01-12
5880,1961,181,1,Very poor experience,2024-01-31
5881,1978,192,5,Excellent product,2024-02-19
5882,1995,203,5,Excellent product,2024-03-09
5883,12,214,4,Good product,2024-03-28
5884,29,225,5,Excellent product,2024-04-16
5885,46,236,5,Excellent product,2024-05-05
5886,63,247,4,Good product,2024-05-24
5887,80,258,3,Average product,2024-06-12
5888,97,269,5,Excellent product,2024-07-01
5889,114,280,4,Good product,2024-07-20
5890,131,291,2,Product quality could be better,2024-08-08
5891,148,302,5,Excellent product,2024-08-27
5892,165,313,4,Good product,2024-09-15
5893,182,324,5,Excellent product,2024-10-04
5894,199,335,3,Average product,2024-10-23
5895,216,346,4,Good product,2024-11-11
5896,233,357,5,Excellent product,2024-11-30
5897,250,368,5,Excellent product,2024-12-19
5898,267,379,4,Good product,2025-01-07
5899,284,390,5,Excellent product,2025-01-26
5900,301,401,1,Very poor experience,2025-02-14
5901,318,412,3,Average product,2025-03-05
5902,335,423,5,Excellent product,2025-03-24
5903,352,434,5,Excellent product,2025-04-12
5904,369,445,4,Good product,2025-05-01
5905,386,456,5,Excellent product,2025-05-20
5906,403,467,5,Excellent product,2025-06-08
5907,420,478,4,Good product,2025-06-27
5908,437,489,3,Average product,2025-07-16
5909,454,500,5,Excellent product,2025-08-04
5910,471,11,2,Product quality could be better,2025-08-23
5911,488,22,5,Excellent product,2025-09-11
5912,505,33,5,Excellent product,2025-09-30
5913,522,44,4,Good product,2025-10-19
5914,539,55,5,Excellent product,2025-11-07
5915,556,66,3,Average product,2025-11-26
5916,573,77,4,Good product,2025-12-15
5917,590,88,5,Excellent product,2022-01-04
5918,607,99,5,Excellent product,2022-01-23
5919,624,110,4,Good product,2022-02-11
5920,641,121,1,Very poor experience,2022-03-02
5921,658,132,5,Excellent product,2022-03-21
5922,675,143,3,Average product,2022-04-09
5923,692,154,5,Excellent product,2022-04-28
5924,709,165,5,Excellent product,2022-05-17
5925,726,176,4,Good product,2022-06-05
5926,743,187,5,Excellent product,2022-06-24
5927,760,198,5,Excellent product,2022-07-13
5928,777,209,4,Good product,2022-08-01
5929,794,220,3,Average product,2022-08-20
5930,811,231,2,Product quality could be better,2022-09-08
5931,828,242,4,Good product,2022-09-27
5932,845,253,5,Excellent product,2022-10-16
5933,862,264,5,Excellent product,2022-11-04
5934,879,275,4,Good product,2022-11-23
5935,896,286,5,Excellent product,2022-12-12
5936,913,297,3,Average product,2022-12-31
5937,930,308,4,Good product,2023-01-19
5938,947,319,5,Excellent product,2023-02-07
5939,964,330,5,Excellent product,2023-02-26
5940,981,341,1,Very poor experience,2023-03-17
5941,998,352,5,Excellent product,2023-04-05
5942,1015,363,5,Excellent product,2023-04-24
5943,1032,374,3,Average product,2023-05-13
5944,1049,385,5,Excellent product,2023-06-01
5945,1066,396,5,Excellent product,2023-06-20
5946,1083,407,4,Good product,2023-07-09
5947,1100,418,5,Excellent product,2023-07-28
5948,1117,429,5,Excellent product,2023-08-16
5949,1134,440,4,Good product,2023-09-04
5950,1151,451,2,Product quality could be better,2023-09-23
5951,1168,462,5,Excellent product,2023-10-12
5952,1185,473,4,Good product,2023-10-31
5953,1202,484,5,Excellent product,2023-11-19
5954,1219,495,5,Excellent product,2023-12-08
5955,1236,6,4,Good product,2023-12-27
5956,1253,17,5,Excellent product,2024-01-15
5957,1270,28,3,Average product,2024-02-03
5958,1287,39,4,Good product,2024-02-22
5959,1304,50,5,Excellent product,2024-03-12
5960,1321,61,1,Very poor experience,2024-03-31
5961,1338,72,4,Good product,2024-04-19
5962,1355,83,5,Excellent product,2024-05-08
5963,1372,94,5,Excellent product,2024-05-27
5964,1389,105,3,Average product,2024-06-15
5965,1406,116,5,Excellent product,2024-07-04
5966,1423,127,5,Excellent product,2024-07-23
5967,1440,138,4,Good product,2024-08-11
5968,1457,149,5,Excellent product,2024-08-30
5969,1474,160,5,Excellent product,2024-09-18
5970,1491,171,2,Product quality could be better,2024-10-07
5971,1508,182,3,Average product,2024-10-26
5972,1525,193,5,Excellent product,2024-11-14
5973,1542,204,4,Good product,2024-12-03
5974,1559,215,5,Excellent product,2024-12-22
5975,1576,226,5,Excellent product,2025-01-10
5976,1593,237,4,Good product,2025-01-29
5977,1610,248,5,Excellent product,2025-02-17
5978,1627,259,3,Average product,2025-03-08
5979,1644,270,4,Good product,2025-03-27
5980,1661,281,1,Very poor experience,2025-04-15
5981,1678,292,5,Excellent product,2025-05-04
5982,1695,303,4,Good product,2025-05-23
5983,1712,314,5,Excellent product,2025-06-11
5984,1729,325,5,Excellent product,2025-06-30
5985,1746,336,3,Average product,2025-07-19
5986,1763,347,5,Excellent product,2025-08-07
5987,1780,358,5,Excellent product,2025-08-26
5988,1797,369,4,Good product,2025-09-14
5989,1814,380,5,Excellent product,2025-10-03
5990,1831,391,2,Product quality could be better,2025-10-22
5991,1848,402,4,Good product,2025-11-10
5992,1865,413,3,Average product,2025-11-29
5993,1882,424,5,Excellent product,2025-12-18
5994,1899,435,4,Good product,2022-01-07
5995,1916,446,5,Excellent product,2022-01-26
5996,1933,457,5,Excellent product,2022-02-14
5997,1950,468,4,Good product,2022-03-05
5998,1967,479,5,Excellent product,2022-03-24
5999,1984,490,3,Average product,2022-04-12
6000,1,1,1,Very poor experience,2022-05-01
6001,18,12,5,Excellent product,2022-05-20
6002,35,23,5,Excellent product,2022-06-08
6003,52,34,4,Good product,2022-06-27
6004,69,45,5,Excellent product,2022-07-16
6005,86,56,5,Excellent product,2022-08-04
6006,103,67,3,Average product,2022-08-23
6007,120,78,5,Excellent product,2022-09-11
6008,137,89,5,Excellent product,2022-09-30
6009,154,100,4,Good product,2022-10-19
6010,171,111,2,Product quality could be better,2022-11-07
6011,188,122,5,Excellent product,2022-11-26
6012,205,133,4,Good product,2022-12-15
6013,222,144,3,Average product,2023-01-03
6014,239,155,5,Excellent product,2023-01-22
6015,256,166,4,Good product,2023-02-10
6016,273,177,5,Excellent product,2023-03-01
6017,290,188,5,Excellent product,2023-03-20
6018,307,199,4,Good product,2023-04-08
6019,324,210,5,Excellent product,2023-04-27
6020,341,221,1,Very poor experience,2023-05-16
6021,358,232,4,Good product,2023-06-04
6022,375,243,5,Excellent product,2023-06-23
6023,392,254,5,Excellent product,2023-07-12
6024,409,265,4,Good product,2023-07-31
6025,426,276,5,Excellent product,2023-08-19
6026,443,287,5,Excellent product,2023-09-07
6027,460,298,3,Average product,2023-09-26
6028,477,309,5,Excellent product,2023-10-15
6029,494,320,5,Excellent product,2023-11-03
6030,511,331,2,Product quality could be better,2023-11-22
6031,528,342,5,Excellent product,2023-12-11
6032,545,353,5,Excellent product,2023-12-30
6033,562,364,4,Good product,2024-01-18
6034,579,375,3,Average product,2024-02-06
6035,596,386,5,Excellent product,2024-02-25
6036,613,397,4,Good product,2024-03-15
6037,630,408,5,Excellent product,2024-04-03
6038,647,419,5,Excellent product,2024-04-22
6039,664,430,4,Good product,2024-05-11
6040,681,441,1,Very poor experience,2024-05-30
6041,698,452,3,Average product,2024-06-18
6042,715,463,4,Good product,2024-07-07
6043,732,474,5,Excellent product,2024-07-26
6044,749,485,5,Excellent product,2024-08-14
6045,766,496,4,Good product,2024-09-02
6046,783,7,5,Excellent product,2024-09-21
6047,800,18,5,Excellent product,2024-10-10
6048,817,29,3,Average product,2024-10-29
6049,834,40,5,Excellent product,2024-11-17
6050,851,51,2,Product quality could be better,2024-12-06
6051,868,62,4,Good product,2024-12-25
6052,885,73,5,Excellent product,2025-01-13
6053,902,84,5,Excellent product,2025-02-01
6054,919,95,4,Good product,2025-02-20
6055,936,106,3,Average product,2025-03-11
6056,953,117,5,Excellent product,2025-03-30
6057,970,128,4,Good product,2025-04-18
6058,987,139,5,Excellent product,2025-05-07
6059,1004,150,5,Excellent product,2025-05-26
6060,1021,161,1,Very poor experience,2025-06-14
6061,1038,172,5,Excellent product,2025-07-03
6062,1055,183,3,Average product,2025-07-22
6063,1072,194,4,Good product,2025-08-10
6064,1089,205,5,Excellent product,2025-08-29
6065,1106,216,5,Excellent product,2025-09-17
6066,1123,227,4,Good product,2025-10-06
6067,1140,238,5,Excellent product,2025-10-25
6068,1157,249,5,Excellent product,2025-11-13
6069,1174,260,3,Average product,2025-12-02
6070,1191,271,2,Product quality could be better,2025-12-21
6071,1208,282,5,Excellent product,2022-01-10
6072,1225,293,4,Good product,2022-01-29
6073,1242,304,5,Excellent product,2022-02-17
6074,1259,315,5,Excellent product,2022-03-08
6075,1276,326,4,Good product,2022-03-27
6076,1293,337,3,Average product,2022-04-15
6077,1310,348,5,Excellent product,2022-05-04
6078,1327,359,4,Good product,2022-05-23
6079,1344,370,5,Excellent product,2022-06-11
6080,1361,381,1,Very poor experience,2022-06-30
6081,1378,392,4,Good product,2022-07-19
6082,1395,403,5,Excellent product,2022-08-07
6083,1412,414,3,Average product,2022-08-26
6084,1429,425,4,Good product,2022-09-14
6085,1446,436,5,Excellent product,2022-10-03
6086,1463,447,5,Excellent product,2022-10-22
6087,1480,458,4,Good product,2022-11-10
6088,1497,469,5,Excellent product,2022-11-29
6089,1514,480,5,Excellent product,2022-12-18
6090,1531,491,2,Product quality could be better,2023-01-06
6091,1548,2,5,Excellent product,2023-01-25
6092,1565,13,5,Excellent product,2023-02-13
6093,1582,24,4,Good product,2023-03-04
6094,1599,35,5,Excellent product,2023-03-23
6095,1616,46,5,Excellent product,2023-04-11
6096,1633,57,4,Good product,2023-04-30
6097,1650,68,3,Average product,2023-05-19
6098,1667,79,5,Excellent product,2023-06-07
6099,1684,90,4,Good product,2023-06-26
6100,1701,101,1,Very poor experience,2023-07-15
6101,1718,112,5,Excellent product,2023-08-03
6102,1735,123,4,Good product,2023-08-22
6103,1752,134,5,Excellent product,2023-09-10
6104,1769,145,3,Average product,2023-09-29
6105,1786,156,4,Good product,2023-10-18
6106,1803,167,5,Excellent product,2023-11-06
6107,1820,178,5,Excellent product,2023-11-25
6108,1837,189,4,Good product,2023-12-14
6109,1854,200,5,Excellent product,2024-01-02
6110,1871,211,2,Product quality could be better,2024-01-21
6111,1888,222,3,Average product,2024-02-09
6112,1905,233,5,Excellent product,2024-02-28
6113,1922,244,5,Excellent product,2024-03-18
6114,1939,255,4,Good product,2024-04-06
6115,1956,266,5,Excellent product,2024-04-25
6116,1973,277,5,Excellent product,2024-05-14
6117,1990,288,4,Good product,2024-06-02
6118,7,299,3,Average product,2024-06-21
6119,24,310,5,Excellent product,2024-07-10
6120,41,321,1,Very poor experience,2024-07-29
6121,58,332,5,Excellent product,2024-08-17
6122,75,343,5,Excellent product,2024-09-05
6123,92,354,4,Good product,2024-09-24
6124,109,365,5,Excellent product,2024-10-13
6125,126,376,3,Average product,2024-11-01
6126,143,387,4,Good product,2024-11-20
6127,160,398,5,Excellent product,2024-12-09
6128,177,409,5,Excellent product,2024-12-28
6129,194,420,4,Good product,2025-01-16
6130,211,431,2,Product quality could be better,2025-02-04
6131,228,442,5,Excellent product,2025-02-23
6132,245,453,3,Average product,2025-03-14
6133,262,464,5,Excellent product,2025-04-02
6134,279,475,5,Excellent product,2025-04-21
6135,296,486,4,Good product,2025-05-10
6136,313,497,5,Excellent product,2025-05-29
6137,330,8,5,Excellent product,2025-06-17
6138,347,19,4,Good product,2025-07-06
6139,364,30,3,Average product,2025-07-25
6140,381,41,1,Very poor experience,2025-08-13
6141,398,52,4,Good product,2025-09-01
6142,415,63,5,Excellent product,2025-09-20
6143,432,74,5,Excellent product,2025-10-09
6144,449,85,4,Good product,2025-10-28
6145,466,96,5,Excellent product,2025-11-16
6146,483,107,3,Average product,2025-12-05
6147,500,118,4,Good product,2025-12-24
6148,517,129,5,Excellent product,2022-01-13
6149,534,140,5,Excellent product,2022-02-01
6150,551,151,2,Product quality could be better,2022-02-20
6151,568,162,5,Excellent product,2022-03-11
6152,585,173,5,Excellent product,2022-03-30
6153,602,184,3,Average product,2022-04-18
6154,619,195,5,Excellent product,2022-05-07
6155,636,206,5,Excellent product,2022-05-26
6156,653,217,4,Good product,2022-06-14
6157,670,228,5,Excellent product,2022-07-03
6158,687,239,5,Excellent product,2022-07-22
6159,704,250,4,Good product,2022-08-10
6160,721,261,1,Very poor experience,2022-08-29
6161,738,272,5,Excellent product,2022-09-17
6162,755,283,4,Good product,2022-10-06
6163,772,294,5,Excellent product,2022-10-25
6164,789,305,5,Excellent product,2022-11-13
6165,806,316,4,Good product,2022-12-02
6166,823,327,5,Excellent product,2022-12-21
6167,840,338,3,Average product,2023-01-09
6168,857,349,4,Good product,2023-01-28
6169,874,360,5,Excellent product,2023-02-16
6170,891,371,2,Product quality could be better,2023-03-07
6171,908,382,4,Good product,2023-03-26
6172,925,393,5,Excellent product,2023-04-14
6173,942,404,5,Excellent product,2023-05-03
6174,959,415,3,Average product,2023-05-22
6175,976,426,5,Excellent product,2023-06-10
6176,993,437,5,Excellent product,2023-06-29
6177,1010,448,4,Good product,2023-07-18
6178,1027,459,5,Excellent product,2023-08-06
6179,1044,470,5,Excellent product,2023-08-25
6180,1061,481,1,Very poor experience,2023-09-13
6181,1078,492,3,Average product,2023-10-02
6182,1095,3,5,Excellent product,2023-10-21
6183,1112,14,4,Good product,2023-11-09
6184,1129,25,5,Excellent product,2023-11-28
6185,1146,36,5,Excellent product,2023-12-17
6186,1163,47,4,Good product,2024-01-05
6187,1180,58,5,Excellent product,2024-01-24
6188,1197,69,3,Average product,2024-02-12
6189,1214,80,4,Good product,2024-03-02
6190,1231,91,2,Product quality could be better,2024-03-21
6191,1248,102,5,Excellent product,2024-04-09
6192,1265,113,4,Good product,2024-04-28
6193,1282,124,5,Excellent product,2024-05-17
6194,1299,135,5,Excellent product,2024-06-05
6195,1316,146,3,Average product,2024-06-24
6196,1333,157,5,Excellent product,2024-07-13
6197,1350,168,5,Excellent product,2024-08-01
6198,1367,179,4,Good product,2024-08-20
6199,1384,190,5,Excellent product,2024-09-08
6200,1401,201,1,Very poor experience,2024-09-27
6201,1418,212,4,Good product,2024-10-16
6202,1435,223,3,Average product,2024-11-04
6203,1452,234,5,Excellent product,2024-11-23
6204,1469,245,4,Good product,2024-12-12
6205,1486,256,5,Excellent product,2024-12-31
6206,1503,267,5,Excellent product,2025-01-19
6207,1520,278,4,Good product,2025-02-07
6208,1537,289,5,Excellent product,2025-02-26
6209,1554,300,3,Average product,2025-03-17
6210,1571,311,2,Product quality could be better,2025-04-05
6211,1588,322,5,Excellent product,2025-04-24
6212,1605,333,5,Excellent product,2025-05-13
6213,1622,344,4,Good product,2025-06-01
6214,1639,355,5,Excellent product,2025-06-20
6215,1656,366,5,Excellent product,2025-07-09
6216,1673,377,3,Average product,2025-07-28
6217,1690,388,5,Excellent product,2025-08-16
6218,1707,399,5,Excellent product,2025-09-04
6219,1724,410,4,Good product,2025-09-23
6220,1741,421,1,Very poor experience,2025-10-12
6221,1758,432,5,Excellent product,2025-10-31
6222,1775,443,4,Good product,2025-11-19
6223,1792,454,3,Average product,2025-12-08
6224,1809,465,5,Excellent product,2025-12-27
6225,1826,476,4,Good product,2022-01-16
6226,1843,487,5,Excellent product,2022-02-04
6227,1860,498,5,Excellent product,2022-02-23
6228,1877,9,4,Good product,2022-03-14
6229,1894,20,5,Excellent product,2022-04-02
6230,1911,31,2,Product quality could be better,2022-04-21
6231,1928,42,4,Good product,2022-05-10
6232,1945,53,5,Excellent product,2022-05-29
6233,1962,64,5,Excellent product,2022-06-17
6234,1979,75,4,Good product,2022-07-06
6235,1996,86,5,Excellent product,2022-07-25
6236,13,97,5,Excellent product,2022-08-13
6237,30,108,3,Average product,2022-09-01
6238,47,119,5,Excellent product,2022-09-20
6239,64,130,5,Excellent product,2022-10-09
6240,81,141,1,Very poor experience,2022-10-28
6241,98,152,5,Excellent product,2022-11-16
6242,115,163,5,Excellent product,2022-12-05
6243,132,174,4,Good product,2022-12-24
6244,149,185,3,Average product,2023-01-12
6245,166,196,5,Excellent product,2023-01-31
6246,183,207,4,Good product,2023-02-19
6247,200,218,5,Excellent product,2023-03-10
6248,217,229,5,Excellent product,2023-03-29
6249,234,240,4,Good product,2023-04-17
6250,251,251,2,Product quality could be better,2023-05-06
6251,268,262,3,Average product,2023-05-25
6252,285,273,4,Good product,2023-06-13
6253,302,284,5,Excellent product,2023-07-02
6254,319,295,5,Excellent product,2023-07-21
6255,336,306,4,Good product,2023-08-09
6256,353,317,5,Excellent product,2023-08-28
6257,370,328,5,Excellent product,2023-09-16
6258,387,339,3,Average product,2023-10-05
6259,404,350,5,Excellent product,2023-10-24
6260,421,361,1,Very poor experience,2023-11-12
6261,438,372,4,Good product,2023-12-01
6262,455,383,5,Excellent product,2023-12-20
6263,472,394,5,Excellent product,2024-01-08
6264,489,405,4,Good product,2024-01-27
6265,506,416,3,Average product,2024-02-15
6266,523,427,5,Excellent product,2024-03-05
6267,540,438,4,Good product,2024-03-24
6268,557,449,5,Excellent product,2024-04-12
6269,574,460,5,Excellent product,2024-05-01
6270,591,471,2,Product quality could be better,2024-05-20
6271,608,482,5,Excellent product,2024-06-08
6272,625,493,3,Average product,2024-06-27
6273,642,4,4,Good product,2024-07-16
6274,659,15,5,Excellent product,2024-08-04
6275,676,26,5,Excellent product,2024-08-23
6276,693,37,4,Good product,2024-09-11
6277,710,48,5,Excellent product,2024-09-30
6278,727,59,5,Excellent product,2024-10-19
6279,744,70,3,Average product,2024-11-07
6280,761,81,1,Very poor experience,2024-11-26
6281,778,92,5,Excellent product,2024-12-15
6282,795,103,4,Good product,2025-01-03
6283,812,114,5,Excellent product,2025-01-22
6284,829,125,5,Excellent product,2025-02-10
6285,846,136,4,Good product,2025-03-01
6286,863,147,3,Average product,2025-03-20
6287,880,158,5,Excellent product,2025-04-08
6288,897,169,4,Good product,2025-04-27
6289,914,180,5,Excellent product,2025-05-16
6290,931,191,2,Product quality could be better,2025-06-04
6291,948,202,4,Good product,2025-06-23
6292,965,213,5,Excellent product,2025-07-12
6293,982,224,3,Average product,2025-07-31
6294,999,235,4,Good product,2025-08-19
6295,1016,246,5,Excellent product,2025-09-07
6296,1033,257,5,Excellent product,2025-09-26
6297,1050,268,4,Good product,2025-10-15
6298,1067,279,5,Excellent product,2025-11-03
6299,1084,290,5,Excellent product,2025-11-22
6300,1101,301,1,Very poor experience,2025-12-11
6301,1118,312,5,Excellent product,2025-12-30
6302,1135,323,5,Excellent product,2022-01-19
6303,1152,334,4,Good product,2022-02-07
6304,1169,345,5,Excellent product,2022-02-26
6305,1186,356,5,Excellent product,2022-03-17
6306,1203,367,4,Good product,2022-04-05
6307,1220,378,3,Average product,2022-04-24
6308,1237,389,5,Excellent product,2022-05-13
6309,1254,400,4,Good product,2022-06-01
6310,1271,411,2,Product quality could be better,2022-06-20
6311,1288,422,5,Excellent product,2022-07-09
6312,1305,433,4,Good product,2022-07-28
6313,1322,444,5,Excellent product,2022-08-16
6314,1339,455,3,Average product,2022-09-04
6315,1356,466,4,Good product,2022-09-23
6316,1373,477,5,Excellent product,2022-10-12
6317,1390,488,5,Excellent product,2022-10-31
6318,1407,499,4,Good product,2022-11-19
6319,1424,10,5,Excellent product,2022-12-08
6320,1441,21,1,Very poor experience,2022-12-27
6321,1458,32,3,Average product,2023-01-15
6322,1475,43,5,Excellent product,2023-02-03
6323,1492,54,5,Excellent product,2023-02-22
6324,1509,65,4,Good product,2023-03-13
6325,1526,76,5,Excellent product,2023-04-01
6326,1543,87,5,Excellent product,2023-04-20
6327,1560,98,4,Good product,2023-05-09
6328,1577,109,3,Average product,2023-05-28
6329,1594,120,5,Excellent product,2023-06-16
6330,1611,131,2,Product quality could be better,2023-07-05
6331,1628,142,5,Excellent product,2023-07-24
6332,1645,153,5,Excellent product,2023-08-12
6333,1662,164,4,Good product,2023-08-31
6334,1679,175,5,Excellent product,2023-09-19
6335,1696,186,3,Average product,2023-10-08
6336,1713,197,4,Good product,2023-10-27
6337,1730,208,5,Excellent product,2023-11-15
6338,1747,219,5,Excellent product,2023-12-04
6339,1764,230,4,Good product,2023-12-23
6340,1781,241,1,Very poor experience,2024-01-11
6341,1798,252,5,Excellent product,2024-01-30
6342,1815,263,3,Average product,2024-02-18
6343,1832,274,5,Excellent product,2024-03-08
6344,1849,285,5,Excellent product,2024-03-27
6345,1866,296,4,Good product,2024-04-15
6346,1883,307,5,Excellent product,2024-05-04
6347,1900,318,5,Excellent product,2024-05-23
6348,1917,329,4,Good product,2024-06-11
6349,1934,340,3,Average product,2024-06-30
6350,1951,351,2,Product quality could be better,2024-07-19
6351,1968,362,4,Good product,2024-08-07
6352,1985,373,5,Excellent product,2024-08-26
6353,2,384,5,Excellent product,2024-09-14
6354,19,395,4,Good product,2024-10-03
6355,36,406,5,Excellent product,2024-10-22
6356,53,417,3,Average product,2024-11-10
6357,70,428,4,Good product,2024-11-29
6358,87,439,5,Excellent product,2024-12-18
6359,104,450,5,Excellent product,2025-01-06
6360,121,461,1,Very poor experience,2025-01-25
6361,138,472,5,Excellent product,2025-02-13
6362,155,483,5,Excellent product,2025-03-04
6363,172,494,3,Average product,2025-03-23
6364,189,5,5,Excellent product,2025-04-11
6365,206,16,5,Excellent product,2025-04-30
6366,223,27,4,Good product,2025-05-19
6367,240,38,5,Excellent product,2025-06-07
6368,257,49,5,Excellent product,2025-06-26
6369,274,60,4,Good product,2025-07-15
6370,291,71,2,Product quality could be better,2025-08-03
6371,308,82,5,Excellent product,2025-08-22
6372,325,93,4,Good product,2025-09-10
6373,342,104,5,Excellent product,2025-09-29
6374,359,115,5,Excellent product,2025-10-18
6375,376,126,4,Good product,2025-11-06
6376,393,137,5,Excellent product,2025-11-25
6377,410,148,3,Average product,2025-12-14
6378,427,159,4,Good product,2022-01-03
6379,444,170,5,Excellent product,2022-01-22
6380,461,181,1,Very poor experience,2022-02-10
6381,478,192,4,Good product,2022-03-01
6382,495,203,5,Excellent product,2022-03-20
6383,512,214,5,Excellent product,2022-04-08
6384,529,225,3,Average product,2022-04-27
6385,546,236,5,Excellent product,2022-05-16
6386,563,247,5,Excellent product,2022-06-04
6387,580,258,4,Good product,2022-06-23
6388,597,269,5,Excellent product,2022-07-12
6389,614,280,5,Excellent product,2022-07-31
6390,631,291,2,Product quality could be better,2022-08-19
6391,648,302,3,Average product,2022-09-07
6392,665,313,5,Excellent product,2022-09-26
6393,682,324,4,Good product,2022-10-15
6394,699,335,5,Excellent product,2022-11-03
6395,716,346,5,Excellent product,2022-11-22
6396,733,357,4,Good product,2022-12-11
6397,750,368,5,Excellent product,2022-12-30
6398,767,379,3,Average product,2023-01-18
6399,784,390,4,Good product,2023-02-06
6400,801,401,1,Very poor experience,2023-02-25
6401,818,412,5,Excellent product,2023-03-16
6402,835,423,4,Good product,2023-04-04
6403,852,434,5,Excellent product,2023-04-23
6404,869,445,5,Excellent product,2023-05-12
6405,886,456,3,Average product,2023-05-31
6406,903,467,5,Excellent product,2023-06-19
6407,920,478,5,Excellent product,2023-07-08
6408,937,489,4,Good product,2023-07-27
6409,954,500,5,Excellent product,2023-08-15
6410,971,11,2,Product quality could be better,2023-09-03
6411,988,22,4,Good product,2023-09-22
6412,1005,33,3,Average product,2023-10-11
6413,1022,44,5,Excellent product,2023-10-30
6414,1039,55,4,Good product,2023-11-18
6415,1056,66,5,Excellent product,2023-12-07
6416,1073,77,5,Excellent product,2023-12-26
6417,1090,88,4,Good product,2024-01-14
6418,1107,99,5,Excellent product,2024-02-02
6419,1124,110,3,Average product,2024-02-21
6420,1141,121,1,Very poor experience,2024-03-11
6421,1158,132,5,Excellent product,2024-03-30
6422,1175,143,5,Excellent product,2024-04-18
6423,1192,154,4,Good product,2024-05-07
6424,1209,165,5,Excellent product,2024-05-26
6425,1226,176,5,Excellent product,2024-06-14
6426,1243,187,3,Average product,2024-07-03
6427,1260,198,5,Excellent product,2024-07-22
6428,1277,209,5,Excellent product,2024-08-10
6429,1294,220,4,Good product,2024-08-29
6430,1311,231,2,Product quality could be better,2024-09-17
6431,1328,242,5,Excellent product,2024-10-06
6432,1345,253,4,Good product,2024-10-25
6433,1362,264,3,Average product,2024-11-13
6434,1379,275,5,Excellent product,2024-12-02
6435,1396,286,4,Good product,2024-12-21
6436,1413,297,5,Excellent product,2025-01-09
6437,1430,308,5,Excellent product,2025-01-28
6438,1447,319,4,Good product,2025-02-16
6439,1464,330,5,Excellent product,2025-03-07
6440,1481,341,1,Very poor experience,2025-03-26
6441,1498,352,4,Good product,2025-04-14
6442,1515,363,5,Excellent product,2025-05-03
6443,1532,374,5,Excellent product,2025-05-22
6444,1549,385,4,Good product,2025-06-10
6445,1566,396,5,Excellent product,2025-06-29
6446,1583,407,5,Excellent product,2025-07-18
6447,1600,418,3,Average product,2025-08-06
6448,1617,429,5,Excellent product,2025-08-25
6449,1634,440,5,Excellent product,2025-09-13
6450,1651,451,2,Product quality could be better,2025-10-02
6451,1668,462,5,Excellent product,2025-10-21
6452,1685,473,5,Excellent product,2025-11-09
6453,1702,484,4,Good product,2025-11-28
6454,1719,495,3,Average product,2025-12-17
6455,1736,6,5,Excellent product,2022-01-06
6456,1753,17,4,Good product,2022-01-25
6457,1770,28,5,Excellent product,2022-02-13
6458,1787,39,5,Excellent product,2022-03-04
6459,1804,50,4,Good product,2022-03-23
6460,1821,61,1,Very poor experience,2022-04-11
6461,1838,72,3,Average product,2022-04-30
6462,1855,83,4,Good product,2022-05-19
6463,1872,94,5,Excellent product,2022-06-07
6464,1889,105,5,Excellent product,2022-06-26
6465,1906,116,4,Good product,2022-07-15
6466,1923,127,5,Excellent product,2022-08-03
6467,1940,138,5,Excellent product,2022-08-22
6468,1957,149,3,Average product,2022-09-10
6469,1974,160,5,Excellent product,2022-09-29
6470,1991,171,2,Product quality could be better,2022-10-18
6471,8,182,4,Good product,2022-11-06
6472,25,193,5,Excellent product,2022-11-25
6473,42,204,5,Excellent product,2022-12-14
6474,59,215,4,Good product,2023-01-02
6475,76,226,3,Average product,2023-01-21
6476,93,237,5,Excellent product,2023-02-09
6477,110,248,4,Good product,2023-02-28
6478,127,259,5,Excellent product,2023-03-19
6479,144,270,5,Excellent product,2023-04-07
6480,161,281,1,Very poor experience,2023-04-26
6481,178,292,5,Excellent product,2023-05-15
6482,195,303,3,Average product,2023-06-03
6483,212,314,4,Good product,2023-06-22
6484,229,325,5,Excellent product,2023-07-11
6485,246,336,5,Excellent product,2023-07-30
6486,263,347,4,Good product,2023-08-18
6487,280,358,5,Excellent product,2023-09-06
6488,297,369,5,Excellent product,2023-09-25
6489,314,380,3,Average product,2023-10-14
6490,331,391,2,Product quality could be better,2023-11-02
6491,348,402,5,Excellent product,2023-11-21
6492,365,413,4,Good product,2023-12-10
6493,382,424,5,Excellent product,2023-12-29
6494,399,435,5,Excellent product,2024-01-17
6495,416,446,4,Good product,2024-02-05
6496,433,457,3,Average product,2024-02-24
6497,450,468,5,Excellent product,2024-03-14
6498,467,479,4,Good product,2024-04-02
6499,484,490,5,Excellent product,2024-04-21
6500,501,1,1,Very poor experience,2024-05-10
6501,518,12,4,Good product,2024-05-29
6502,535,23,5,Excellent product,2024-06-17
6503,552,34,3,Average product,2024-07-06
6504,569,45,4,Good product,2024-07-25
6505,586,56,5,Excellent product,2024-08-13
6506,603,67,5,Excellent product,2024-09-01
6507,620,78,4,Good product,2024-09-20
6508,637,89,5,Excellent product,2024-10-09
6509,654,100,5,Excellent product,2024-10-28
6510,671,111,2,Product quality could be better,2024-11-16
6511,688,122,5,Excellent product,2024-12-05
6512,705,133,5,Excellent product,2024-12-24
6513,722,144,4,Good product,2025-01-12
6514,739,155,5,Excellent product,2025-01-31
6515,756,166,5,Excellent product,2025-02-19
6516,773,177,4,Good product,2025-03-10
6517,790,188,3,Average product,2025-03-29
6518,807,199,5,Excellent product,2025-04-17
6519,824,210,4,Good product,2025-05-06
6520,841,221,1,Very poor experience,2025-05-25
6521,858,232,5,Excellent product,2025-06-13
6522,875,243,4,Good product,2025-07-02
6523,892,254,5,Excellent product,2025-07-21
6524,909,265,3,Average product,2025-08-09
6525,926,276,4,Good product,2025-08-28
6526,943,287,5,Excellent product,2025-09-16
6527,960,298,5,Excellent product,2025-10-05
6528,977,309,4,Good product,2025-10-24
6529,994,320,5,Excellent product,2025-11-12
6530,1011,331,2,Product quality could be better,2025-12-01
6531,1028,342,3,Average product,2025-12-20
6532,1045,353,5,Excellent product,2022-01-09
6533,1062,364,5,Excellent product,2022-01-28
6534,1079,375,4,Good product,2022-02-16
6535,1096,386,5,Excellent product,2022-03-07
6536,1113,397,5,Excellent product,2022-03-26
6537,1130,408,4,Good product,2022-04-14
6538,1147,419,3,Average product,2022-05-03
6539,1164,430,5,Excellent product,2022-05-22
6540,1181,441,1,Very poor experience,2022-06-10
6541,1198,452,5,Excellent product,2022-06-29
6542,1215,463,5,Excellent product,2022-07-18
6543,1232,474,4,Good product,2022-08-06
6544,1249,485,5,Excellent product,2022-08-25
6545,1266,496,3,Average product,2022-09-13
6546,1283,7,4,Good product,2022-10-02
6547,1300,18,5,Excellent product,2022-10-21
6548,1317,29,5,Excellent product,2022-11-09
6549,1334,40,4,Good product,2022-11-28
6550,1351,51,2,Product quality could be better,2022-12-17
6551,1368,62,5,Excellent product,2023-01-05
6552,1385,73,3,Average product,2023-01-24
6553,1402,84,5,Excellent product,2023-02-12
6554,1419,95,5,Excellent product,2023-03-03
6555,1436,106,4,Good product,2023-03-22
6556,1453,117,5,Excellent product,2023-04-10
6557,1470,128,5,Excellent product,2023-04-29
6558,1487,139,4,Good product,2023-05-18
6559,1504,150,3,Average product,2023-06-06
6560,1521,161,1,Very poor experience,2023-06-25
6561,1538,172,4,Good product,2023-07-14
6562,1555,183,5,Excellent product,2023-08-02
6563,1572,194,5,Excellent product,2023-08-21
6564,1589,205,4,Good product,2023-09-09
6565,1606,216,5,Excellent product,2023-09-28
6566,1623,227,3,Average product,2023-10-17
6567,1640,238,4,Good product,2023-11-05
6568,1657,249,5,Excellent product,2023-11-24
6569,1674,260,5,Excellent product,2023-12-13
6570,1691,271,2,Product quality could be better,2024-01-01
6571,1708,282,5,Excellent product,2024-01-20
6572,1725,293,5,Excellent product,2024-02-08
6573,1742,304,3,Average product,2024-02-27
6574,1759,315,5,Excellent product,2024-03-17
6575,1776,326,5,Excellent product,2024-04-05
6576,1793,337,4,Good product,2024-04-24
6577,1810,348,5,Excellent product,2024-05-13
6578,1827,359,5,Excellent product,2024-06-01
6579,1844,370,4,Good product,2024-06-20
6580,1861,381,1,Very poor experience,2024-07-09
6581,1878,392,5,Excellent product,2024-07-28
6582,1895,403,4,Good product,2024-08-16
6583,1912,414,5,Excellent product,2024-09-04
6584,1929,425,5,Excellent product,2024-09-23
6585,1946,436,4,Good product,2024-10-12
6586,1963,447,5,Excellent product,2024-10-31
6587,1980,458,3,Average product,2024-11-19
6588,1997,469,4,Good product,2024-12-08
6589,14,480,5,Excellent product,2024-12-27
6590,31,491,2,Product quality could be better,2025-01-15
6591,48,2,4,Good product,2025-02-03
6592,65,13,5,Excellent product,2025-02-22
6593,82,24,5,Excellent product,2025-03-13
6594,99,35,3,Average product,2025-04-01
6595,116,46,5,Excellent product,2025-04-20
6596,133,57,5,Excellent product,2025-05-09
6597,150,68,4,Good product,2025-05-28
6598,167,79,5,Excellent product,2025-06-16
6599,184,90,5,Excellent product,2025-07-05
6600,201,101,1,Very poor experience,2025-07-24
6601,218,112,3,Average product,2025-08-12
6602,235,123,5,Excellent product,2025-08-31
6603,252,134,4,Good product,2025-09-19
6604,269,145,5,Excellent product,2025-10-08
6605,286,156,5,Excellent product,2025-10-27
6606,303,167,4,Good product,2025-11-15
6607,320,178,5,Excellent product,2025-12-04
6608,337,189,3,Average product,2025-12-23
6609,354,200,4,Good product,2022-01-12
6610,371,211,2,Product quality could be better,2022-01-31
6611,388,222,5,Excellent product,2022-02-19
6612,405,233,4,Good product,2022-03-10
6613,422,244,5,Excellent product,2022-03-29
6614,439,255,5,Excellent product,2022-04-17
6615,456,266,3,Average product,2022-05-06
6616,473,277,5,Excellent product,2022-05-25
6617,490,288,5,Excellent product,2022-06-13
6618,507,299,4,Good product,2022-07-02
6619,524,310,5,Excellent product,2022-07-21
6620,541,321,1,Very poor experience,2022-08-09
6621,558,332,4,Good product,2022-08-28
6622,575,343,3,Average product,2022-09-16
6623,592,354,5,Excellent product,2022-10-05
6624,609,365,4,Good product,2022-10-24
6625,626,376,5,Excellent product,2022-11-12
6626,643,387,5,Excellent product,2022-12-01
6627,660,398,4,Good product,2022-12-20
6628,677,409,5,Excellent product,2023-01-08
6629,694,420,3,Average product,2023-01-27
6630,711,431,2,Product quality could be better,2023-02-15
6631,728,442,5,Excellent product,2023-03-06
6632,745,453,5,Excellent product,2023-03-25
6633,762,464,4,Good product,2023-04-13
6634,779,475,5,Excellent product,2023-05-02
6635,796,486,5,Excellent product,2023-05-21
6636,813,497,3,Average product,2023-06-09
6637,830,8,5,Excellent product,2023-06-28
6638,847,19,5,Excellent product,2023-07-17
6639,864,30,4,Good product,2023-08-05
6640,881,41,1,Very poor experience,2023-08-24
6641,898,52,5,Excellent product,2023-09-12
6642,915,63,4,Good product,2023-10-01
6643,932,74,3,Average product,2023-10-20
6644,949,85,5,Excellent product,2023-11-08
6645,966,96,4,Good product,2023-11-27
6646,983,107,5,Excellent product,2023-12-16
6647,1000,118,5,Excellent product,2024-01-04
6648,1017,129,4,Good product,2024-01-23
6649,1034,140,5,Excellent product,2024-02-11
6650,1051,151,2,Product quality could be better,2024-03-01
6651,1068,162,4,Good product,2024-03-20
6652,1085,173,5,Excellent product,2024-04-08
6653,1102,184,5,Excellent product,2024-04-27
6654,1119,195,4,Good product,2024-05-16
6655,1136,206,5,Excellent product,2024-06-04
6656,1153,217,5,Excellent product,2024-06-23
6657,1170,228,3,Average product,2024-07-12
6658,1187,239,5,Excellent product,2024-07-31
6659,1204,250,5,Excellent product,2024-08-19
6660,1221,261,1,Very poor experience,2024-09-07
6661,1238,272,5,Excellent product,2024-09-26
6662,1255,283,5,Excellent product,2024-10-15
6663,1272,294,4,Good product,2024-11-03
6664,1289,305,3,Average product,2024-11-22
6665,1306,316,5,Excellent product,2024-12-11
6666,1323,327,4,Good product,2024-12-30
6667,1340,338,5,Excellent product,2025-01-18
6668,1357,349,5,Excellent product,2025-02-06
6669,1374,360,4,Good product,2025-02-25
6670,1391,371,2,Product quality could be better,2025-03-16
6671,1408,382,3,Average product,2025-04-04
6672,1425,393,4,Good product,2025-04-23
6673,1442,404,5,Excellent product,2025-05-12
6674,1459,415,5,Excellent product,2025-05-31
6675,1476,426,4,Good product,2025-06-19
6676,1493,437,5,Excellent product,2025-07-08
6677,1510,448,5,Excellent product,2025-07-27
6678,1527,459,3,Average product,2025-08-15
6679,1544,470,5,Excellent product,2025-09-03
6680,1561,481,1,Very poor experience,2025-09-22
6681,1578,492,4,Good product,2025-10-11
6682,1595,3,5,Excellent product,2025-10-30
6683,1612,14,5,Excellent product,2025-11-18
6684,1629,25,4,Good product,2025-12-07
6685,1646,36,3,Average product,2025-12-26
6686,1663,47,5,Excellent product,2022-01-15
6687,1680,58,4,Good product,2022-02-03
6688,1697,69,5,Excellent product,2022-02-22
6689,1714,80,5,Excellent product,2022-03-13
6690,1731,91,2,Product quality could be better,2022-04-01
6691,1748,102,5,Excellent product,2022-04-20
6692,1765,113,3,Average product,2022-05-09
6693,1782,124,4,Good product,2022-05-28
6694,1799,135,5,Excellent product,2022-06-16
6695,1816,146,5,Excellent product,2022-07-05
6696,1833,157,4,Good product,2022-07-24
6697,1850,168,5,Excellent product,2022-08-12
6698,1867,179,5,Excellent product,2022-08-31
6699,1884,190,3,Average product,2022-09-19
6700,1901,201,1,Very poor experience,2022-10-08
6701,1918,212,5,Excellent product,2022-10-27
6702,1935,223,4,Good product,2022-11-15
6703,1952,234,5,Excellent product,2022-12-04
6704,1969,245,5,Excellent product,2022-12-23
6705,1986,256,4,Good product,2023-01-11
6706,3,267,3,Average product,2023-01-30
6707,20,278,5,Excellent product,2023-02-18
6708,37,289,4,Good product,2023-03-09
6709,54,300,5,Excellent product,2023-03-28
6710,71,311,2,Product quality could be better,2023-04-16
6711,88,322,4,Good product,2023-05-05
6712,105,333,5,Excellent product,2023-05-24
6713,122,344,3,Average product,2023-06-12
6714,139,355,4,Good product,2023-07-01
6715,156,366,5,Excellent product,2023-07-20
6716,173,377,5,Excellent product,2023-08-08
6717,190,388,4,Good product,2023-08-27
6718,207,399,5,Excellent product,2023-09-15
6719,224,410,5,Excellent product,2023-10-04
6720,241,421,1,Very poor experience,2023-10-23
6721,258,432,5,Excellent product,2023-11-11
6722,275,443,5,Excellent product,2023-11-30
6723,292,454,4,Good product,2023-12-19
6724,309,465,5,Excellent product,2024-01-07
6725,326,476,5,Excellent product,2024-01-26
6726,343,487,4,Good product,2024-02-14
6727,360,498,3,Average product,2024-03-04
6728,377,9,5,Excellent product,2024-03-23
6729,394,20,4,Good product,2024-04-11
6730,411,31,2,Product quality could be better,2024-04-30
6731,428,42,5,Excellent product,2024-05-19
6732,445,53,4,Good product,2024-06-07
6733,462,64,5,Excellent product,2024-06-26
6734,479,75,3,Average product,2024-07-15
6735,496,86,4,Good product,2024-08-03
6736,513,97,5,Excellent product,2024-08-22
6737,530,108,5,Excellent product,2024-09-10
6738,547,119,4,Good product,2024-09-29
6739,564,130,5,Excellent product,2024-10-18
6740,581,141,1,Very poor experience,2024-11-06
6741,598,152,3,Average product,2024-11-25
6742,615,163,5,Excellent product,2024-12-14
6743,632,174,5,Excellent product,2025-01-02
6744,649,185,4,Good product,2025-01-21
6745,666,196,5,Excellent product,2025-02-09
6746,683,207,5,Excellent product,2025-02-28
6747,700,218,4,Good product,2025-03-19
6748,717,229,3,Average product,2025-04-07
6749,734,240,5,Excellent product,2025-04-26
6750,751,251,2,Product quality could be better,2025-05-15
6751,768,262,5,Excellent product,2025-06-03
6752,785,273,5,Excellent product,2025-06-22
6753,802,284,4,Good product,2025-07-11
6754,819,295,5,Excellent product,2025-07-30
6755,836,306,3,Average product,2025-08-18
6756,853,317,4,Good product,2025-09-06
6757,870,328,5,Excellent product,2025-09-25
6758,887,339,5,Excellent product,2025-10-14
6759,904,350,4,Good product,2025-11-02
6760,921,361,1,Very poor experience,2025-11-21
6761,938,372,5,Excellent product,2025-12-10
6762,955,383,3,Average product,2025-12-29
6763,972,394,5,Excellent product,2022-01-18
6764,989,405,5,Excellent product,2022-02-06
6765,1006,416,4,Good product,2022-02-25
6766,1023,427,5,Excellent product,2022-03-16
6767,1040,438,5,Excellent product,2022-04-04
6768,1057,449,4,Good product,2022-04-23
6769,1074,460,3,Average product,2022-05-12
6770,1091,471,2,Product quality could be better,2022-05-31
6771,1108,482,4,Good product,2022-06-19
6772,1125,493,5,Excellent product,2022-07-08
6773,1142,4,5,Excellent product,2022-07-27
6774,1159,15,4,Good product,2022-08-15
6775,1176,26,5,Excellent product,2022-09-03
6776,1193,37,3,Average product,2022-09-22
6777,1210,48,4,Good product,2022-10-11
6778,1227,59,5,Excellent product,2022-10-30
6779,1244,70,5,Excellent product,2022-11-18
6780,1261,81,1,Very poor experience,2022-12-07
6781,1278,92,5,Excellent product,2022-12-26
6782,1295,103,5,Excellent product,2023-01-14
6783,1312,114,3,Average product,2023-02-02
6784,1329,125,5,Excellent product,2023-02-21
6785,1346,136,5,Excellent product,2023-03-12
6786,1363,147,4,Good product,2023-03-31
6787,1380,158,5,Excellent product,2023-04-19
6788,1397,169,5,Excellent product,2023-05-08
6789,1414,180,4,Good product,2023-05-27
6790,1431,191,2,Product quality could be better,2023-06-15
6791,1448,202,5,Excellent product,2023-07-04
6792,1465,213,4,Good product,2023-07-23
6793,1482,224,5,Excellent product,2023-08-11
6794,1499,235,5,Excellent product,2023-08-30
6795,1516,246,4,Good product,2023-09-18
6796,1533,257,5,Excellent product,2023-10-07
6797,1550,268,3,Average product,2023-10-26
6798,1567,279,4,Good product,2023-11-14
6799,1584,290,5,Excellent product,2023-12-03
6800,1601,301,1,Very poor experience,2023-12-22
6801,1618,312,4,Good product,2024-01-10
6802,1635,323,5,Excellent product,2024-01-29
6803,1652,334,5,Excellent product,2024-02-17
6804,1669,345,3,Average product,2024-03-07
6805,1686,356,5,Excellent product,2024-03-26
6806,1703,367,5,Excellent product,2024-04-14
6807,1720,378,4,Good product,2024-05-03
6808,1737,389,5,Excellent product,2024-05-22
6809,1754,400,5,Excellent product,2024-06-10
6810,1771,411,2,Product quality could be better,2024-06-29
6811,1788,422,3,Average product,2024-07-18
6812,1805,433,5,Excellent product,2024-08-06
6813,1822,444,4,Good product,2024-08-25
6814,1839,455,5,Excellent product,2024-09-13
6815,1856,466,5,Excellent product,2024-10-02
6816,1873,477,4,Good product,2024-10-21
6817,1890,488,5,Excellent product,2024-11-09
6818,1907,499,3,Average product,2024-11-28
6819,1924,10,4,Good product,2024-12-17
6820,1941,21,1,Very poor experience,2025-01-05
6821,1958,32,5,Excellent product,2025-01-24
6822,1975,43,4,Good product,2025-02-12
6823,1992,54,5,Excellent product,2025-03-03
6824,9,65,5,Excellent product,2025-03-22
6825,26,76,3,Average product,2025-04-10
6826,43,87,5,Excellent product,2025-04-29
6827,60,98,5,Excellent product,2025-05-18
6828,77,109,4,Good product,2025-06-06
6829,94,120,5,Excellent product,2025-06-25
6830,111,131,2,Product quality could be better,2025-07-14
6831,128,142,4,Good product,2025-08-02
6832,145,153,3,Average product,2025-08-21
6833,162,164,5,Excellent product,2025-09-09
6834,179,175,4,Good product,2025-09-28
6835,196,186,5,Excellent product,2025-10-17
6836,213,197,5,Excellent product,2025-11-05
6837,230,208,4,Good product,2025-11-24
6838,247,219,5,Excellent product,2025-12-13
6839,264,230,3,Average product,2022-01-02
6840,281,241,1,Very poor experience,2022-01-21
6841,298,252,5,Excellent product,2022-02-09
6842,315,263,5,Excellent product,2022-02-28
6843,332,274,4,Good product,2022-03-19
6844,349,285,5,Excellent product,2022-04-07
6845,366,296,5,Excellent product,2022-04-26
6846,383,307,3,Average product,2022-05-15
6847,400,318,5,Excellent product,2022-06-03
6848,417,329,5,Excellent product,2022-06-22
6849,434,340,4,Good product,2022-07-11
6850,451,351,2,Product quality could be better,2022-07-30
6851,468,362,5,Excellent product,2022-08-18
6852,485,373,4,Good product,2022-09-06
6853,502,384,3,Average product,2022-09-25
6854,519,395,5,Excellent product,2022-10-14
6855,536,406,4,Good product,2022-11-02
6856,553,417,5,Excellent product,2022-11-21
6857,570,428,5,Excellent product,2022-12-10
6858,587,439,4,Good product,2022-12-29
6859,604,450,5,Excellent product,2023-01-17
6860,621,461,1,Very poor experience,2023-02-05
6861,638,472,4,Good product,2023-02-24
6862,655,483,5,Excellent product,2023-03-15
6863,672,494,5,Excellent product,2023-04-03
6864,689,5,4,Good product,2023-04-22
6865,706,16,5,Excellent product,2023-05-11
6866,723,27,5,Excellent product,2023-05-30
6867,740,38,3,Average product,2023-06-18
6868,757,49,5,Excellent product,2023-07-07
6869,774,60,5,Excellent product,2023-07-26
6870,791,71,2,Product quality could be better,2023-08-14
6871,808,82,5,Excellent product,2023-09-02
6872,825,93,5,Excellent product,2023-09-21
6873,842,104,4,Good product,2023-10-10
6874,859,115,3,Average product,2023-10-29
6875,876,126,5,Excellent product,2023-11-17
6876,893,137,4,Good product,2023-12-06
6877,910,148,5,Excellent product,2023-12-25
6878,927,159,5,Excellent product,2024-01-13
6879,944,170,4,Good product,2024-02-01
6880,961,181,1,Very poor experience,2024-02-20
6881,978,192,3,Average product,2024-03-10
6882,995,203,4,Good product,2024-03-29
6883,1012,214,5,Excellent product,2024-04-17
6884,1029,225,5,Excellent product,2024-05-06
6885,1046,236,4,Good product,2024-05-25
6886,1063,247,5,Excellent product,2024-06-13
6887,1080,258,5,Excellent product,2024-07-02
6888,1097,269,3,Average product,2024-07-21
6889,1114,280,5,Excellent product,2024-08-09
6890,1131,291,2,Product quality could be better,2024-08-28
6891,1148,302,4,Good product,2024-09-16
6892,1165,313,5,Excellent product,2024-10-05
6893,1182,324,5,Excellent product,2024-10-24
6894,1199,335,4,Good product,2024-11-12
6895,1216,346,3,Average product,2024-12-01
6896,1233,357,5,Excellent product,2024-12-20
6897,1250,368,4,Good product,2025-01-08
6898,1267,379,5,Excellent product,2025-01-27
6899,1284,390,5,Excellent product,2025-02-15
6900,1301,401,1,Very poor experience,2025-03-06
6901,1318,412,5,Excellent product,2025-03-25
6902,1335,423,3,Average product,2025-04-13
6903,1352,434,4,Good product,2025-05-02
6904,1369,445,5,Excellent product,2025-05-21
6905,1386,456,5,Excellent product,2025-06-09
6906,1403,467,4,Good product,2025-06-28
6907,1420,478,5,Excellent product,2025-07-17
6908,1437,489,5,Excellent product,2025-08-05
6909,1454,500,3,Average product,2025-08-24
6910,1471,11,2,Product quality could be better,2025-09-12
6911,1488,22,5,Excellent product,2025-10-01
6912,1505,33,4,Good product,2025-10-20
6913,1522,44,5,Excellent product,2025-11-08
6914,1539,55,5,Excellent product,2025-11-27
6915,1556,66,4,Good product,2025-12-16
6916,1573,77,3,Average product,2022-01-05
6917,1590,88,5,Excellent product,2022-01-24
6918,1607,99,4,Good product,2022-02-12
6919,1624,110,5,Excellent product,2022-03-03
6920,1641,121,1,Very poor experience,2022-03-22
6921,1658,132,4,Good product,2022-04-10
6922,1675,143,5,Excellent product,2022-04-29
6923,1692,154,3,Average product,2022-05-18
6924,1709,165,4,Good product,2022-06-06
6925,1726,176,5,Excellent product,2022-06-25
6926,1743,187,5,Excellent product,2022-07-14
6927,1760,198,4,Good product,2022-08-02
6928,1777,209,5,Excellent product,2022-08-21
6929,1794,220,5,Excellent product,2022-09-09
6930,1811,231,2,Product quality could be better,2022-09-28
6931,1828,242,5,Excellent product,2022-10-17
6932,1845,253,5,Excellent product,2022-11-05
6933,1862,264,4,Good product,2022-11-24
6934,1879,275,5,Excellent product,2022-12-13
6935,1896,286,5,Excellent product,2023-01-01
6936,1913,297,4,Good product,2023-01-20
6937,1930,308,3,Average product,2023-02-08
6938,1947,319,5,Excellent product,2023-02-27
6939,1964,330,4,Good product,2023-03-18
6940,1981,341,1,Very poor experience,2023-04-06
6941,1998,352,5,Excellent product,2023-04-25
6942,15,363,4,Good product,2023-05-14
6943,32,374,5,Excellent product,2023-06-02
6944,49,385,3,Average product,2023-06-21
6945,66,396,4,Good product,2023-07-10
6946,83,407,5,Excellent product,2023-07-29
6947,100,418,5,Excellent product,2023-08-17
6948,117,429,4,Good product,2023-09-05
6949,134,440,5,Excellent product,2023-09-24
6950,151,451,2,Product quality could be better,2023-10-13
6951,168,462,3,Average product,2023-11-01
6952,185,473,5,Excellent product,2023-11-20
6953,202,484,5,Excellent product,2023-12-09
6954,219,495,4,Good product,2023-12-28
6955,236,6,5,Excellent product,2024-01-16
6956,253,17,5,Excellent product,2024-02-04
6957,270,28,4,Good product,2024-02-23
6958,287,39,3,Average product,2024-03-13
6959,304,50,5,Excellent product,2024-04-01
6960,321,61,1,Very poor experience,2024-04-20
6961,338,72,5,Excellent product,2024-05-09
6962,355,83,5,Excellent product,2024-05-28
6963,372,94,4,Good product,2024-06-16
6964,389,105,5,Excellent product,2024-07-05
6965,406,116,3,Average product,2024-07-24
6966,423,127,4,Good product,2024-08-12
6967,440,138,5,Excellent product,2024-08-31
6968,457,149,5,Excellent product,2024-09-19
6969,474,160,4,Good product,2024-10-08
6970,491,171,2,Product quality could be better,2024-10-27
6971,508,182,5,Excellent product,2024-11-15
6972,525,193,3,Average product,2024-12-04
6973,542,204,5,Excellent product,2024-12-23
6974,559,215,5,Excellent product,2025-01-11
6975,576,226,4,Good product,2025-01-30
6976,593,237,5,Excellent product,2025-02-18
6977,610,248,5,Excellent product,2025-03-09
6978,627,259,4,Good product,2025-03-28
6979,644,270,3,Average product,2025-04-16
6980,661,281,1,Very poor experience,2025-05-05
6981,678,292,4,Good product,2025-05-24
6982,695,303,5,Excellent product,2025-06-12
6983,712,314,5,Excellent product,2025-07-01
6984,729,325,4,Good product,2025-07-20
6985,746,336,5,Excellent product,2025-08-08
6986,763,347,3,Average product,2025-08-27
6987,780,358,4,Good product,2025-09-15
6988,797,369,5,Excellent product,2025-10-04
6989,814,380,5,Excellent product,2025-10-23
6990,831,391,2,Product quality could be better,2025-11-11
6991,848,402,5,Excellent product,2025-11-30
6992,865,413,5,Excellent product,2025-12-19
6993,882,424,3,Average product,2022-01-08
6994,899,435,5,Excellent product,2022-01-27
6995,916,446,5,Excellent product,2022-02-15
6996,933,457,4,Good product,2022-03-06
6997,950,468,5,Excellent product,2022-03-25
6998,967,479,5,Excellent product,2022-04-13
6999,984,490,4,Good product,2022-05-02
7000,1001,1,1,Very poor experience,2022-05-21
7001,1018,12,5,Excellent product,2022-06-09
7002,1035,23,4,Good product,2022-06-28
7003,1052,34,5,Excellent product,2022-07-17
7004,1069,45,5,Excellent product,2022-08-05
7005,1086,56,4,Good product,2022-08-24
7006,1103,67,5,Excellent product,2022-09-12
7007,1120,78,3,Average product,2022-10-01
7008,1137,89,4,Good product,2022-10-20
7009,1154,100,5,Excellent product,2022-11-08
7010,1171,111,2,Product quality could be better,2022-11-27
7011,1188,122,4,Good product,2022-12-16
7012,1205,133,5,Excellent product,2023-01-04
7013,1222,144,5,Excellent product,2023-01-23
7014,1239,155,3,Average product,2023-02-11
7015,1256,166,5,Excellent product,2023-03-02
7016,1273,177,5,Excellent product,2023-03-21
7017,1290,188,4,Good product,2023-04-09
7018,1307,199,5,Excellent product,2023-04-28
7019,1324,210,5,Excellent product,2023-05-17
7020,1341,221,1,Very poor experience,2023-06-05
7021,1358,232,3,Average product,2023-06-24
7022,1375,243,5,Excellent product,2023-07-13
7023,1392,254,4,Good product,2023-08-01
7024,1409,265,5,Excellent product,2023-08-20
7025,1426,276,5,Excellent product,2023-09-08
7026,1443,287,4,Good product,2023-09-27
7027,1460,298,5,Excellent product,2023-10-16
7028,1477,309,3,Average product,2023-11-04
7029,1494,320,4,Good product,2023-11-23
7030,1511,331,2,Product quality could be better,2023-12-12
7031,1528,342,5,Excellent product,2023-12-31
7032,1545,353,4,Good product,2024-01-19
7033,1562,364,5,Excellent product,2024-02-07
7034,1579,375,5,Excellent product,2024-02-26
7035,1596,386,3,Average product,2024-03-16
7036,1613,397,5,Excellent product,2024-04-04
7037,1630,408,5,Excellent product,2024-04-23
7038,1647,419,4,Good product,2024-05-12
7039,1664,430,5,Excellent product,2024-05-31
7040,1681,441,1,Very poor experience,2024-06-19
7041,1698,452,4,Good product,2024-07-08
7042,1715,463,3,Average product,2024-07-27
7043,1732,474,5,Excellent product,2024-08-15
7044,1749,485,4,Good product,2024-09-03
7045,1766,496,5,Excellent product,2024-09-22
7046,1783,7,5,Excellent product,2024-10-11
7047,1800,18,4,Good product,2024-10-30
7048,1817,29,5,Excellent product,2024-11-18
7049,1834,40,3,Average product,2024-12-07
7050,1851,51,2,Product quality could be better,2024-12-26
7051,1868,62,5,Excellent product,2025-01-14
7052,1885,73,5,Excellent product,2025-02-02
7053,1902,84,4,Good product,2025-02-21
7054,1919,95,5,Excellent product,2025-03-12
7055,1936,106,5,Excellent product,2025-03-31
7056,1953,117,3,Average product,2025-04-19
7057,1970,128,5,Excellent product,2025-05-08
7058,1987,139,5,Excellent product,2025-05-27
7059,4,150,4,Good product,2025-06-15
7060,21,161,1,Very poor experience,2025-07-04
7061,38,172,5,Excellent product,2025-07-23
7062,55,183,4,Good product,2025-08-11
7063,72,194,3,Average product,2025-08-30
7064,89,205,5,Excellent product,2025-09-18
7065,106,216,4,Good product,2025-10-07
7066,123,227,5,Excellent product,2025-10-26
7067,140,238,5,Excellent product,2025-11-14
7068,157,249,4,Good product,2025-12-03
7069,174,260,5,Excellent product,2025-12-22
7070,191,271,2,Product quality could be better,2022-01-11
7071,208,282,4,Good product,2022-01-30
7072,225,293,5,Excellent product,2022-02-18
7073,242,304,5,Excellent product,2022-03-09
7074,259,315,4,Good product,2022-03-28
7075,276,326,5,Excellent product,2022-04-16
7076,293,337,5,Excellent product,2022-05-05
7077,310,348,3,Average product,2022-05-24
7078,327,359,5,Excellent product,2022-06-12
7079,344,370,5,Excellent product,2022-07-01
7080,361,381,1,Very poor experience,2022-07-20
7081,378,392,5,Excellent product,2022-08-08
7082,395,403,5,Excellent product,2022-08-27
7083,412,414,4,Good product,2022-09-15
7084,429,425,3,Average product,2022-10-04
7085,446,436,5,Excellent product,2022-10-23
7086,463,447,4,Good product,2022-11-11
7087,480,458,5,Excellent product,2022-11-30
7088,497,469,5,Excellent product,2022-12-19
7089,514,480,4,Good product,2023-01-07
7090,531,491,2,Product quality could be better,2023-01-26
7091,548,2,3,Average product,2023-02-14
7092,565,13,4,Good product,2023-03-05
7093,582,24,5,Excellent product,2023-03-24
7094,599,35,5,Excellent product,2023-04-12
7095,616,46,4,Good product,2023-05-01
7096,633,57,5,Excellent product,2023-05-20
7097,650,68,5,Excellent product,2023-06-08
7098,667,79,3,Average product,2023-06-27
7099,684,90,5,Excellent product,2023-07-16
7100,701,101,1,Very poor experience,2023-08-04
7101,718,112,4,Good product,2023-08-23
7102,735,123,5,Excellent product,2023-09-11
7103,752,134,5,Excellent product,2023-09-30
7104,769,145,4,Good product,2023-10-19
7105,786,156,3,Average product,2023-11-07
7106,803,167,5,Excellent product,2023-11-26
7107,820,178,4,Good product,2023-12-15
7108,837,189,5,Excellent product,2024-01-03
7109,854,200,5,Excellent product,2024-01-22
7110,871,211,2,Product quality could be better,2024-02-10
7111,888,222,5,Excellent product,2024-02-29
7112,905,233,3,Average product,2024-03-19
7113,922,244,4,Good product,2024-04-07
7114,939,255,5,Excellent product,2024-04-26
7115,956,266,5,Excellent product,2024-05-15
7116,973,277,4,Good product,2024-06-03
7117,990,288,5,Excellent product,2024-06-22
7118,1007,299,5,Excellent product,2024-07-11
7119,1024,310,3,Average product,2024-07-30
7120,1041,321,1,Very poor experience,2024-08-18
7121,1058,332,5,Excellent product,2024-09-06
7122,1075,343,4,Good product,2024-09-25
7123,1092,354,5,Excellent product,2024-10-14
7124,1109,365,5,Excellent product,2024-11-02
7125,1126,376,4,Good product,2024-11-21
7126,1143,387,3,Average product,2024-12-10
7127,1160,398,5,Excellent product,2024-12-29
7128,1177,409,4,Good product,2025-01-17
7129,1194,420,5,Excellent product,2025-02-05
7130,1211,431,2,Product quality could be better,2025-02-24
7131,1228,442,4,Good product,2025-03-15
7132,1245,453,5,Excellent product,2025-04-03
7133,1262,464,3,Average product,2025-04-22
7134,1279,475,4,Good product,2025-05-11
7135,1296,486,5,Excellent product,2025-05-30
7136,1313,497,5,Excellent product,2025-06-18
7137,1330,8,4,Good product,2025-07-07
7138,1347,19,5,Excellent product,2025-07-26
7139,1364,30,5,Excellent product,2025-08-14
7140,1381,41,1,Very poor experience,2025-09-02
7141,1398,52,5,Excellent product,2025-09-21
7142,1415,63,5,Excellent product,2025-10-10
7143,1432,74,4,Good product,2025-10-29
7144,1449,85,5,Excellent product,2025-11-17
7145,1466,96,5,Excellent product,2025-12-06
7146,1483,107,4,Good product,2025-12-25
7147,1500,118,3,Average product,2022-01-14
7148,1517,129,5,Excellent product,2022-02-02
7149,1534,140,4,Good product,2022-02-21
7150,1551,151,2,Product quality could be better,2022-03-12
7151,1568,162,5,Excellent product,2022-03-31
7152,1585,173,4,Good product,2022-04-19
7153,1602,184,5,Excellent product,2022-05-08
7154,1619,195,3,Average product,2022-05-27
7155,1636,206,4,Good product,2022-06-15
7156,1653,217,5,Excellent product,2022-07-04
7157,1670,228,5,Excellent product,2022-07-23
7158,1687,239,4,Good product,2022-08-11
7159,1704,250,5,Excellent product,2022-08-30
7160,1721,261,1,Very poor experience,2022-09-18
7161,1738,272,3,Average product,2022-10-07
7162,1755,283,5,Excellent product,2022-10-26
7163,1772,294,5,Excellent product,2022-11-14
7164,1789,305,4,Good product,2022-12-03
7165,1806,316,5,Excellent product,2022-12-22
7166,1823,327,5,Excellent product,2023-01-10
7167,1840,338,4,Good product,2023-01-29
7168,1857,349,3,Average product,2023-02-17
7169,1874,360,5,Excellent product,2023-03-08
7170,1891,371,2,Product quality could be better,2023-03-27
7171,1908,382,5,Excellent product,2023-04-15
7172,1925,393,5,Excellent product,2023-05-04
7173,1942,404,4,Good product,2023-05-23
7174,1959,415,5,Excellent product,2023-06-11
7175,1976,426,3,Average product,2023-06-30
7176,1993,437,4,Good product,2023-07-19
7177,10,448,5,Excellent product,2023-08-07
7178,27,459,5,Excellent product,2023-08-26
7179,44,470,4,Good product,2023-09-14
7180,61,481,1,Very poor experience,2023-10-03
7181,78,492,5,Excellent product,2023-10-22
7182,95,3,3,Average product,2023-11-10
7183,112,14,5,Excellent product,2023-11-29
7184,129,25,5,Excellent product,2023-12-18
7185,146,36,4,Good product,2024-01-06
7186,163,47,5,Excellent product,2024-01-25
7187,180,58,5,Excellent product,2024-02-13
7188,197,69,4,Good product,2024-03-03
7189,214,80,3,Average product,2024-03-22
7190,231,91,2,Product quality could be better,2024-04-10
7191,248,102,4,Good product,2024-04-29
7192,265,113,5,Excellent product,2024-05-18
7193,282,124,5,Excellent product,2024-06-06
7194,299,135,4,Good product,2024-06-25
7195,316,146,5,Excellent product,2024-07-14
7196,333,157,3,Average product,2024-08-02
7197,350,168,4,Good product,2024-08-21
7198,367,179,5,Excellent product,2024-09-09
7199,384,190,5,Excellent product,2024-09-28
7200,401,201,1,Very poor experience,2024-10-17
7201,418,212,5,Excellent product,2024-11-05
7202,435,223,5,Excellent product,2024-11-24
7203,452,234,3,Average product,2024-12-13
7204,469,245,5,Excellent product,2025-01-01
7205,486,256,5,Excellent product,2025-01-20
7206,503,267,4,Good product,2025-02-08
7207,520,278,5,Excellent product,2025-02-27
7208,537,289,5,Excellent product,2025-03-18
7209,554,300,4,Good product,2025-04-06
7210,571,311,2,Product quality could be better,2025-04-25
7211,588,322,5,Excellent product,2025-05-14
7212,605,333,4,Good product,2025-06-02
7213,622,344,5,Excellent product,2025-06-21
7214,639,355,5,Excellent product,2025-07-10
7215,656,366,4,Good product,2025-07-29
7216,673,377,5,Excellent product,2025-08-17
7217,690,388,3,Average product,2025-09-05
7218,707,399,4,Good product,2025-09-24
7219,724,410,5,Excellent product,2025-10-13
7220,741,421,1,Very poor experience,2025-11-01
7221,758,432,4,Good product,2025-11-20
7222,775,443,5,Excellent product,2025-12-09
7223,792,454,5,Excellent product,2025-12-28
7224,809,465,3,Average product,2022-01-17
7225,826,476,5,Excellent product,2022-02-05
7226,843,487,5,Excellent product,2022-02-24
7227,860,498,4,Good product,2022-03-15
7228,877,9,5,Excellent product,2022-04-03
7229,894,20,5,Excellent product,2022-04-22
7230,911,31,2,Product quality could be better,2022-05-11
7231,928,42,3,Average product,2022-05-30
7232,945,53,5,Excellent product,2022-06-18
7233,962,64,4,Good product,2022-07-07
7234,979,75,5,Excellent product,2022-07-26
7235,996,86,5,Excellent product,2022-08-14
7236,1013,97,4,Good product,2022-09-02
7237,1030,108,5,Excellent product,2022-09-21
7238,1047,119,3,Average product,2022-10-10
7239,1064,130,4,Good product,2022-10-29
7240,1081,141,1,Very poor experience,2022-11-17
7241,1098,152,5,Excellent product,2022-12-06
7242,1115,163,4,Good product,2022-12-25
7243,1132,174,5,Excellent product,2023-01-13
7244,1149,185,5,Excellent product,2023-02-01
7245,1166,196,3,Average product,2023-02-20
7246,1183,207,5,Excellent product,2023-03-11
7247,1200,218,5,Excellent product,2023-03-30
7248,1217,229,4,Good product,2023-04-18
7249,1234,240,5,Excellent product,2023-05-07
7250,1251,251,2,Product quality could be better,2023-05-26
7251,1268,262,4,Good product,2023-06-14
7252,1285,273,3,Average product,2023-07-03
7253,1302,284,5,Excellent product,2023-07-22
7254,1319,295,4,Good product,2023-08-10
7255,1336,306,5,Excellent product,2023-08-29
7256,1353,317,5,Excellent product,2023-09-17
7257,1370,328,4,Good product,2023-10-06
7258,1387,339,5,Excellent product,2023-10-25
7259,1404,350,3,Average product,2023-11-13
7260,1421,361,1,Very poor experience,2023-12-02
7261,1438,372,5,Excellent product,2023-12-21
7262,1455,383,5,Excellent product,2024-01-09
7263,1472,394,4,Good product,2024-01-28
7264,1489,405,5,Excellent product,2024-02-16
7265,1506,416,5,Excellent product,2024-03-06
7266,1523,427,3,Average product,2024-03-25
7267,1540,438,5,Excellent product,2024-04-13
7268,1557,449,5,Excellent product,2024-05-02
7269,1574,460,4,Good product,2024-05-21
7270,1591,471,2,Product quality could be better,2024-06-09
7271,1608,482,5,Excellent product,2024-06-28
7272,1625,493,4,Good product,2024-07-17
7273,1642,4,3,Average product,2024-08-05
7274,1659,15,5,Excellent product,2024-08-24
7275,1676,26,4,Good product,2024-09-12
7276,1693,37,5,Excellent product,2024-10-01
7277,1710,48,5,Excellent product,2024-10-20
7278,1727,59,4,Good product,2024-11-08
7279,1744,70,5,Excellent product,2024-11-27
7280,1761,81,1,Very poor experience,2024-12-16
7281,1778,92,4,Good product,2025-01-04
7282,1795,103,5,Excellent product,2025-01-23
7283,1812,114,5,Excellent product,2025-02-11
7284,1829,125,4,Good product,2025-03-02
7285,1846,136,5,Excellent product,2025-03-21
7286,1863,147,5,Excellent product,2025-04-09
7287,1880,158,3,Average product,2025-04-28
7288,1897,169,5,Excellent product,2025-05-17
7289,1914,180,5,Excellent product,2025-06-05
7290,1931,191,2,Product quality could be better,2025-06-24
7291,1948,202,5,Excellent product,2025-07-13
7292,1965,213,5,Excellent product,2025-08-01
7293,1982,224,4,Good product,2025-08-20
7294,1999,235,3,Average product,2025-09-08
7295,16,246,5,Excellent product,2025-09-27
7296,33,257,4,Good product,2025-10-16
7297,50,268,5,Excellent product,2025-11-04
7298,67,279,5,Excellent product,2025-11-23
7299,84,290,4,Good product,2025-12-12
7300,101,301,1,Very poor experience,2022-01-01
7301,118,312,3,Average product,2022-01-20
7302,135,323,4,Good product,2022-02-08
7303,152,334,5,Excellent product,2022-02-27
7304,169,345,5,Excellent product,2022-03-18
7305,186,356,4,Good product,2022-04-06
7306,203,367,5,Excellent product,2022-04-25
7307,220,378,5,Excellent product,2022-05-14
7308,237,389,3,Average product,2022-06-02
7309,254,400,5,Excellent product,2022-06-21
7310,271,411,2,Product quality could be better,2022-07-10
7311,288,422,4,Good product,2022-07-29
7312,305,433,5,Excellent product,2022-08-17
7313,322,444,5,Excellent product,2022-09-05
7314,339,455,4,Good product,2022-09-24
7315,356,466,3,Average product,2022-10-13
7316,373,477,5,Excellent product,2022-11-01
7317,390,488,4,Good product,2022-11-20
7318,407,499,5,Excellent product,2022-12-09
7319,424,10,5,Excellent product,2022-12-28
7320,441,21,1,Very poor experience,2023-01-16
7321,458,32,5,Excellent product,2023-02-04
7322,475,43,3,Average product,2023-02-23
7323,492,54,4,Good product,2023-03-14
7324,509,65,5,Excellent product,2023-04-02
7325,526,76,5,Excellent product,2023-04-21
7326,543,87,4,Good product,2023-05-10
7327,560,98,5,Excellent product,2023-05-29
7328,577,109,5,Excellent product,2023-06-17
7329,594,120,3,Average product,2023-07-06
7330,611,131,2,Product quality could be better,2023-07-25
7331,628,142,5,Excellent product,2023-08-13
7332,645,153,4,Good product,2023-09-01
7333,662,164,5,Excellent product,2023-09-20
7334,679,175,5,Excellent product,2023-10-09
7335,696,186,4,Good product,2023-10-28
7336,713,197,3,Average product,2023-11-16
7337,730,208,5,Excellent product,2023-12-05
7338,747,219,4,Good product,2023-12-24
7339,764,230,5,Excellent product,2024-01-12
7340,781,241,1,Very poor experience,2024-01-31
7341,798,252,4,Good product,2024-02-19
7342,815,263,5,Excellent product,2024-03-09
7343,832,274,3,Average product,2024-03-28
7344,849,285,4,Good product,2024-04-16
7345,866,296,5,Excellent product,2024-05-05
7346,883,307,5,Excellent product,2024-05-24
7347,900,318,4,Good product,2024-06-12
7348,917,329,5,Excellent product,2024-07-01
7349,934,340,5,Excellent product,2024-07-20
7350,951,351,2,Product quality could be better,2024-08-08
7351,968,362,5,Excellent product,2024-08-27
7352,985,373,5,Excellent product,2024-09-15
7353,1002,384,4,Good product,2024-10-04
7354,1019,395,5,Excellent product,2024-10-23
7355,1036,406,5,Excellent product,2024-11-11
7356,1053,417,4,Good product,2024-11-30
7357,1070,428,3,Average product,2024-12-19
7358,1087,439,5,Excellent product,2025-01-07
7359,1104,450,4,Good product,2025-01-26
7360,1121,461,1,Very poor experience,2025-02-14
7361,1138,472,5,Excellent product,2025-03-05
7362,1155,483,4,Good product,2025-03-24
7363,1172,494,5,Excellent product,2025-04-12
7364,1189,5,3,Average product,2025-05-01
7365,1206,16,4,Good product,2025-05-20
7366,1223,27,5,Excellent product,2025-06-08
7367,1240,38,5,Excellent product,2025-06-27
7368,1257,49,4,Good product,2025-07-16
7369,1274,60,5,Excellent product,2025-08-04
7370,1291,71,2,Product quality could be better,2025-08-23
7371,1308,82,3,Average product,2025-09-11
7372,1325,93,5,Excellent product,2025-09-30
7373,1342,104,5,Excellent product,2025-10-19
7374,1359,115,4,Good product,2025-11-07
7375,1376,126,5,Excellent product,2025-11-26
7376,1393,137,5,Excellent product,2025-12-15
7377,1410,148,4,Good product,2022-01-04
7378,1427,159,3,Average product,2022-01-23
7379,1444,170,5,Excellent product,2022-02-11
7380,1461,181,1,Very poor experience,2022-03-02
7381,1478,192,5,Excellent product,2022-03-21
7382,1495,203,5,Excellent product,2022-04-09
7383,1512,214,4,Good product,2022-04-28
7384,1529,225,5,Excellent product,2022-05-17
7385,1546,236,3,Average product,2022-06-05
7386,1563,247,4,Good product,2022-06-24
7387,1580,258,5,Excellent product,2022-07-13
7388,1597,269,5,Excellent product,2022-08-01
7389,1614,280,4,Good product,2022-08-20
7390,1631,291,2,Product quality could be better,2022-09-08
7391,1648,302,5,Excellent product,2022-09-27
7392,1665,313,3,Average product,2022-10-16
7393,1682,324,5,Excellent product,2022-11-04
7394,1699,335,5,Excellent product,2022-11-23
7395,1716,346,4,Good product,2022-12-12
7396,1733,357,5,Excellent product,2022-12-31
7397,1750,368,5,Excellent product,2023-01-19
7398,1767,379,4,Good product,2023-02-07
7399,1784,390,3,Average product,2023-02-26
7400,1801,401,1,Very poor experience,2023-03-17
7401,1818,412,4,Good product,2023-04-05
7402,1835,423,5,Excellent product,2023-04-24
7403,1852,434,5,Excellent product,2023-05-13
7404,1869,445,4,Good product,2023-06-01
7405,1886,456,5,Excellent product,2023-06-20
7406,1903,467,3,Average product,2023-07-09
7407,1920,478,4,Good product,2023-07-28
7408,1937,489,5,Excellent product,2023-08-16
7409,1954,500,5,Excellent product,2023-09-04
7410,1971,11,2,Product quality could be better,2023-09-23
7411,1988,22,5,Excellent product,2023-10-12
7412,5,33,5,Excellent product,2023-10-31
7413,22,44,3,Average product,2023-11-19
7414,39,55,5,Excellent product,2023-12-08
7415,56,66,5,Excellent product,2023-12-27
7416,73,77,4,Good product,2024-01-15
7417,90,88,5,Excellent product,2024-02-03
7418,107,99,5,Excellent product,2024-02-22
7419,124,110,4,Good product,2024-03-12
7420,141,121,1,Very poor experience,2024-03-31
7421,158,132,5,Excellent product,2024-04-19
7422,175,143,4,Good product,2024-05-08
7423,192,154,5,Excellent product,2024-05-27
7424,209,165,5,Excellent product,2024-06-15
7425,226,176,4,Good product,2024-07-04
7426,243,187,5,Excellent product,2024-07-23
7427,260,198,3,Average product,2024-08-11
7428,277,209,4,Good product,2024-08-30
7429,294,220,5,Excellent product,2024-09-18
7430,311,231,2,Product quality could be better,2024-10-07
7431,328,242,4,Good product,2024-10-26
7432,345,253,5,Excellent product,2024-11-14
7433,362,264,5,Excellent product,2024-12-03
7434,379,275,3,Average product,2024-12-22
7435,396,286,5,Excellent product,2025-01-10
7436,413,297,5,Excellent product,2025-01-29
7437,430,308,4,Good product,2025-02-17
7438,447,319,5,Excellent product,2025-03-08
7439,464,330,5,Excellent product,2025-03-27
7440,481,341,1,Very poor experience,2025-04-15
7441,498,352,3,Average product,2025-05-04
7442,515,363,5,Excellent product,2025-05-23
7443,532,374,4,Good product,2025-06-11
7444,549,385,5,Excellent product,2025-06-30
7445,566,396,5,Excellent product,2025-07-19
7446,583,407,4,Good product,2025-08-07
7447,600,418,5,Excellent product,2025-08-26
7448,617,429,3,Average product,2025-09-14
7449,634,440,4,Good product,2025-10-03
7450,651,451,2,Product quality could be better,2025-10-22
7451,668,462,5,Excellent product,2025-11-10
7452,685,473,4,Good product,2025-11-29
7453,702,484,5,Excellent product,2025-12-18
7454,719,495,5,Excellent product,2022-01-07
7455,736,6,3,Average product,2022-01-26
7456,753,17,5,Excellent product,2022-02-14
7457,770,28,5,Excellent product,2022-03-05
7458,787,39,4,Good product,2022-03-24
7459,804,50,5,Excellent product,2022-04-12
7460,821,61,1,Very poor experience,2022-05-01
7461,838,72,4,Good product,2022-05-20
7462,855,83,3,Average product,2022-06-08
7463,872,94,5,Excellent product,2022-06-27
7464,889,105,4,Good product,2022-07-16
7465,906,116,5,Excellent product,2022-08-04
7466,923,127,5,Excellent product,2022-08-23
7467,940,138,4,Good product,2022-09-11
7468,957,149,5,Excellent product,2022-09-30
7469,974,160,3,Average product,2022-10-19
7470,991,171,2,Product quality could be better,2022-11-07
7471,1008,182,5,Excellent product,2022-11-26
7472,1025,193,5,Excellent product,2022-12-15
7473,1042,204,4,Good product,2023-01-03
7474,1059,215,5,Excellent product,2023-01-22
7475,1076,226,5,Excellent product,2023-02-10
7476,1093,237,3,Average product,2023-03-01
7477,1110,248,5,Excellent product,2023-03-20
7478,1127,259,5,Excellent product,2023-04-08
7479,1144,270,4,Good product,2023-04-27
7480,1161,281,1,Very poor experience,2023-05-16
7481,1178,292,5,Excellent product,2023-06-04
7482,1195,303,4,Good product,2023-06-23
7483,1212,314,3,Average product,2023-07-12
7484,1229,325,5,Excellent product,2023-07-31
7485,1246,336,4,Good product,2023-08-19
7486,1263,347,5,Excellent product,2023-09-07
7487,1280,358,5,Excellent product,2023-09-26
7488,1297,369,4,Good product,2023-10-15
7489,1314,380,5,Excellent product,2023-11-03
7490,1331,391,2,Product quality could be better,2023-11-22
7491,1348,402,4,Good product,2023-12-11
7492,1365,413,5,Excellent product,2023-12-30
7493,1382,424,5,Excellent product,2024-01-18
7494,1399,435,4,Good product,2024-02-06
7495,1416,446,5,Excellent product,2024-02-25
7496,1433,457,5,Excellent product,2024-03-15
7497,1450,468,3,Average product,2024-04-03
7498,1467,479,5,Excellent product,2024-04-22
7499,1484,490,5,Excellent product,2024-05-11
7500,1501,1,1,Very poor experience,2024-05-30
7501,1518,12,5,Excellent product,2024-06-18
7502,1535,23,5,Excellent product,2024-07-07
7503,1552,34,4,Good product,2024-07-26
7504,1569,45,3,Average product,2024-08-14
7505,1586,56,5,Excellent product,2024-09-02
7506,1603,67,4,Good product,2024-09-21
7507,1620,78,5,Excellent product,2024-10-10
7508,1637,89,5,Excellent product,2024-10-29
7509,1654,100,4,Good product,2024-11-17
7510,1671,111,2,Product quality could be better,2024-12-06
7511,1688,122,3,Average product,2024-12-25
7512,1705,133,4,Good product,2025-01-13
7513,1722,144,5,Excellent product,2025-02-01
7514,1739,155,5,Excellent product,2025-02-20
7515,1756,166,4,Good product,2025-03-11
7516,1773,177,5,Excellent product,2025-03-30
7517,1790,188,5,Excellent product,2025-04-18
7518,1807,199,3,Average product,2025-05-07
7519,1824,210,5,Excellent product,2025-05-26
7520,1841,221,1,Very poor experience,2025-06-14
7521,1858,232,4,Good product,2025-07-03
7522,1875,243,5,Excellent product,2025-07-22
7523,1892,254,5,Excellent product,2025-08-10
7524,1909,265,4,Good product,2025-08-29
7525,1926,276,3,Average product,2025-09-17
7526,1943,287,5,Excellent product,2025-10-06
7527,1960,298,4,Good product,2025-10-25
7528,1977,309,5,Excellent product,2025-11-13
7529,1994,320,5,Excellent product,2025-12-02
7530,11,331,2,Product quality could be better,2025-12-21
7531,28,342,5,Excellent product,2022-01-10
7532,45,353,3,Average product,2022-01-29
7533,62,364,4,Good product,2022-02-17
7534,79,375,5,Excellent product,2022-03-08
7535,96,386,5,Excellent product,2022-03-27
7536,113,397,4,Good product,2022-04-15
7537,130,408,5,Excellent product,2022-05-04
7538,147,419,5,Excellent product,2022-05-23
7539,164,430,3,Average product,2022-06-11
7540,181,441,1,Very poor experience,2022-06-30
7541,198,452,5,Excellent product,2022-07-19
7542,215,463,4,Good product,2022-08-07
7543,232,474,5,Excellent product,2022-08-26
7544,249,485,5,Excellent product,2022-09-14
7545,266,496,4,Good product,2022-10-03
7546,283,7,3,Average product,2022-10-22
7547,300,18,5,Excellent product,2022-11-10
7548,317,29,4,Good product,2022-11-29
7549,334,40,5,Excellent product,2022-12-18
7550,351,51,2,Product quality could be better,2023-01-06
7551,368,62,4,Good product,2023-01-25
7552,385,73,5,Excellent product,2023-02-13
7553,402,84,3,Average product,2023-03-04
7554,419,95,4,Good product,2023-03-23
7555,436,106,5,Excellent product,2023-04-11
7556,453,117,5,Excellent product,2023-04-30
7557,470,128,4,Good product,2023-05-19
7558,487,139,5,Excellent product,2023-06-07
7559,504,150,5,Excellent product,2023-06-26
7560,521,161,1,Very poor experience,2023-07-15
7561,538,172,5,Excellent product,2023-08-03
7562,555,183,5,Excellent product,2023-08-22
7563,572,194,4,Good product,2023-09-10
7564,589,205,5,Excellent product,2023-09-29
7565,606,216,5,Excellent product,2023-10-18
7566,623,227,4,Good product,2023-11-06
7567,640,238,3,Average product,2023-11-25
7568,657,249,5,Excellent product,2023-12-14
7569,674,260,4,Good product,2024-01-02
7570,691,271,2,Product quality could be better,2024-01-21
7571,708,282,5,Excellent product,2024-02-09
7572,725,293,4,Good product,2024-02-28
7573,742,304,5,Excellent product,2024-03-18
7574,759,315,3,Average product,2024-04-06
7575,776,326,4,Good product,2024-04-25
7576,793,337,5,Excellent product,2024-05-14
7577,810,348,5,Excellent product,2024-06-02
7578,827,359,4,Good product,2024-06-21
7579,844,370,5,Excellent product,2024-07-10
7580,861,381,1,Very poor experience,2024-07-29
7581,878,392,3,Average product,2024-08-17
7582,895,403,5,Excellent product,2024-09-05
7583,912,414,5,Excellent product,2024-09-24
7584,929,425,4,Good product,2024-10-13
7585,946,436,5,Excellent product,2024-11-01
7586,963,447,5,Excellent product,2024-11-20
7587,980,458,4,Good product,2024-12-09
7588,997,469,3,Average product,2024-12-28
7589,1014,480,5,Excellent product,2025-01-16
7590,1031,491,2,Product quality could be better,2025-02-04
7591,1048,2,5,Excellent product,2025-02-23
7592,1065,13,5,Excellent product,2025-03-14
7593,1082,24,4,Good product,2025-04-02
7594,1099,35,5,Excellent product,2025-04-21
7595,1116,46,3,Average product,2025-05-10
7596,1133,57,4,Good product,2025-05-29
7597,1150,68,5,Excellent product,2025-06-17
7598,1167,79,5,Excellent product,2025-07-06
7599,1184,90,4,Good product,2025-07-25
7600,1201,101,1,Very poor experience,2025-08-13
7601,1218,112,5,Excellent product,2025-09-01
7602,1235,123,3,Average product,2025-09-20
7603,1252,134,5,Excellent product,2025-10-09
7604,1269,145,5,Excellent product,2025-10-28
7605,1286,156,4,Good product,2025-11-16
7606,1303,167,5,Excellent product,2025-12-05
7607,1320,178,5,Excellent product,2025-12-24
7608,1337,189,4,Good product,2022-01-13
7609,1354,200,3,Average product,2022-02-01
7610,1371,211,2,Product quality could be better,2022-02-20
7611,1388,222,4,Good product,2022-03-11
7612,1405,233,5,Excellent product,2022-03-30
7613,1422,244,5,Excellent product,2022-04-18
7614,1439,255,4,Good product,2022-05-07
7615,1456,266,5,Excellent product,2022-05-26
7616,1473,277,3,Average product,2022-06-14
7617,1490,288,4,Good product,2022-07-03
7618,1507,299,5,Excellent product,2022-07-22
7619,1524,310,5,Excellent product,2022-08-10
7620,1541,321,1,Very poor experience,2022-08-29
7621,1558,332,5,Excellent product,2022-09-17
7622,1575,343,5,Excellent product,2022-10-06
7623,1592,354,3,Average product,2022-10-25
7624,1609,365,5,Excellent product,2022-11-13
7625,1626,376,5,Excellent product,2022-12-02
7626,1643,387,4,Good product,2022-12-21
7627,1660,398,5,Excellent product,2023-01-09
7628,1677,409,5,Excellent product,2023-01-28
7629,1694,420,4,Good product,2023-02-16
7630,1711,431,2,Product quality could be better,2023-03-07
7631,1728,442,5,Excellent product,2023-03-26
7632,1745,453,4,Good product,2023-04-14
7633,1762,464,5,Excellent product,2023-05-03
7634,1779,475,5,Excellent product,2023-05-22
7635,1796,486,4,Good product,2023-06-10
7636,1813,497,5,Excellent product,2023-06-29
7637,1830,8,3,Average product,2023-07-18
7638,1847,19,4,Good product,2023-08-06
7639,1864,30,5,Excellent product,2023-08-25
7640,1881,41,1,Very poor experience,2023-09-13
7641,1898,52,4,Good product,2023-10-02
7642,1915,63,5,Excellent product,2023-10-21
7643,1932,74,5,Excellent product,2023-11-09
7644,1949,85,3,Average product,2023-11-28
7645,1966,96,5,Excellent product,2023-12-17
7646,1983,107,5,Excellent product,2024-01-05
7647,2000,118,4,Good product,2024-01-24
7648,17,129,5,Excellent product,2024-02-12
7649,34,140,5,Excellent product,2024-03-02
7650,51,151,2,Product quality could be better,2024-03-21
7651,68,162,3,Average product,2024-04-09
7652,85,173,5,Excellent product,2024-04-28
7653,102,184,4,Good product,2024-05-17
7654,119,195,5,Excellent product,2024-06-05
7655,136,206,5,Excellent product,2024-06-24
7656,153,217,4,Good product,2024-07-13
7657,170,228,5,Excellent product,2024-08-01
7658,187,239,3,Average product,2024-08-20
7659,204,250,4,Good product,2024-09-08
7660,221,261,1,Very poor experience,2024-09-27
7661,238,272,5,Excellent product,2024-10-16
7662,255,283,4,Good product,2024-11-04
7663,272,294,5,Excellent product,2024-11-23
7664,289,305,5,Excellent product,2024-12-12
7665,306,316,3,Average product,2024-12-31
7666,323,327,5,Excellent product,2025-01-19
7667,340,338,5,Excellent product,2025-02-07
7668,357,349,4,Good product,2025-02-26
7669,374,360,5,Excellent product,2025-03-17
7670,391,371,2,Product quality could be better,2025-04-05
7671,408,382,4,Good product,2025-04-24
7672,425,393,3,Average product,2025-05-13
7673,442,404,5,Excellent product,2025-06-01
7674,459,415,4,Good product,2025-06-20
7675,476,426,5,Excellent product,2025-07-09
7676,493,437,5,Excellent product,2025-07-28
7677,510,448,4,Good product,2025-08-16
7678,527,459,5,Excellent product,2025-09-04
7679,544,470,3,Average product,2025-09-23
7680,561,481,1,Very poor experience,2025-10-12
7681,578,492,5,Excellent product,2025-10-31
7682,595,3,5,Excellent product,2025-11-19
7683,612,14,4,Good product,2025-12-08
7684,629,25,5,Excellent product,2025-12-27
7685,646,36,5,Excellent product,2022-01-16
7686,663,47,3,Average product,2022-02-04
7687,680,58,5,Excellent product,2022-02-23
7688,697,69,5,Excellent product,2022-03-14
7689,714,80,4,Good product,2022-04-02
7690,731,91,2,Product quality could be better,2022-04-21
7691,748,102,5,Excellent product,2022-05-10
7692,765,113,4,Good product,2022-05-29
7693,782,124,3,Average product,2022-06-17
7694,799,135,5,Excellent product,2022-07-06
7695,816,146,4,Good product,2022-07-25
7696,833,157,5,Excellent product,2022-08-13
7697,850,168,5,Excellent product,2022-09-01
7698,867,179,4,Good product,2022-09-20
7699,884,190,5,Excellent product,2022-10-09
7700,901,201,1,Very poor experience,2022-10-28
7701,918,212,4,Good product,2022-11-16
7702,935,223,5,Excellent product,2022-12-05
7703,952,234,5,Excellent product,2022-12-24
7704,969,245,4,Good product,2023-01-12
7705,986,256,5,Excellent product,2023-01-31
7706,1003,267,5,Excellent product,2023-02-19
7707,1020,278,3,Average product,2023-03-10
7708,1037,289,5,Excellent product,2023-03-29
7709,1054,300,5,Excellent product,2023-04-17
7710,1071,311,2,Product quality could be better,2023-05-06
7711,1088,322,5,Excellent product,2023-05-25
7712,1105,333,5,Excellent product,2023-06-13
7713,1122,344,4,Good product,2023-07-02
7714,1139,355,3,Average product,2023-07-21
7715,1156,366,5,Excellent product,2023-08-09
7716,1173,377,4,Good product,2023-08-28
7717,1190,388,5,Excellent product,2023-09-16
7718,1207,399,5,Excellent product,2023-10-05
7719,1224,410,4,Good product,2023-10-24
7720,1241,421,1,Very poor experience,2023-11-12
7721,1258,432,3,Average product,2023-12-01
7722,1275,443,4,Good product,2023-12-20
7723,1292,454,5,Excellent product,2024-01-08
7724,1309,465,5,Excellent product,2024-01-27
7725,1326,476,4,Good product,2024-02-15
7726,1343,487,5,Excellent product,2024-03-05
7727,1360,498,5,Excellent product,2024-03-24
7728,1377,9,3,Average product,2024-04-12
7729,1394,20,5,Excellent product,2024-05-01
7730,1411,31,2,Product quality could be better,2024-05-20
7731,1428,42,4,Good product,2024-06-08
7732,1445,53,5,Excellent product,2024-06-27
7733,1462,64,5,Excellent product,2024-07-16
7734,1479,75,4,Good product,2024-08-04
7735,1496,86,3,Average product,2024-08-23
7736,1513,97,5,Excellent product,2024-09-11
7737,1530,108,4,Good product,2024-09-30
7738,1547,119,5,Excellent product,2024-10-19
7739,1564,130,5,Excellent product,2024-11-07
7740,1581,141,1,Very poor experience,2024-11-26
7741,1598,152,5,Excellent product,2024-12-15
7742,1615,163,3,Average product,2025-01-03
7743,1632,174,4,Good product,2025-01-22
7744,1649,185,5,Excellent product,2025-02-10
7745,1666,196,5,Excellent product,2025-03-01
7746,1683,207,4,Good product,2025-03-20
7747,1700,218,5,Excellent product,2025-04-08
7748,1717,229,5,Excellent product,2025-04-27
7749,1734,240,3,Average product,2025-05-16
7750,1751,251,2,Product quality could be better,2025-06-04
7751,1768,262,5,Excellent product,2025-06-23
7752,1785,273,4,Good product,2025-07-12
7753,1802,284,5,Excellent product,2025-07-31
7754,1819,295,5,Excellent product,2025-08-19
7755,1836,306,4,Good product,2025-09-07
7756,1853,317,3,Average product,2025-09-26
7757,1870,328,5,Excellent product,2025-10-15
7758,1887,339,4,Good product,2025-11-03
7759,1904,350,5,Excellent product,2025-11-22
7760,1921,361,1,Very poor experience,2025-12-11
7761,1938,372,4,Good product,2025-12-30
7762,1955,383,5,Excellent product,2022-01-19
7763,1972,394,3,Average product,2022-02-07
7764,1989,405,4,Good product,2022-02-26
7765,6,416,5,Excellent product,2022-03-17
7766,23,427,5,Excellent product,2022-04-05
7767,40,438,4,Good product,2022-04-24
7768,57,449,5,Excellent product,2022-05-13
7769,74,460,5,Excellent product,2022-06-01
7770,91,471,2,Product quality could be better,2022-06-20
7771,108,482,5,Excellent product,2022-07-09
7772,125,493,5,Excellent product,2022-07-28
7773,142,4,4,Good product,2022-08-16
7774,159,15,5,Excellent product,2022-09-04
7775,176,26,5,Excellent product,2022-09-23
7776,193,37,4,Good product,2022-10-12
7777,210,48,3,Average product,2022-10-31
7778,227,59,5,Excellent product,2022-11-19
7779,244,70,4,Good product,2022-12-08
7780,261,81,1,Very poor experience,2022-12-27
7781,278,92,5,Excellent product,2023-01-15
7782,295,103,4,Good product,2023-02-03
7783,312,114,5,Excellent product,2023-02-22
7784,329,125,3,Average product,2023-03-13
7785,346,136,4,Good product,2023-04-01
7786,363,147,5,Excellent product,2023-04-20
7787,380,158,5,Excellent product,2023-05-09
7788,397,169,4,Good product,2023-05-28
7789,414,180,5,Excellent product,2023-06-16
7790,431,191,2,Product quality could be better,2023-07-05
7791,448,202,3,Average product,2023-07-24
7792,465,213,5,Excellent product,2023-08-12
7793,482,224,5,Excellent product,2023-08-31
7794,499,235,4,Good product,2023-09-19
7795,516,246,5,Excellent product,2023-10-08
7796,533,257,5,Excellent product,2023-10-27
7797,550,268,4,Good product,2023-11-15
7798,567,279,3,Average product,2023-12-04
7799,584,290,5,Excellent product,2023-12-23
7800,601,301,1,Very poor experience,2024-01-11
7801,618,312,5,Excellent product,2024-01-30
7802,635,323,5,Excellent product,2024-02-18
7803,652,334,4,Good product,2024-03-08
7804,669,345,5,Excellent product,2024-03-27
7805,686,356,3,Average product,2024-04-15
7806,703,367,4,Good product,2024-05-04
7807,720,378,5,Excellent product,2024-05-23
7808,737,389,5,Excellent product,2024-06-11
7809,754,400,4,Good product,2024-06-30
7810,771,411,2,Product quality could be better,2024-07-19
7811,788,422,5,Excellent product,2024-08-07
7812,805,433,3,Average product,2024-08-26
7813,822,444,5,Excellent product,2024-09-14
7814,839,455,5,Excellent product,2024-10-03
7815,856,466,4,Good product,2024-10-22
7816,873,477,5,Excellent product,2024-11-10
7817,890,488,5,Excellent product,2024-11-29
7818,907,499,4,Good product,2024-12-18
7819,924,10,3,Average product,2025-01-06
7820,941,21,1,Very poor experience,2025-01-25
7821,958,32,4,Good product,2025-02-13
7822,975,43,5,Excellent product,2025-03-04
7823,992,54,5,Excellent product,2025-03-23
7824,1009,65,4,Good product,2025-04-11
7825,1026,76,5,Excellent product,2025-04-30
7826,1043,87,3,Average product,2025-05-19
7827,1060,98,4,Good product,2025-06-07
7828,1077,109,5,Excellent product,2025-06-26
7829,1094,120,5,Excellent product,2025-07-15
7830,1111,131,2,Product quality could be better,2025-08-03
7831,1128,142,5,Excellent product,2025-08-22
7832,1145,153,5,Excellent product,2025-09-10
7833,1162,164,3,Average product,2025-09-29
7834,1179,175,5,Excellent product,2025-10-18
7835,1196,186,5,Excellent product,2025-11-06
7836,1213,197,4,Good product,2025-11-25
7837,1230,208,5,Excellent product,2025-12-14
7838,1247,219,5,Excellent product,2022-01-03
7839,1264,230,4,Good product,2022-01-22
7840,1281,241,1,Very poor experience,2022-02-10
7841,1298,252,5,Excellent product,2022-03-01
7842,1315,263,4,Good product,2022-03-20
7843,1332,274,5,Excellent product,2022-04-08
7844,1349,285,5,Excellent product,2022-04-27
7845,1366,296,4,Good product,2022-05-16
7846,1383,307,5,Excellent product,2022-06-04
7847,1400,318,3,Average product,2022-06-23
7848,1417,329,4,Good product,2022-07-12
7849,1434,340,5,Excellent product,2022-07-31
7850,1451,351,2,Product quality could be better,2022-08-19
7851,1468,362,4,Good product,2022-09-07
7852,1485,373,5,Excellent product,2022-09-26
7853,1502,384,5,Excellent product,2022-10-15
7854,1519,395,3,Average product,2022-11-03
7855,1536,406,5,Excellent product,2022-11-22
7856,1553,417,5,Excellent product,2022-12-11
7857,1570,428,4,Good product,2022-12-30
7858,1587,439,5,Excellent product,2023-01-18
7859,1604,450,5,Excellent product,2023-02-06
7860,1621,461,1,Very poor experience,2023-02-25
7861,1638,472,3,Average product,2023-03-16
7862,1655,483,5,Excellent product,2023-04-04
7863,1672,494,4,Good product,2023-04-23
7864,1689,5,5,Excellent product,2023-05-12
7865,1706,16,5,Excellent product,2023-05-31
7866,1723,27,4,Good product,2023-06-19
7867,1740,38,5,Excellent product,2023-07-08
7868,1757,49,3,Average product,2023-07-27
7869,1774,60,4,Good product,2023-08-15
7870,1791,71,2,Product quality could be better,2023-09-03
7871,1808,82,5,Excellent product,2023-09-22
7872,1825,93,4,Good product,2023-10-11
7873,1842,104,5,Excellent product,2023-10-30
7874,1859,115,5,Excellent product,2023-11-18
7875,1876,126,3,Average product,2023-12-07
7876,1893,137,5,Excellent product,2023-12-26
7877,1910,148,5,Excellent product,2024-01-14
7878,1927,159,4,Good product,2024-02-02
7879,1944,170,5,Excellent product,2024-02-21
7880,1961,181,1,Very poor experience,2024-03-11
7881,1978,192,4,Good product,2024-03-30
7882,1995,203,3,Average product,2024-04-18
7883,12,214,5,Excellent product,2024-05-07
7884,29,225,4,Good product,2024-05-26
7885,46,236,5,Excellent product,2024-06-14
7886,63,247,5,Excellent product,2024-07-03
7887,80,258,4,Good product,2024-07-22
7888,97,269,5,Excellent product,2024-08-10
7889,114,280,3,Average product,2024-08-29
7890,131,291,2,Product quality could be better,2024-09-17
7891,148,302,5,Excellent product,2024-10-06
7892,165,313,5,Excellent product,2024-10-25
7893,182,324,4,Good product,2024-11-13
7894,199,335,5,Excellent product,2024-12-02
7895,216,346,5,Excellent product,2024-12-21
7896,233,357,3,Average product,2025-01-09
7897,250,368,5,Excellent product,2025-01-28
7898,267,379,5,Excellent product,2025-02-16
7899,284,390,4,Good product,2025-03-07
7900,301,401,1,Very poor experience,2025-03-26
7901,318,412,5,Excellent product,2025-04-14
7902,335,423,4,Good product,2025-05-03
7903,352,434,3,Average product,2025-05-22
7904,369,445,5,Excellent product,2025-06-10
7905,386,456,4,Good product,2025-06-29
7906,403,467,5,Excellent product,2025-07-18
7907,420,478,5,Excellent product,2025-08-06
7908,437,489,4,Good product,2025-08-25
7909,454,500,5,Excellent product,2025-09-13
7910,471,11,2,Product quality could be better,2025-10-02
7911,488,22,4,Good product,2025-10-21
7912,505,33,5,Excellent product,2025-11-09
7913,522,44,5,Excellent product,2025-11-28
7914,539,55,4,Good product,2025-12-17
7915,556,66,5,Excellent product,2022-01-06
7916,573,77,5,Excellent product,2022-01-25
7917,590,88,3,Average product,2022-02-13
7918,607,99,5,Excellent product,2022-03-04
7919,624,110,5,Excellent product,2022-03-23
7920,641,121,1,Very poor experience,2022-04-11
7921,658,132,5,Excellent product,2022-04-30
7922,675,143,5,Excellent product,2022-05-19
7923,692,154,4,Good product,2022-06-07
7924,709,165,3,Average product,2022-06-26
7925,726,176,5,Excellent product,2022-07-15
7926,743,187,4,Good product,2022-08-03
7927,760,198,5,Excellent product,2022-08-22
7928,777,209,5,Excellent product,2022-09-10
7929,794,220,4,Good product,2022-09-29
7930,811,231,2,Product quality could be better,2022-10-18
7931,828,242,3,Average product,2022-11-06
7932,845,253,4,Good product,2022-11-25
7933,862,264,5,Excellent product,2022-12-14
7934,879,275,5,Excellent product,2023-01-02
7935,896,286,4,Good product,2023-01-21
7936,913,297,5,Excellent product,2023-02-09
7937,930,308,5,Excellent product,2023-02-28
7938,947,319,3,Average product,2023-03-19
7939,964,330,5,Excellent product,2023-04-07
7940,981,341,1,Very poor experience,2023-04-26
7941,998,352,4,Good product,2023-05-15
7942,1015,363,5,Excellent product,2023-06-03
7943,1032,374,5,Excellent product,2023-06-22
7944,1049,385,4,Good product,2023-07-11
7945,1066,396,3,Average product,2023-07-30
7946,1083,407,5,Excellent product,2023-08-18
7947,1100,418,4,Good product,2023-09-06
7948,1117,429,5,Excellent product,2023-09-25
7949,1134,440,5,Excellent product,2023-10-14
7950,1151,451,2,Product quality could be better,2023-11-02
7951,1168,462,5,Excellent product,2023-11-21
7952,1185,473,3,Average product,2023-12-10
7953,1202,484,4,Good product,2023-12-29
7954,1219,495,5,Excellent product,2024-01-17
7955,1236,6,5,Excellent product,2024-02-05
7956,1253,17,4,Good product,2024-02-24
7957,1270,28,5,Excellent product,2024-03-14
7958,1287,39,5,Excellent product,2024-04-02
7959,1304,50,3,Average product,2024-04-21
7960,1321,61,1,Very poor experience,2024-05-10
7961,1338,72,5,Excellent product,2024-05-29
7962,1355,83,4,Good product,2024-06-17
7963,1372,94,5,Excellent product,2024-07-06
7964,1389,105,5,Excellent product,2024-07-25
7965,1406,116,4,Good product,2024-08-13
7966,1423,127,3,Average product,2024-09-01
7967,1440,138,5,Excellent product,2024-09-20
7968,1457,149,4,Good product,2024-10-09
7969,1474,160,5,Excellent product,2024-10-28
7970,1491,171,2,Product quality could be better,2024-11-16
7971,1508,182,4,Good product,2024-12-05
7972,1525,193,5,Excellent product,2024-12-24
7973,1542,204,3,Average product,2025-01-12
7974,1559,215,4,Good product,2025-01-31
7975,1576,226,5,Excellent product,2025-02-19
7976,1593,237,5,Excellent product,2025-03-10
7977,1610,248,4,Good product,2025-03-29
7978,1627,259,5,Excellent product,2025-04-17
7979,1644,270,5,Excellent product,2025-05-06
7980,1661,281,1,Very poor experience,2025-05-25
7981,1678,292,5,Excellent product,2025-06-13
7982,1695,303,5,Excellent product,2025-07-02
7983,1712,314,4,Good product,2025-07-21
7984,1729,325,5,Excellent product,2025-08-09
7985,1746,336,5,Excellent product,2025-08-28
7986,1763,347,4,Good product,2025-09-16
7987,1780,358,3,Average product,2025-10-05
7988,1797,369,5,Excellent product,2025-10-24
7989,1814,380,4,Good product,2025-11-12
7990,1831,391,2,Product quality could be better,2025-12-01
7991,1848,402,5,Excellent product,2025-12-20
7992,1865,413,4,Good product,2022-01-09
7993,1882,424,5,Excellent product,2022-01-28
7994,1899,435,3,Average product,2022-02-16
7995,1916,446,4,Good product,2022-03-07
7996,1933,457,5,Excellent product,2022-03-26
7997,1950,468,5,Excellent product,2022-04-14
7998,1967,479,4,Good product,2022-05-03
7999,1984,490,5,Excellent product,2022-05-22
8000,1,1,1,Very poor experience,2022-06-10
8001,18,12,3,Average product,2022-06-29
8002,35,23,5,Excellent product,2022-07-18
8003,52,34,5,Excellent product,2022-08-06
8004,69,45,4,Good product,2022-08-25
8005,86,56,5,Excellent product,2022-09-13
8006,103,67,5,Excellent product,2022-10-02
8007,120,78,4,Good product,2022-10-21
8008,137,89,3,Average product,2022-11-09
8009,154,100,5,Excellent product,2022-11-28
8010,171,111,2,Product quality could be better,2022-12-17
8011,188,122,5,Excellent product,2023-01-05
8012,205,133,5,Excellent product,2023-01-24
8013,222,144,4,Good product,2023-02-12
8014,239,155,5,Excellent product,2023-03-03
8015,256,166,3,Average product,2023-03-22
8016,273,177,4,Good product,2023-04-10
8017,290,188,5,Excellent product,2023-04-29
8018,307,199,5,Excellent product,2023-05-18
8019,324,210,4,Good product,2023-06-06
8020,341,221,1,Very poor experience,2023-06-25
8021,358,232,5,Excellent product,2023-07-14
8022,375,243,3,Average product,2023-08-02
8023,392,254,5,Excellent product,2023-08-21
8024,409,265,5,Excellent product,2023-09-09
8025,426,276,4,Good product,2023-09-28
8026,443,287,5,Excellent product,2023-10-17
8027,460,298,5,Excellent product,2023-11-05
8028,477,309,4,Good product,2023-11-24
8029,494,320,3,Average product,2023-12-13
8030,511,331,2,Product quality could be better,2024-01-01
8031,528,342,4,Good product,2024-01-20
8032,545,353,5,Excellent product,2024-02-08
8033,562,364,5,Excellent product,2024-02-27
8034,579,375,4,Good product,2024-03-17
8035,596,386,5,Excellent product,2024-04-05
8036,613,397,3,Average product,2024-04-24
8037,630,408,4,Good product,2024-05-13
8038,647,419,5,Excellent product,2024-06-01
8039,664,430,5,Excellent product,2024-06-20
8040,681,441,1,Very poor experience,2024-07-09
8041,698,452,5,Excellent product,2024-07-28
8042,715,463,5,Excellent product,2024-08-16
8043,732,474,3,Average product,2024-09-04
8044,749,485,5,Excellent product,2024-09-23
8045,766,496,5,Excellent product,2024-10-12
8046,783,7,4,Good product,2024-10-31
8047,800,18,5,Excellent product,2024-11-19
8048,817,29,5,Excellent product,2024-12-08
8049,834,40,4,Good product,2024-12-27
8050,851,51,2,Product quality could be better,2025-01-15
8051,868,62,5,Excellent product,2025-02-03
8052,885,73,4,Good product,2025-02-22
8053,902,84,5,Excellent product,2025-03-13
8054,919,95,5,Excellent product,2025-04-01
8055,936,106,4,Good product,2025-04-20
8056,953,117,5,Excellent product,2025-05-09
8057,970,128,3,Average product,2025-05-28
8058,987,139,4,Good product,2025-06-16
8059,1004,150,5,Excellent product,2025-07-05
8060,1021,161,1,Very poor experience,2025-07-24
8061,1038,172,4,Good product,2025-08-12
8062,1055,183,5,Excellent product,2025-08-31
8063,1072,194,5,Excellent product,2025-09-19
8064,1089,205,3,Average product,2025-10-08
8065,1106,216,5,Excellent product,2025-10-27
8066,1123,227,5,Excellent product,2025-11-15
8067,1140,238,4,Good product,2025-12-04
8068,1157,249,5,Excellent product,2025-12-23
8069,1174,260,5,Excellent product,2022-01-12
8070,1191,271,2,Product quality could be better,2022-01-31
8071,1208,282,3,Average product,2022-02-19
8072,1225,293,5,Excellent product,2022-03-10
8073,1242,304,4,Good product,2022-03-29
8074,1259,315,5,Excellent product,2022-04-17
8075,1276,326,5,Excellent product,2022-05-06
8076,1293,337,4,Good product,2022-05-25
8077,1310,348,5,Excellent product,2022-06-13
8078,1327,359,3,Average product,2022-07-02
8079,1344,370,4,Good product,2022-07-21
8080,1361,381,1,Very poor experience,2022-08-09
8081,1378,392,5,Excellent product,2022-08-28
8082,1395,403,4,Good product,2022-09-16
8083,1412,414,5,Excellent product,2022-10-05
8084,1429,425,5,Excellent product,2022-10-24
8085,1446,436,3,Average product,2022-11-12
8086,1463,447,5,Excellent product,2022-12-01
8087,1480,458,5,Excellent product,2022-12-20
8088,1497,469,4,Good product,2023-01-08
8089,1514,480,5,Excellent product,2023-01-27
8090,1531,491,2,Product quality could be better,2023-02-15
8091,1548,2,4,Good product,2023-03-06
8092,1565,13,3,Average product,2023-03-25
8093,1582,24,5,Excellent product,2023-04-13
8094,1599,35,4,Good product,2023-05-02
8095,1616,46,5,Excellent product,2023-05-21
8096,1633,57,5,Excellent product,2023-06-09
8097,1650,68,4,Good product,2023-06-28
8098,1667,79,5,Excellent product,2023-07-17
8099,1684,90,3,Average product,2023-08-05
8100,1701,101,1,Very poor experience,2023-08-24
8101,1718,112,5,Excellent product,2023-09-12
8102,1735,123,5,Excellent product,2023-10-01
8103,1752,134,4,Good product,2023-10-20
8104,1769,145,5,Excellent product,2023-11-08
8105,1786,156,5,Excellent product,2023-11-27
8106,1803,167,3,Average product,2023-12-16
8107,1820,178,5,Excellent product,2024-01-04
8108,1837,189,5,Excellent product,2024-01-23
8109,1854,200,4,Good product,2024-02-11
8110,1871,211,2,Product quality could be better,2024-03-01
8111,1888,222,5,Excellent product,2024-03-20
8112,1905,233,4,Good product,2024-04-08
8113,1922,244,3,Average product,2024-04-27
8114,1939,255,5,Excellent product,2024-05-16
8115,1956,266,4,Good product,2024-06-04
8116,1973,277,5,Excellent product,2024-06-23
8117,1990,288,5,Excellent product,2024-07-12
8118,7,299,4,Good product,2024-07-31
8119,24,310,5,Excellent product,2024-08-19
8120,41,321,1,Very poor experience,2024-09-07
8121,58,332,4,Good product,2024-09-26
8122,75,343,5,Excellent product,2024-10-15
8123,92,354,5,Excellent product,2024-11-03
8124,109,365,4,Good product,2024-11-22
8125,126,376,5,Excellent product,2024-12-11
8126,143,387,5,Excellent product,2024-12-30
8127,160,398,3,Average product,2025-01-18
8128,177,409,5,Excellent product,2025-02-06
8129,194,420,5,Excellent product,2025-02-25
8130,211,431,2,Product quality could be better,2025-03-16
8131,228,442,5,Excellent product,2025-04-04
8132,245,453,5,Excellent product,2025-04-23
8133,262,464,4,Good product,2025-05-12
8134,279,475,3,Average product,2025-05-31
8135,296,486,5,Excellent product,2025-06-19
8136,313,497,4,Good product,2025-07-08
8137,330,8,5,Excellent product,2025-07-27
8138,347,19,5,Excellent product,2025-08-15
8139,364,30,4,Good product,2025-09-03
8140,381,41,1,Very poor experience,2025-09-22
8141,398,52,3,Average product,2025-10-11
8142,415,63,4,Good product,2025-10-30
8143,432,74,5,Excellent product,2025-11-18
8144,449,85,5,Excellent product,2025-12-07
8145,466,96,4,Good product,2025-12-26
8146,483,107,5,Excellent product,2022-01-15
8147,500,118,5,Excellent product,2022-02-03
8148,517,129,3,Average product,2022-02-22
8149,534,140,5,Excellent product,2022-03-13
8150,551,151,2,Product quality could be better,2022-04-01
8151,568,162,4,Good product,2022-04-20
8152,585,173,5,Excellent product,2022-05-09
8153,602,184,5,Excellent product,2022-05-28
8154,619,195,4,Good product,2022-06-16
8155,636,206,3,Average product,2022-07-05
8156,653,217,5,Excellent product,2022-07-24
8157,670,228,4,Good product,2022-08-12
8158,687,239,5,Excellent product,2022-08-31
8159,704,250,5,Excellent product,2022-09-19
8160,721,261,1,Very poor experience,2022-10-08
8161,738,272,5,Excellent product,2022-10-27
8162,755,283,3,Average product,2022-11-15
8163,772,294,4,Good product,2022-12-04
8164,789,305,5,Excellent product,2022-12-23
8165,806,316,5,Excellent product,2023-01-11
8166,823,327,4,Good product,2023-01-30
8167,840,338,5,Excellent product,2023-02-18
8168,857,349,5,Excellent product,2023-03-09
8169,874,360,3,Average product,2023-03-28
8170,891,371,2,Product quality could be better,2023-04-16
8171,908,382,5,Excellent product,2023-05-05
8172,925,393,4,Good product,2023-05-24
8173,942,404,5,Excellent product,2023-06-12
8174,959,415,5,Excellent product,2023-07-01
8175,976,426,4,Good product,2023-07-20
8176,993,437,3,Average product,2023-08-08
8177,1010,448,5,Excellent product,2023-08-27
8178,1027,459,4,Good product,2023-09-15
8179,1044,470,5,Excellent product,2023-10-04
8180,1061,481,1,Very poor experience,2023-10-23
8181,1078,492,4,Good product,2023-11-11
8182,1095,3,5,Excellent product,2023-11-30
8183,1112,14,3,Average product,2023-12-19
8184,1129,25,4,Good product,2024-01-07
8185,1146,36,5,Excellent product,2024-01-26
8186,1163,47,5,Excellent product,2024-02-14
8187,1180,58,4,Good product,2024-03-04
8188,1197,69,5,Excellent product,2024-03-23
8189,1214,80,5,Excellent product,2024-04-11
8190,1231,91,2,Product quality could be better,2024-04-30
8191,1248,102,5,Excellent product,2024-05-19
8192,1265,113,5,Excellent product,2024-06-07
8193,1282,124,4,Good product,2024-06-26
8194,1299,135,5,Excellent product,2024-07-15
8195,1316,146,5,Excellent product,2024-08-03
8196,1333,157,4,Good product,2024-08-22
8197,1350,168,3,Average product,2024-09-10
8198,1367,179,5,Excellent product,2024-09-29
8199,1384,190,4,Good product,2024-10-18
8200,1401,201,1,Very poor experience,2024-11-06
8201,1418,212,5,Excellent product,2024-11-25
8202,1435,223,4,Good product,2024-12-14
8203,1452,234,5,Excellent product,2025-01-02
8204,1469,245,3,Average product,2025-01-21
8205,1486,256,4,Good product,2025-02-09
8206,1503,267,5,Excellent product,2025-02-28
8207,1520,278,5,Excellent product,2025-03-19
8208,1537,289,4,Good product,2025-04-07
8209,1554,300,5,Excellent product,2025-04-26
8210,1571,311,2,Product quality could be better,2025-05-15
8211,1588,322,3,Average product,2025-06-03
8212,1605,333,5,Excellent product,2025-06-22
8213,1622,344,5,Excellent product,2025-07-11
8214,1639,355,4,Good product,2025-07-30
8215,1656,366,5,Excellent product,2025-08-18
8216,1673,377,5,Excellent product,2025-09-06
8217,1690,388,4,Good product,2025-09-25
8218,1707,399,3,Average product,2025-10-14
8219,1724,410,5,Excellent product,2025-11-02
8220,1741,421,1,Very poor experience,2025-11-21
8221,1758,432,5,Excellent product,2025-12-10
8222,1775,443,5,Excellent product,2025-12-29
8223,1792,454,4,Good product,2022-01-18
8224,1809,465,5,Excellent product,2022-02-06
8225,1826,476,3,Average product,2022-02-25
8226,1843,487,4,Good product,2022-03-16
8227,1860,498,5,Excellent product,2022-04-04
8228,1877,9,5,Excellent product,2022-04-23
8229,1894,20,4,Good product,2022-05-12
8230,1911,31,2,Product quality could be better,2022-05-31
8231,1928,42,5,Excellent product,2022-06-19
8232,1945,53,3,Average product,2022-07-08
8233,1962,64,5,Excellent product,2022-07-27
8234,1979,75,5,Excellent product,2022-08-15
8235,1996,86,4,Good product,2022-09-03
8236,13,97,5,Excellent product,2022-09-22
8237,30,108,5,Excellent product,2022-10-11
8238,47,119,4,Good product,2022-10-30
8239,64,130,3,Average product,2022-11-18
8240,81,141,1,Very poor experience,2022-12-07
8241,98,152,4,Good product,2022-12-26
8242,115,163,5,Excellent product,2023-01-14
8243,132,174,5,Excellent product,2023-02-02
8244,149,185,4,Good product,2023-02-21
8245,166,196,5,Excellent product,2023-03-12
8246,183,207,3,Average product,2023-03-31
8247,200,218,4,Good product,2023-04-19
8248,217,229,5,Excellent product,2023-05-08
8249,234,240,5,Excellent product,2023-05-27
8250,251,251,2,Product quality could be better,2023-06-15
8251,268,262,5,Excellent product,2023-07-04
8252,285,273,5,Excellent product,2023-07-23
8253,302,284,3,Average product,2023-08-11
8254,319,295,5,Excellent product,2023-08-30
8255,336,306,5,Excellent product,2023-09-18
8256,353,317,4,Good product,2023-10-07
8257,370,328,5,Excellent product,2023-10-26
8258,387,339,5,Excellent product,2023-11-14
8259,404,350,4,Good product,2023-12-03
8260,421,361,1,Very poor experience,2023-12-22
8261,438,372,5,Excellent product,2024-01-10
8262,455,383,4,Good product,2024-01-29
8263,472,394,5,Excellent product,2024-02-17
8264,489,405,5,Excellent product,2024-03-07
8265,506,416,4,Good product,2024-03-26
8266,523,427,5,Excellent product,2024-04-14
8267,540,438,3,Average product,2024-05-03
8268,557,449,4,Good product,2024-05-22
8269,574,460,5,Excellent product,2024-06-10
8270,591,471,2,Product quality could be better,2024-06-29
8271,608,482,4,Good product,2024-07-18
8272,625,493,5,Excellent product,2024-08-06
8273,642,4,5,Excellent product,2024-08-25
8274,659,15,3,Average product,2024-09-13
8275,676,26,5,Excellent product,2024-10-02
8276,693,37,5,Excellent product,2024-10-21
8277,710,48,4,Good product,2024-11-09
8278,727,59,5,Excellent product,2024-11-28
8279,744,70,5,Excellent product,2024-12-17
8280,761,81,1,Very poor experience,2025-01-05
8281,778,92,3,Average product,2025-01-24
8282,795,103,5,Excellent product,2025-02-12
8283,812,114,4,Good product,2025-03-03
8284,829,125,5,Excellent product,2025-03-22
8285,846,136,5,Excellent product,2025-04-10
8286,863,147,4,Good product,2025-04-29
8287,880,158,5,Excellent product,2025-05-18
8288,897,169,3,Average product,2025-06-06
8289,914,180,4,Good product,2025-06-25
8290,931,191,2,Product quality could be better,2025-07-14
8291,948,202,5,Excellent product,2025-08-02
8292,965,213,4,Good product,2025-08-21
8293,982,224,5,Excellent product,2025-09-09
8294,999,235,5,Excellent product,2025-09-28
8295,1016,246,3,Average product,2025-10-17
8296,1033,257,5,Excellent product,2025-11-05
8297,1050,268,5,Excellent product,2025-11-24
8298,1067,279,4,Good product,2025-12-13
8299,1084,290,5,Excellent product,2022-01-02
8300,1101,301,1,Very poor experience,2022-01-21
8301,1118,312,4,Good product,2022-02-09
8302,1135,323,3,Average product,2022-02-28
8303,1152,334,5,Excellent product,2022-03-19
8304,1169,345,4,Good product,2022-04-07
8305,1186,356,5,Excellent product,2022-04-26
8306,1203,367,5,Excellent product,2022-05-15
8307,1220,378,4,Good product,2022-06-03
8308,1237,389,5,Excellent product,2022-06-22
8309,1254,400,3,Average product,2022-07-11
8310,1271,411,2,Product quality could be better,2022-07-30
8311,1288,422,5,Excellent product,2022-08-18
8312,1305,433,5,Excellent product,2022-09-06
8313,1322,444,4,Good product,2022-09-25
8314,1339,455,5,Excellent product,2022-10-14
8315,1356,466,5,Excellent product,2022-11-02
8316,1373,477,3,Average product,2022-11-21
8317,1390,488,5,Excellent product,2022-12-10
8318,1407,499,5,Excellent product,2022-12-29
8319,1424,10,4,Good product,2023-01-17
8320,1441,21,1,Very poor experience,2023-02-05
8321,1458,32,5,Excellent product,2023-02-24
8322,1475,43,4,Good product,2023-03-15
8323,1492,54,3,Average product,2023-04-03
8324,1509,65,5,Excellent product,2023-04-22
8325,1526,76,4,Good product,2023-05-11
8326,1543,87,5,Excellent product,2023-05-30
8327,1560,98,5,Excellent product,2023-06-18
8328,1577,109,4,Good product,2023-07-07
8329,1594,120,5,Excellent product,2023-07-26
8330,1611,131,2,Product quality could be better,2023-08-14
8331,1628,142,4,Good product,2023-09-02
8332,1645,153,5,Excellent product,2023-09-21
8333,1662,164,5,Excellent product,2023-10-10
8334,1679,175,4,Good product,2023-10-29
8335,1696,186,5,Excellent product,2023-11-17
8336,1713,197,5,Excellent product,2023-12-06
8337,1730,208,3,Average product,2023-12-25
8338,1747,219,5,Excellent product,2024-01-13
8339,1764,230,5,Excellent product,2024-02-01
8340,1781,241,1,Very poor experience,2024-02-20
8341,1798,252,5,Excellent product,2024-03-10
8342,1815,263,5,Excellent product,2024-03-29
8343,1832,274,4,Good product,2024-04-17
8344,1849,285,3,Average product,2024-05-06
8345,1866,296,5,Excellent product,2024-05-25
8346,1883,307,4,Good product,2024-06-13
8347,1900,318,5,Excellent product,2024-07-02
8348,1917,329,5,Excellent product,2024-07-21
8349,1934,340,4,Good product,2024-08-09
8350,1951,351,2,Product quality could be better,2024-08-28
8351,1968,362,3,Average product,2024-09-16
8352,1985,373,4,Good product,2024-10-05
8353,2,384,5,Excellent product,2024-10-24
8354,19,395,5,Excellent product,2024-11-12
8355,36,406,4,Good product,2024-12-01
8356,53,417,5,Excellent product,2024-12-20
8357,70,428,5,Excellent product,2025-01-08
8358,87,439,3,Average product,2025-01-27
8359,104,450,5,Excellent product,2025-02-15
8360,121,461,1,Very poor experience,2025-03-06
8361,138,472,4,Good product,2025-03-25
8362,155,483,5,Excellent product,2025-04-13
8363,172,494,5,Excellent product,2025-05-02
8364,189,5,4,Good product,2025-05-21
8365,206,16,3,Average product,2025-06-09
8366,223,27,5,Excellent product,2025-06-28
8367,240,38,4,Good product,2025-07-17
8368,257,49,5,Excellent product,2025-08-05
8369,274,60,5,Excellent product,2025-08-24
8370,291,71,2,Product quality could be better,2025-09-12
8371,308,82,5,Excellent product,2025-10-01
8372,325,93,3,Average product,2025-10-20
8373,342,104,4,Good product,2025-11-08
8374,359,115,5,Excellent product,2025-11-27
8375,376,126,5,Excellent product,2025-12-16
8376,393,137,4,Good product,2022-01-05
8377,410,148,5,Excellent product,2022-01-24
8378,427,159,5,Excellent product,2022-02-12
8379,444,170,3,Average product,2022-03-03
8380,461,181,1,Very poor experience,2022-03-22
8381,478,192,5,Excellent product,2022-04-10
8382,495,203,4,Good product,2022-04-29
8383,512,214,5,Excellent product,2022-05-18
8384,529,225,5,Excellent product,2022-06-06
8385,546,236,4,Good product,2022-06-25
8386,563,247,3,Average product,2022-07-14
8387,580,258,5,Excellent product,2022-08-02
8388,597,269,4,Good product,2022-08-21
8389,614,280,5,Excellent product,2022-09-09
8390,631,291,2,Product quality could be better,2022-09-28
8391,648,302,4,Good product,2022-10-17
8392,665,313,5,Excellent product,2022-11-05
8393,682,324,3,Average product,2022-11-24
8394,699,335,4,Good product,2022-12-13
8395,716,346,5,Excellent product,2023-01-01
8396,733,357,5,Excellent product,2023-01-20
8397,750,368,4,Good product,2023-02-08
8398,767,379,5,Excellent product,2023-02-27
8399,784,390,5,Excellent product,2023-03-18
8400,801,401,1,Very poor experience,2023-04-06
8401,818,412,5,Excellent product,2023-04-25
8402,835,423,5,Excellent product,2023-05-14
8403,852,434,4,Good product,2023-06-02
8404,869,445,5,Excellent product,2023-06-21
8405,886,456,5,Excellent product,2023-07-10
8406,903,467,4,Good product,2023-07-29
8407,920,478,3,Average product,2023-08-17
8408,937,489,5,Excellent product,2023-09-05
8409,954,500,4,Good product,2023-09-24
8410,971,11,2,Product quality could be better,2023-10-13
8411,988,22,5,Excellent product,2023-11-01
8412,1005,33,4,Good product,2023-11-20
8413,1022,44,5,Excellent product,2023-12-09
8414,1039,55,3,Average product,2023-12-28
8415,1056,66,4,Good product,2024-01-16
8416,1073,77,5,Excellent product,2024-02-04
8417,1090,88,5,Excellent product,2024-02-23
8418,1107,99,4,Good product,2024-03-13
8419,1124,110,5,Excellent product,2024-04-01
8420,1141,121,1,Very poor experience,2024-04-20
8421,1158,132,3,Average product,2024-05-09
8422,1175,143,5,Excellent product,2024-05-28
8423,1192,154,5,Excellent product,2024-06-16
8424,1209,165,4,Good product,2024-07-05
8425,1226,176,5,Excellent product,2024-07-24
8426,1243,187,5,Excellent product,2024-08-12
8427,1260,198,4,Good product,2024-08-31
8428,1277,209,3,Average product,2024-09-19
8429,1294,220,5,Excellent product,2024-10-08
8430,1311,231,2,Product quality could be better,2024-10-27
8431,1328,242,5,Excellent product,2024-11-15
8432,1345,253,5,Excellent product,2024-12-04
8433,1362,264,4,Good product,2024-12-23
8434,1379,275,5,Excellent product,2025-01-11
8435,1396,286,3,Average product,2025-01-30
8436,1413,297,4,Good product,2025-02-18
8437,1430,308,5,Excellent product,2025-03-09
8438,1447,319,5,Excellent product,2025-03-28
8439,1464,330,4,Good product,2025-04-16
8440,1481,341,1,Very poor experience,2025-05-05
8441,1498,352,5,Excellent product,2025-05-24
8442,1515,363,3,Average product,2025-06-12
8443,1532,374,5,Excellent product,2025-07-01
8444,1549,385,5,Excellent product,2025-07-20
8445,1566,396,4,Good product,2025-08-08
8446,1583,407,5,Excellent product,2025-08-27
8447,1600,418,5,Excellent product,2025-09-15
8448,1617,429,4,Good product,2025-10-04
8449,1634,440,3,Average product,2025-10-23
8450,1651,451,2,Product quality could be better,2025-11-11
8451,1668,462,4,Good product,2025-11-30
8452,1685,473,5,Excellent product,2025-12-19
8453,1702,484,5,Excellent product,2022-01-08
8454,1719,495,4,Good product,2022-01-27
8455,1736,6,5,Excellent product,2022-02-15
8456,1753,17,3,Average product,2022-03-06
8457,1770,28,4,Good product,2022-03-25
8458,1787,39,5,Excellent product,2022-04-13
8459,1804,50,5,Excellent product,2022-05-02
8460,1821,61,1,Very poor experience,2022-05-21
8461,1838,72,5,Excellent product,2022-06-09
8462,1855,83,5,Excellent product,2022-06-28
8463,1872,94,3,Average product,2022-07-17
8464,1889,105,5,Excellent product,2022-08-05
8465,1906,116,5,Excellent product,2022-08-24
8466,1923,127,4,Good product,2022-09-12
8467,1940,138,5,Excellent product,2022-10-01
8468,1957,149,5,Excellent product,2022-10-20
8469,1974,160,4,Good product,2022-11-08
8470,1991,171,2,Product quality could be better,2022-11-27
8471,8,182,5,Excellent product,2022-12-16
8472,25,193,4,Good product,2023-01-04
8473,42,204,5,Excellent product,2023-01-23
8474,59,215,5,Excellent product,2023-02-11
8475,76,226,4,Good product,2023-03-02
8476,93,237,5,Excellent product,2023-03-21
8477,110,248,3,Average product,2023-04-09
8478,127,259,4,Good product,2023-04-28
8479,144,270,5,Excellent product,2023-05-17
8480,161,281,1,Very poor experience,2023-06-05
8481,178,292,4,Good product,2023-06-24
8482,195,303,5,Excellent product,2023-07-13
8483,212,314,5,Excellent product,2023-08-01
8484,229,325,3,Average product,2023-08-20
8485,246,336,5,Excellent product,2023-09-08
8486,263,347,5,Excellent product,2023-09-27
8487,280,358,4,Good product,2023-10-16
8488,297,369,5,Excellent product,2023-11-04
8489,314,380,5,Excellent product,2023-11-23
8490,331,391,2,Product quality could be better,2023-12-12
8491,348,402,3,Average product,2023-12-31
8492,365,413,5,Excellent product,2024-01-19
8493,382,424,4,Good product,2024-02-07
8494,399,435,5,Excellent product,2024-02-26
8495,416,446,5,Excellent product,2024-03-16
8496,433,457,4,Good product,2024-04-04
8497,450,468,5,Excellent product,2024-04-23
8498,467,479,3,Average product,2024-05-12
8499,484,490,4,Good product,2024-05-31
8500,501,1,1,Very poor experience,2024-06-19
8501,518,12,5,Excellent product,2024-07-08
8502,535,23,4,Good product,2024-07-27
8503,552,34,5,Excellent product,2024-08-15
8504,569,45,5,Excellent product,2024-09-03
8505,586,56,3,Average product,2024-09-22
8506,603,67,5,Excellent product,2024-10-11
8507,620,78,5,Excellent product,2024-10-30
8508,637,89,4,Good product,2024-11-18
8509,654,100,5,Excellent product,2024-12-07
8510,671,111,2,Product quality could be better,2024-12-26
8511,688,122,4,Good product,2025-01-14
8512,705,133,3,Average product,2025-02-02
8513,722,144,5,Excellent product,2025-02-21
8514,739,155,4,Good product,2025-03-12
8515,756,166,5,Excellent product,2025-03-31
8516,773,177,5,Excellent product,2025-04-19
8517,790,188,4,Good product,2025-05-08
8518,807,199,5,Excellent product,2025-05-27
8519,824,210,3,Average product,2025-06-15
8520,841,221,1,Very poor experience,2025-07-04
8521,858,232,5,Excellent product,2025-07-23
8522,875,243,5,Excellent product,2025-08-11
8523,892,254,4,Good product,2025-08-30
8524,909,265,5,Excellent product,2025-09-18
8525,926,276,5,Excellent product,2025-10-07
8526,943,287,3,Average product,2025-10-26
8527,960,298,5,Excellent product,2025-11-14
8528,977,309,5,Excellent product,2025-12-03
8529,994,320,4,Good product,2025-12-22
8530,1011,331,2,Product quality could be better,2022-01-11
8531,1028,342,5,Excellent product,2022-01-30
8532,1045,353,4,Good product,2022-02-18
8533,1062,364,3,Average product,2022-03-09
8534,1079,375,5,Excellent product,2022-03-28
8535,1096,386,4,Good product,2022-04-16
8536,1113,397,5,Excellent product,2022-05-05
8537,1130,408,5,Excellent product,2022-05-24
8538,1147,419,4,Good product,2022-06-12
8539,1164,430,5,Excellent product,2022-07-01
8540,1181,441,1,Very poor experience,2022-07-20
8541,1198,452,4,Good product,2022-08-08
8542,1215,463,5,Excellent product,2022-08-27
8543,1232,474,5,Excellent product,2022-09-15
8544,1249,485,4,Good product,2022-10-04
8545,1266,496,5,Excellent product,2022-10-23
8546,1283,7,5,Excellent product,2022-11-11
8547,1300,18,3,Average product,2022-11-30
8548,1317,29,5,Excellent product,2022-12-19
8549,1334,40,5,Excellent product,2023-01-07
8550,1351,51,2,Product quality could be better,2023-01-26
8551,1368,62,5,Excellent product,2023-02-14
8552,1385,73,5,Excellent product,2023-03-05
8553,1402,84,4,Good product,2023-03-24
8554,1419,95,3,Average product,2023-04-12
8555,1436,106,5,Excellent product,2023-05-01
8556,1453,117,4,Good product,2023-05-20
8557,1470,128,5,Excellent product,2023-06-08
8558,1487,139,5,Excellent product,2023-06-27
8559,1504,150,4,Good product,2023-07-16
8560,1521,161,1,Very poor experience,2023-08-04
8561,1538,172,3,Average product,2023-08-23
8562,1555,183,4,Good product,2023-09-11
8563,1572,194,5,Excellent product,2023-09-30
8564,1589,205,5,Excellent product,2023-10-19
8565,1606,216,4,Good product,2023-11-07
8566,1623,227,5,Excellent product,2023-11-26
8567,1640,238,5,Excellent product,2023-12-15
8568,1657,249,3,Average product,2024-01-03
8569,1674,260,5,Excellent product,2024-01-22
8570,1691,271,2,Product quality could be better,2024-02-10
8571,1708,282,4,Good product,2024-02-29
8572,1725,293,5,Excellent product,2024-03-19
8573,1742,304,5,Excellent product,2024-04-07
8574,1759,315,4,Good product,2024-04-26
8575,1776,326,3,Average product,2024-05-15
8576,1793,337,5,Excellent product,2024-06-03
8577,1810,348,4,Good product,2024-06-22
8578,1827,359,5,Excellent product,2024-07-11
8579,1844,370,5,Excellent product,2024-07-30
8580,1861,381,1,Very poor experience,2024-08-18
8581,1878,392,5,Excellent product,2024-09-06
8582,1895,403,3,Average product,2024-09-25
8583,1912,414,4,Good product,2024-10-14
8584,1929,425,5,Excellent product,2024-11-02
8585,1946,436,5,Excellent product,2024-11-21
8586,1963,447,4,Good product,2024-12-10
8587,1980,458,5,Excellent product,2024-12-29
8588,1997,469,5,Excellent product,2025-01-17
8589,14,480,3,Average product,2025-02-05
8590,31,491,2,Product quality could be better,2025-02-24
8591,48,2,5,Excellent product,2025-03-15
8592,65,13,4,Good product,2025-04-03
8593,82,24,5,Excellent product,2025-04-22
8594,99,35,5,Excellent product,2025-05-11
8595,116,46,4,Good product,2025-05-30
8596,133,57,3,Average product,2025-06-18
8597,150,68,5,Excellent product,2025-07-07
8598,167,79,4,Good product,2025-07-26
8599,184,90,5,Excellent product,2025-08-14
8600,201,101,1,Very poor experience,2025-09-02
8601,218,112,4,Good product,2025-09-21
8602,235,123,5,Excellent product,2025-10-10
8603,252,134,3,Average product,2025-10-29
8604,269,145,4,Good product,2025-11-17
8605,286,156,5,Excellent product,2025-12-06
8606,303,167,5,Excellent product,2025-12-25
8607,320,178,4,Good product,2022-01-14
8608,337,189,5,Excellent product,2022-02-02
8609,354,200,5,Excellent product,2022-02-21
8610,371,211,2,Product quality could be better,2022-03-12
8611,388,222,5,Excellent product,2022-03-31
8612,405,233,5,Excellent product,2022-04-19
8613,422,244,4,Good product,2022-05-08
8614,439,255,5,Excellent product,2022-05-27
8615,456,266,5,Excellent product,2022-06-15
8616,473,277,4,Good product,2022-07-04
8617,490,288,3,Average product,2022-07-23
8618,507,299,5,Excellent product,2022-08-11
8619,524,310,4,Good product,2022-08-30
8620,541,321,1,Very poor experience,2022-09-18
8621,558,332,5,Excellent product,2022-10-07
8622,575,343,4,Good product,2022-10-26
8623,592,354,5,Excellent product,2022-11-14
8624,609,365,3,Average product,2022-12-03
8625,626,376,4,Good product,2022-12-22
8626,643,387,5,Excellent product,2023-01-10
8627,660,398,5,Excellent product,2023-01-29
8628,677,409,4,Good product,2023-02-17
8629,694,420,5,Excellent product,2023-03-08
8630,711,431,2,Product quality could be better,2023-03-27
8631,728,442,3,Average product,2023-04-15
8632,745,453,5,Excellent product,2023-05-04
8633,762,464,5,Excellent product,2023-05-23
8634,779,475,4,Good product,2023-06-11
8635,796,486,5,Excellent product,2023-06-30
8636,813,497,5,Excellent product,2023-07-19
8637,830,8,4,Good product,2023-08-07
8638,847,19,3,Average product,2023-08-26
8639,864,30,5,Excellent product,2023-09-14
8640,881,41,1,Very poor experience,2023-10-03
8641,898,52,5,Excellent product,2023-10-22
8642,915,63,5,Excellent product,2023-11-10
8643,932,74,4,Good product,2023-11-29
8644,949,85,5,Excellent product,2023-12-18
8645,966,96,3,Average product,2024-01-06
8646,983,107,4,Good product,2024-01-25
8647,1000,118,5,Excellent product,2024-02-13
8648,1017,129,5,Excellent product,2024-03-03
8649,1034,140,4,Good product,2024-03-22
8650,1051,151,2,Product quality could be better,2024-04-10
8651,1068,162,5,Excellent product,2024-04-29
8652,1085,173,3,Average product,2024-05-18
8653,1102,184,5,Excellent product,2024-06-06
8654,1119,195,5,Excellent product,2024-06-25
8655,1136,206,4,Good product,2024-07-14
8656,1153,217,5,Excellent product,2024-08-02
8657,1170,228,5,Excellent product,2024-08-21
8658,1187,239,4,Good product,2024-09-09
8659,1204,250,3,Average product,2024-09-28
8660,1221,261,1,Very poor experience,2024-10-17
8661,1238,272,4,Good product,2024-11-05
8662,1255,283,5,Excellent product,2024-11-24
8663,1272,294,5,Excellent product,2024-12-13
8664,1289,305,4,Good product,2025-01-01
8665,1306,316,5,Excellent product,2025-01-20
8666,1323,327,3,Average product,2025-02-08
8667,1340,338,4,Good product,2025-02-27
8668,1357,349,5,Excellent product,2025-03-18
8669,1374,360,5,Excellent product,2025-04-06
8670,1391,371,2,Product quality could be better,2025-04-25
8671,1408,382,5,Excellent product,2025-05-14
8672,1425,393,5,Excellent product,2025-06-02
8673,1442,404,3,Average product,2025-06-21
8674,1459,415,5,Excellent product,2025-07-10
8675,1476,426,5,Excellent product,2025-07-29
8676,1493,437,4,Good product,2025-08-17
8677,1510,448,5,Excellent product,2025-09-05
8678,1527,459,5,Excellent product,2025-09-24
8679,1544,470,4,Good product,2025-10-13
8680,1561,481,1,Very poor experience,2025-11-01
8681,1578,492,5,Excellent product,2025-11-20
8682,1595,3,4,Good product,2025-12-09
8683,1612,14,5,Excellent product,2025-12-28
8684,1629,25,5,Excellent product,2022-01-17
8685,1646,36,4,Good product,2022-02-05
8686,1663,47,5,Excellent product,2022-02-24
8687,1680,58,3,Average product,2022-03-15
8688,1697,69,4,Good product,2022-04-03
8689,1714,80,5,Excellent product,2022-04-22
8690,1731,91,2,Product quality could be better,2022-05-11
8691,1748,102,4,Good product,2022-05-30
8692,1765,113,5,Excellent product,2022-06-18
8693,1782,124,5,Excellent product,2022-07-07
8694,1799,135,3,Average product,2022-07-26
8695,1816,146,5,Excellent product,2022-08-14
8696,1833,157,5,Excellent product,2022-09-02
8697,1850,168,4,Good product,2022-09-21
8698,1867,179,5,Excellent product,2022-10-10
8699,1884,190,5,Excellent product,2022-10-29
8700,1901,201,1,Very poor experience,2022-11-17
8701,1918,212,3,Average product,2022-12-06
8702,1935,223,5,Excellent product,2022-12-25
8703,1952,234,4,Good product,2023-01-13
8704,1969,245,5,Excellent product,2023-02-01
8705,1986,256,5,Excellent product,2023-02-20
8706,3,267,4,Good product,2023-03-11
8707,20,278,5,Excellent product,2023-03-30
8708,37,289,3,Average product,2023-04-18
8709,54,300,4,Good product,2023-05-07
8710,71,311,2,Product quality could be better,2023-05-26
8711,88,322,5,Excellent product,2023-06-14
8712,105,333,4,Good product,2023-07-03
8713,122,344,5,Excellent product,2023-07-22
8714,139,355,5,Excellent product,2023-08-10
8715,156,366,3,Average product,2023-08-29
8716,173,377,5,Excellent product,2023-09-17
8717,190,388,5,Excellent product,2023-10-06
8718,207,399,4,Good product,2023-10-25
8719,224,410,5,Excellent product,2023-11-13
8720,241,421,1,Very poor experience,2023-12-02
8721,258,432,4,Good product,2023-12-21
8722,275,443,3,Average product,2024-01-09
8723,292,454,5,Excellent product,2024-01-28
8724,309,465,4,Good product,2024-02-16
8725,326,476,5,Excellent product,2024-03-06
8726,343,487,5,Excellent product,2024-03-25
8727,360,498,4,Good product,2024-04-13
8728,377,9,5,Excellent product,2024-05-02
8729,394,20,3,Average product,2024-05-21
8730,411,31,2,Product quality could be better,2024-06-09
8731,428,42,5,Excellent product,2024-06-28
8732,445,53,5,Excellent product,2024-07-17
8733,462,64,4,Good product,2024-08-05
8734,479,75,5,Excellent product,2024-08-24
8735,496,86,5,Excellent product,2024-09-12
8736,513,97,3,Average product,2024-10-01
8737,530,108,5,Excellent product,2024-10-20
8738,547,119,5,Excellent product,2024-11-08
8739,564,130,4,Good product,2024-11-27
8740,581,141,1,Very poor experience,2024-12-16
8741,598,152,5,Excellent product,2025-01-04
8742,615,163,4,Good product,2025-01-23
8743,632,174,3,Average product,2025-02-11
8744,649,185,5,Excellent product,2025-03-02
8745,666,196,4,Good product,2025-03-21
8746,683,207,5,Excellent product,2025-04-09
8747,700,218,5,Excellent product,2025-04-28
8748,717,229,4,Good product,2025-05-17
8749,734,240,5,Excellent product,2025-06-05
8750,751,251,2,Product quality could be better,2025-06-24
8751,768,262,4,Good product,2025-07-13
8752,785,273,5,Excellent product,2025-08-01
8753,802,284,5,Excellent product,2025-08-20
8754,819,295,4,Good product,2025-09-08
8755,836,306,5,Excellent product,2025-09-27
8756,853,317,5,Excellent product,2025-10-16
8757,870,328,3,Average product,2025-11-04
8758,887,339,5,Excellent product,2025-11-23
8759,904,350,5,Excellent product,2025-12-12
8760,921,361,1,Very poor experience,2022-01-01
8761,938,372,5,Excellent product,2022-01-20
8762,955,383,5,Excellent product,2022-02-08
8763,972,394,4,Good product,2022-02-27
8764,989,405,3,Average product,2022-03-18
8765,1006,416,5,Excellent product,2022-04-06
8766,1023,427,4,Good product,2022-04-25
8767,1040,438,5,Excellent product,2022-05-14
8768,1057,449,5,Excellent product,2022-06-02
8769,1074,460,4,Good product,2022-06-21
8770,1091,471,2,Product quality could be better,2022-07-10
8771,1108,482,3,Average product,2022-07-29
8772,1125,493,4,Good product,2022-08-17
8773,1142,4,5,Excellent product,2022-09-05
8774,1159,15,5,Excellent product,2022-09-24
8775,1176,26,4,Good product,2022-10-13
8776,1193,37,5,Excellent product,2022-11-01
8777,1210,48,5,Excellent product,2022-11-20
8778,1227,59,3,Average product,2022-12-09
8779,1244,70,5,Excellent product,2022-12-28
8780,1261,81,1,Very poor experience,2023-01-16
8781,1278,92,4,Good product,2023-02-04
8782,1295,103,5,Excellent product,2023-02-23
8783,1312,114,5,Excellent product,2023-03-14
8784,1329,125,4,Good product,2023-04-02
8785,1346,136,3,Average product,2023-04-21
8786,1363,147,5,Excellent product,2023-05-10
8787,1380,158,4,Good product,2023-05-29
8788,1397,169,5,Excellent product,2023-06-17
8789,1414,180,5,Excellent product,2023-07-06
8790,1431,191,2,Product quality could be better,2023-07-25
8791,1448,202,5,Excellent product,2023-08-13
8792,1465,213,3,Average product,2023-09-01
8793,1482,224,4,Good product,2023-09-20
8794,1499,235,5,Excellent product,2023-10-09
8795,1516,246,5,Excellent product,2023-10-28
8796,1533,257,4,Good product,2023-11-16
8797,1550,268,5,Excellent product,2023-12-05
8798,1567,279,5,Excellent product,2023-12-24
8799,1584,290,3,Average product,2024-01-12
8800,1601,301,1,Very poor experience,2024-01-31
8801,1618,312,5,Excellent product,2024-02-19
8802,1635,323,4,Good product,2024-03-09
8803,1652,334,5,Excellent product,2024-03-28
8804,1669,345,5,Excellent product,2024-04-16
8805,1686,356,4,Good product,2024-05-05
8806,1703,367,3,Average product,2024-05-24
8807,1720,378,5,Excellent product,2024-06-12
8808,1737,389,4,Good product,2024-07-01
8809,1754,400,5,Excellent product,2024-07-20
8810,1771,411,2,Product quality could be better,2024-08-08
8811,1788,422,4,Good product,2024-08-27
8812,1805,433,5,Excellent product,2024-09-15
8813,1822,444,3,Average product,2024-10-04
8814,1839,455,4,Good product,2024-10-23
8815,1856,466,5,Excellent product,2024-11-11
8816,1873,477,5,Excellent product,2024-11-30
8817,1890,488,4,Good product,2024-12-19
8818,1907,499,5,Excellent product,2025-01-07
8819,1924,10,5,Excellent product,2025-01-26
8820,1941,21,1,Very poor experience,2025-02-14
8821,1958,32,5,Excellent product,2025-03-05
8822,1975,43,5,Excellent product,2025-03-24
8823,1992,54,4,Good product,2025-04-12
8824,9,65,5,Excellent product,2025-05-01
8825,26,76,5,Excellent product,2025-05-20
8826,43,87,4,Good product,2025-06-08
8827,60,98,3,Average product,2025-06-27
8828,77,109,5,Excellent product,2025-07-16
8829,94,120,4,Good product,2025-08-04
8830,111,131,2,Product quality could be better,2025-08-23
8831,128,142,5,Excellent product,2025-09-11
8832,145,153,4,Good product,2025-09-30
8833,162,164,5,Excellent product,2025-10-19
8834,179,175,3,Average product,2025-11-07
8835,196,186,4,Good product,2025-11-26
8836,213,197,5,Excellent product,2025-12-15
8837,230,208,5,Excellent product,2022-01-04
8838,247,219,4,Good product,2022-01-23
8839,264,230,5,Excellent product,2022-02-11
8840,281,241,1,Very poor experience,2022-03-02
8841,298,252,3,Average product,2022-03-21
8842,315,263,5,Excellent product,2022-04-09
8843,332,274,5,Excellent product,2022-04-28
8844,349,285,4,Good product,2022-05-17
8845,366,296,5,Excellent product,2022-06-05
8846,383,307,5,Excellent product,2022-06-24
8847,400,318,4,Good product,2022-07-13
8848,417,329,3,Average product,2022-08-01
8849,434,340,5,Excellent product,2022-08-20
8850,451,351,2,Product quality could be better,2022-09-08
8851,468,362,5,Excellent product,2022-09-27
8852,485,373,5,Excellent product,2022-10-16
8853,502,384,4,Good product,2022-11-04
8854,519,395,5,Excellent product,2022-11-23
8855,536,406,3,Average product,2022-12-12
8856,553,417,4,Good product,2022-12-31
8857,570,428,5,Excellent product,2023-01-19
8858,587,439,5,Excellent product,2023-02-07
8859,604,450,4,Good product,2023-02-26
8860,621,461,1,Very poor experience,2023-03-17
8861,638,472,5,Excellent product,2023-04-05
8862,655,483,3,Average product,2023-04-24
8863,672,494,5,Excellent product,2023-05-13
8864,689,5,5,Excellent product,2023-06-01
8865,706,16,4,Good product,2023-06-20
8866,723,27,5,Excellent product,2023-07-09
8867,740,38,5,Excellent product,2023-07-28
8868,757,49,4,Good product,2023-08-16
8869,774,60,3,Average product,2023-09-04
8870,791,71,2,Product quality could be better,2023-09-23
8871,808,82,4,Good product,2023-10-12
8872,825,93,5,Excellent product,2023-10-31
8873,842,104,5,Excellent product,2023-11-19
8874,859,115,4,Good product,2023-12-08
8875,876,126,5,Excellent product,2023-12-27
8876,893,137,3,Average product,2024-01-15
8877,910,148,4,Good product,2024-02-03
8878,927,159,5,Excellent product,2024-02-22
8879,944,170,5,Excellent product,2024-03-12
8880,961,181,1,Very poor experience,2024-03-31
8881,978,192,5,Excellent product,2024-04-19
8882,995,203,5,Excellent product,2024-05-08
8883,1012,214,3,Average product,2024-05-27
8884,1029,225,5,Excellent product,2024-06-15
8885,1046,236,5,Excellent product,2024-07-04
8886,1063,247,4,Good product,2024-07-23
8887,1080,258,5,Excellent product,2024-08-11
8888,1097,269,5,Excellent product,2024-08-30
8889,1114,280,4,Good product,2024-09-18
8890,1131,291,2,Product quality could be better,2024-10-07
8891,1148,302,5,Excellent product,2024-10-26
8892,1165,313,4,Good product,2024-11-14
8893,1182,324,5,Excellent product,2024-12-03
8894,1199,335,5,Excellent product,2024-12-22
8895,1216,346,4,Good product,2025-01-10
8896,1233,357,5,Excellent product,2025-01-29
8897,1250,368,3,Average product,2025-02-17
8898,1267,379,4,Good product,2025-03-08
8899,1284,390,5,Excellent product,2025-03-27
8900,1301,401,1,Very poor experience,2025-04-15
8901,1318,412,4,Good product,2025-05-04
8902,1335,423,5,Excellent product,2025-05-23
8903,1352,434,5,Excellent product,2025-06-11
8904,1369,445,3,Average product,2025-06-30
8905,1386,456,5,Excellent product,2025-07-19
8906,1403,467,5,Excellent product,2025-08-07
8907,1420,478,4,Good product,2025-08-26
8908,1437,489,5,Excellent product,2025-09-14
8909,1454,500,5,Excellent product,2025-10-03
8910,1471,11,2,Product quality could be better,2025-10-22
8911,1488,22,3,Average product,2025-11-10
8912,1505,33,5,Excellent product,2025-11-29
8913,1522,44,4,Good product,2025-12-18
8914,1539,55,5,Excellent product,2022-01-07
8915,1556,66,5,Excellent product,2022-01-26
8916,1573,77,4,Good product,2022-02-14
8917,1590,88,5,Excellent product,2022-03-05
8918,1607,99,3,Average product,2022-03-24
8919,1624,110,4,Good product,2022-04-12
8920,1641,121,1,Very poor experience,2022-05-01
8921,1658,132,5,Excellent product,2022-05-20
8922,1675,143,4,Good product,2022-06-08
8923,1692,154,5,Excellent product,2022-06-27
8924,1709,165,5,Excellent product,2022-07-16
8925,1726,176,3,Average product,2022-08-04
8926,1743,187,5,Excellent product,2022-08-23
8927,1760,198,5,Excellent product,2022-09-11
8928,1777,209,4,Good product,2022-09-30
8929,1794,220,5,Excellent product,2022-10-19
8930,1811,231,2,Product quality could be better,2022-11-07
8931,1828,242,4,Good product,2022-11-26
8932,1845,253,3,Average product,2022-12-15
8933,1862,264,5,Excellent product,2023-01-03
8934,1879,275,4,Good product,2023-01-22
8935,1896,286,5,Excellent product,2023-02-10
8936,1913,297,5,Excellent product,2023-03-01
8937,1930,308,4,Good product,2023-03-20
8938,1947,319,5,Excellent product,2023-04-08
8939,1964,330,3,Average product,2023-04-27
8940,1981,341,1,Very poor experience,2023-05-16
8941,1998,352,5,Excellent product,2023-06-04
8942,15,363,5,Excellent product,2023-06-23
8943,32,374,4,Good product,2023-07-12
8944,49,385,5,Excellent product,2023-07-31
8945,66,396,5,Excellent product,2023-08-19
8946,83,407,3,Average product,2023-09-07
8947,100,418,5,Excellent product,2023-09-26
8948,117,429,5,Excellent product,2023-10-15
8949,134,440,4,Good product,2023-11-03
8950,151,451,2,Product quality could be better,2023-11-22
8951,168,462,5,Excellent product,2023-12-11
8952,185,473,4,Good product,2023-12-30
8953,202,484,3,Average product,2024-01-18
8954,219,495,5,Excellent product,2024-02-06
8955,236,6,4,Good product,2024-02-25
8956,253,17,5,Excellent product,2024-03-15
8957,270,28,5,Excellent product,2024-04-03
8958,287,39,4,Good product,2024-04-22
8959,304,50,5,Excellent product,2024-05-11
8960,321,61,1,Very poor experience,2024-05-30
8961,338,72,4,Good product,2024-06-18
8962,355,83,5,Excellent product,2024-07-07
8963,372,94,5,Excellent product,2024-07-26
8964,389,105,4,Good product,2024-08-14
8965,406,116,5,Excellent product,2024-09-02
8966,423,127,5,Excellent product,2024-09-21
8967,440,138,3,Average product,2024-10-10
8968,457,149,5,Excellent product,2024-10-29
8969,474,160,5,Excellent product,2024-11-17
8970,491,171,2,Product quality could be better,2024-12-06
8971,508,182,5,Excellent product,2024-12-25
8972,525,193,5,Excellent product,2025-01-13
8973,542,204,4,Good product,2025-02-01
8974,559,215,3,Average product,2025-02-20
8975,576,226,5,Excellent product,2025-03-11
8976,593,237,4,Good product,2025-03-30
8977,610,248,5,Excellent product,2025-04-18
8978,627,259,5,Excellent product,2025-05-07
8979,644,270,4,Good product,2025-05-26
8980,661,281,1,Very poor experience,2025-06-14
8981,678,292,3,Average product,2025-07-03
8982,695,303,4,Good product,2025-07-22
8983,712,314,5,Excellent product,2025-08-10
8984,729,325,5,Excellent product,2025-08-29
8985,746,336,4,Good product,2025-09-17
8986,763,347,5,Excellent product,2025-10-06
8987,780,358,5,Excellent product,2025-10-25
8988,797,369,3,Average product,2025-11-13
8989,814,380,5,Excellent product,2025-12-02
8990,831,391,2,Product quality could be better,2025-12-21
8991,848,402,4,Good product,2022-01-10
8992,865,413,5,Excellent product,2022-01-29
8993,882,424,5,Excellent product,2022-02-17
8994,899,435,4,Good product,2022-03-08
8995,916,446,3,Average product,2022-03-27
8996,933,457,5,Excellent product,2022-04-15
8997,950,468,4,Good product,2022-05-04
8998,967,479,5,Excellent product,2022-05-23
8999,984,490,5,Excellent product,2022-06-11
9000,1001,1,1,Very poor experience,2022-06-30
9001,1018,12,5,Excellent product,2022-07-19
9002,1035,23,3,Average product,2022-08-07
9003,1052,34,4,Good product,2022-08-26
9004,1069,45,5,Excellent product,2022-09-14
9005,1086,56,5,Excellent product,2022-10-03
9006,1103,67,4,Good product,2022-10-22
9007,1120,78,5,Excellent product,2022-11-10
9008,1137,89,5,Excellent product,2022-11-29
9009,1154,100,3,Average product,2022-12-18
9010,1171,111,2,Product quality could be better,2023-01-06
9011,1188,122,5,Excellent product,2023-01-25
9012,1205,133,4,Good product,2023-02-13
9013,1222,144,5,Excellent product,2023-03-04
9014,1239,155,5,Excellent product,2023-03-23
9015,1256,166,4,Good product,2023-04-11
9016,1273,177,3,Average product,2023-04-30
9017,1290,188,5,Excellent product,2023-05-19
9018,1307,199,4,Good product,2023-06-07
9019,1324,210,5,Excellent product,2023-06-26
9020,1341,221,1,Very poor experience,2023-07-15
9021,1358,232,4,Good product,2023-08-03
9022,1375,243,5,Excellent product,2023-08-22
9023,1392,254,3,Average product,2023-09-10
9024,1409,265,4,Good product,2023-09-29
9025,1426,276,5,Excellent product,2023-10-18
9026,1443,287,5,Excellent product,2023-11-06
9027,1460,298,4,Good product,2023-11-25
9028,1477,309,5,Excellent product,2023-12-14
9029,1494,320,5,Excellent product,2024-01-02
9030,1511,331,2,Product quality could be better,2024-01-21
9031,1528,342,5,Excellent product,2024-02-09
9032,1545,353,5,Excellent product,2024-02-28
9033,1562,364,4,Good product,2024-03-18
9034,1579,375,5,Excellent product,2024-04-06
9035,1596,386,5,Excellent product,2024-04-25
9036,1613,397,4,Good product,2024-05-14
9037,1630,408,3,Average product,2024-06-02
9038,1647,419,5,Excellent product,2024-06-21
9039,1664,430,4,Good product,2024-07-10
9040,1681,441,1,Very poor experience,2024-07-29
9041,1698,452,5,Excellent product,2024-08-17
9042,1715,463,4,Good product,2024-09-05
9043,1732,474,5,Excellent product,2024-09-24
9044,1749,485,3,Average product,2024-10-13
9045,1766,496,4,Good product,2024-11-01
9046,1783,7,5,Excellent product,2024-11-20
9047,1800,18,5,Excellent product,2024-12-09
9048,1817,29,4,Good product,2024-12-28
9049,1834,40,5,Excellent product,2025-01-16
9050,1851,51,2,Product quality could be better,2025-02-04
9051,1868,62,3,Average product,2025-02-23
9052,1885,73,5,Excellent product,2025-03-14
9053,1902,84,5,Excellent product,2025-04-02
9054,1919,95,4,Good product,2025-04-21
9055,1936,106,5,Excellent product,2025-05-10
9056,1953,117,5,Excellent product,2025-05-29
9057,1970,128,4,Good product,2025-06-17
9058,1987,139,3,Average product,2025-07-06
9059,4,150,5,Excellent product,2025-07-25
9060,21,161,1,Very poor experience,2025-08-13
9061,38,172,5,Excellent product,2025-09-01
9062,55,183,5,Excellent product,2025-09-20
9063,72,194,4,Good product,2025-10-09
9064,89,205,5,Excellent product,2025-10-28
9065,106,216,3,Average product,2025-11-16
9066,123,227,4,Good product,2025-12-05
9067,140,238,5,Excellent product,2025-12-24
9068,157,249,5,Excellent product,2022-01-13
9069,174,260,4,Good product,2022-02-01
9070,191,271,2,Product quality could be better,2022-02-20
9071,208,282,5,Excellent product,2022-03-11
9072,225,293,3,Average product,2022-03-30
9073,242,304,5,Excellent product,2022-04-18
9074,259,315,5,Excellent product,2022-05-07
9075,276,326,4,Good product,2022-05-26
9076,293,337,5,Excellent product,2022-06-14
9077,310,348,5,Excellent product,2022-07-03
9078,327,359,4,Good product,2022-07-22
9079,344,370,3,Average product,2022-08-10
9080,361,381,1,Very poor experience,2022-08-29
9081,378,392,4,Good product,2022-09-17
9082,395,403,5,Excellent product,2022-10-06
9083,412,414,5,Excellent product,2022-10-25
9084,429,425,4,Good product,2022-11-13
9085,446,436,5,Excellent product,2022-12-02
9086,463,447,3,Average product,2022-12-21
9087,480,458,4,Good product,2023-01-09
9088,497,469,5,Excellent product,2023-01-28
9089,514,480,5,Excellent product,2023-02-16
9090,531,491,2,Product quality could be better,2023-03-07
9091,548,2,5,Excellent product,2023-03-26
9092,565,13,5,Excellent product,2023-04-14
9093,582,24,3,Average product,2023-05-03
9094,599,35,5,Excellent product,2023-05-22
9095,616,46,5,Excellent product,2023-06-10
9096,633,57,4,Good product,2023-06-29
9097,650,68,5,Excellent product,2023-07-18
9098,667,79,5,Excellent product,2023-08-06
9099,684,90,4,Good product,2023-08-25
9100,701,101,1,Very poor experience,2023-09-13
9101,718,112,5,Excellent product,2023-10-02
9102,735,123,4,Good product,2023-10-21
9103,752,134,5,Excellent product,2023-11-09
9104,769,145,5,Excellent product,2023-11-28
9105,786,156,4,Good product,2023-12-17
9106,803,167,5,Excellent product,2024-01-05
9107,820,178,3,Average product,2024-01-24
9108,837,189,4,Good product,2024-02-12
9109,854,200,5,Excellent product,2024-03-02
9110,871,211,2,Product quality could be better,2024-03-21
9111,888,222,4,Good product,2024-04-09
9112,905,233,5,Excellent product,2024-04-28
9113,922,244,5,Excellent product,2024-05-17
9114,939,255,3,Average product,2024-06-05
9115,956,266,5,Excellent product,2024-06-24
9116,973,277,5,Excellent product,2024-07-13
9117,990,288,4,Good product,2024-08-01
9118,1007,299,5,Excellent product,2024-08-20
9119,1024,310,5,Excellent product,2024-09-08
9120,1041,321,1,Very poor experience,2024-09-27
9121,1058,332,3,Average product,2024-10-16
9122,1075,343,5,Excellent product,2024-11-04
9123,1092,354,4,Good product,2024-11-23
9124,1109,365,5,Excellent product,2024-12-12
9125,1126,376,5,Excellent product,2024-12-31
9126,1143,387,4,Good product,2025-01-19
9127,1160,398,5,Excellent product,2025-02-07
9128,1177,409,3,Average product,2025-02-26
9129,1194,420,4,Good product,2025-03-17
9130,1211,431,2,Product quality could be better,2025-04-05
9131,1228,442,5,Excellent product,2025-04-24
9132,1245,453,4,Good product,2025-05-13
9133,1262,464,5,Excellent product,2025-06-01
9134,1279,475,5,Excellent product,2025-06-20
9135,1296,486,3,Average product,2025-07-09
9136,1313,497,5,Excellent product,2025-07-28
9137,1330,8,5,Excellent product,2025-08-16
9138,1347,19,4,Good product,2025-09-04
9139,1364,30,5,Excellent product,2025-09-23
9140,1381,41,1,Very poor experience,2025-10-12
9141,1398,52,4,Good product,2025-10-31
9142,1415,63,3,Average product,2025-11-19
9143,1432,74,5,Excellent product,2025-12-08
9144,1449,85,4,Good product,2025-12-27
9145,1466,96,5,Excellent product,2022-01-16
9146,1483,107,5,Excellent product,2022-02-04
9147,1500,118,4,Good product,2022-02-23
9148,1517,129,5,Excellent product,2022-03-14
9149,1534,140,3,Average product,2022-04-02
9150,1551,151,2,Product quality could be better,2022-04-21
9151,1568,162,5,Excellent product,2022-05-10
9152,1585,173,5,Excellent product,2022-05-29
9153,1602,184,4,Good product,2022-06-17
9154,1619,195,5,Excellent product,2022-07-06
9155,1636,206,5,Excellent product,2022-07-25
9156,1653,217,3,Average product,2022-08-13
9157,1670,228,5,Excellent product,2022-09-01
9158,1687,239,5,Excellent product,2022-09-20
9159,1704,250,4,Good product,2022-10-09
9160,1721,261,1,Very poor experience,2022-10-28
9161,1738,272,5,Excellent product,2022-11-16
9162,1755,283,4,Good product,2022-12-05
9163,1772,294,3,Average product,2022-12-24
9164,1789,305,5,Excellent product,2023-01-12
9165,1806,316,4,Good product,2023-01-31
9166,1823,327,5,Excellent product,2023-02-19
9167,1840,338,5,Excellent product,2023-03-10
9168,1857,349,4,Good product,2023-03-29
9169,1874,360,5,Excellent product,2023-04-17
9170,1891,371,2,Product quality could be better,2023-05-06
9171,1908,382,4,Good product,2023-05-25
9172,1925,393,5,Excellent product,2023-06-13
9173,1942,404,5,Excellent product,2023-07-02
9174,1959,415,4,Good product,2023-07-21
9175,1976,426,5,Excellent product,2023-08-09
9176,1993,437,5,Excellent product,2023-08-28
9177,10,448,3,Average product,2023-09-16
9178,27,459,5,Excellent product,2023-10-05
9179,44,470,5,Excellent product,2023-10-24
9180,61,481,1,Very poor experience,2023-11-12
9181,78,492,5,Excellent product,2023-12-01
9182,95,3,5,Excellent product,2023-12-20
9183,112,14,4,Good product,2024-01-08
9184,129,25,3,Average product,2024-01-27
9185,146,36,5,Excellent product,2024-02-15
9186,163,47,4,Good product,2024-03-05
9187,180,58,5,Excellent product,2024-03-24
9188,197,69,5,Excellent product,2024-04-12
9189,214,80,4,Good product,2024-05-01
9190,231,91,2,Product quality could be better,2024-05-20
9191,248,102,3,Average product,2024-06-08
9192,265,113,4,Good product,2024-06-27
9193,282,124,5,Excellent product,2024-07-16
9194,299,135,5,Excellent product,2024-08-04
9195,316,146,4,Good product,2024-08-23
9196,333,157,5,Excellent product,2024-09-11
9197,350,168,5,Excellent product,2024-09-30
9198,367,179,3,Average product,2024-10-19
9199,384,190,5,Excellent product,2024-11-07
9200,401,201,1,Very poor experience,2024-11-26
9201,418,212,4,Good product,2024-12-15
9202,435,223,5,Excellent product,2025-01-03
9203,452,234,5,Excellent product,2025-01-22
9204,469,245,4,Good product,2025-02-10
9205,486,256,3,Average product,2025-03-01
9206,503,267,5,Excellent product,2025-03-20
9207,520,278,4,Good product,2025-04-08
9208,537,289,5,Excellent product,2025-04-27
9209,554,300,5,Excellent product,2025-05-16
9210,571,311,2,Product quality could be better,2025-06-04
9211,588,322,5,Excellent product,2025-06-23
9212,605,333,3,Average product,2025-07-12
9213,622,344,4,Good product,2025-07-31
9214,639,355,5,Excellent product,2025-08-19
9215,656,366,5,Excellent product,2025-09-07
9216,673,377,4,Good product,2025-09-26
9217,690,388,5,Excellent product,2025-10-15
9218,707,399,5,Excellent product,2025-11-03
9219,724,410,3,Average product,2025-11-22
9220,741,421,1,Very poor experience,2025-12-11
9221,758,432,5,Excellent product,2025-12-30
9222,775,443,4,Good product,2022-01-19
9223,792,454,5,Excellent product,2022-02-07
9224,809,465,5,Excellent product,2022-02-26
9225,826,476,4,Good product,2022-03-17
9226,843,487,3,Average product,2022-04-05
9227,860,498,5,Excellent product,2022-04-24
9228,877,9,4,Good product,2022-05-13
9229,894,20,5,Excellent product,2022-06-01
9230,911,31,2,Product quality could be better,2022-06-20
9231,928,42,4,Good product,2022-07-09
9232,945,53,5,Excellent product,2022-07-28
9233,962,64,3,Average product,2022-08-16
9234,979,75,4,Good product,2022-09-04
9235,996,86,5,Excellent product,2022-09-23
9236,1013,97,5,Excellent product,2022-10-12
9237,1030,108,4,Good product,2022-10-31
9238,1047,119,5,Excellent product,2022-11-19
9239,1064,130,5,Excellent product,2022-12-08
9240,1081,141,1,Very poor experience,2022-12-27
9241,1098,152,5,Excellent product,2023-01-15
9242,1115,163,5,Excellent product,2023-02-03
9243,1132,174,4,Good product,2023-02-22
9244,1149,185,5,Excellent product,2023-03-13
9245,1166,196,5,Excellent product,2023-04-01
9246,1183,207,4,Good product,2023-04-20
9247,1200,218,3,Average product,2023-05-09
9248,1217,229,5,Excellent product,2023-05-28
9249,1234,240,4,Good product,2023-06-16
9250,1251,251,2,Product quality could be better,2023-07-05
9251,1268,262,5,Excellent product,2023-07-24
9252,1285,273,4,Good product,2023-08-12
9253,1302,284,5,Excellent product,2023-08-31
9254,1319,295,3,Average product,2023-09-19
9255,1336,306,4,Good product,2023-10-08
9256,1353,317,5,Excellent product,2023-10-27
9257,1370,328,5,Excellent product,2023-11-15
9258,1387,339,4,Good product,2023-12-04
9259,1404,350,5,Excellent product,2023-12-23
9260,1421,361,1,Very poor experience,2024-01-11
9261,1438,372,3,Average product,2024-01-30
9262,1455,383,5,Excellent product,2024-02-18
9263,1472,394,5,Excellent product,2024-03-08
9264,1489,405,4,Good product,2024-03-27
9265,1506,416,5,Excellent product,2024-04-15
9266,1523,427,5,Excellent product,2024-05-04
9267,1540,438,4,Good product,2024-05-23
9268,1557,449,3,Average product,2024-06-11
9269,1574,460,5,Excellent product,2024-06-30
9270,1591,471,2,Product quality could be better,2024-07-19
9271,1608,482,5,Excellent product,2024-08-07
9272,1625,493,5,Excellent product,2024-08-26
9273,1642,4,4,Good product,2024-09-14
9274,1659,15,5,Excellent product,2024-10-03
9275,1676,26,3,Average product,2024-10-22
9276,1693,37,4,Good product,2024-11-10
9277,1710,48,5,Excellent product,2024-11-29
9278,1727,59,5,Excellent product,2024-12-18
9279,1744,70,4,Good product,2025-01-06
9280,1761,81,1,Very poor experience,2025-01-25
9281,1778,92,5,Excellent product,2025-02-13
9282,1795,103,3,Average product,2025-03-04
9283,1812,114,5,Excellent product,2025-03-23
9284,1829,125,5,Excellent product,2025-04-11
9285,1846,136,4,Good product,2025-04-30
9286,1863,147,5,Excellent product,2025-05-19
9287,1880,158,5,Excellent product,2025-06-07
9288,1897,169,4,Good product,2025-06-26
9289,1914,180,3,Average product,2025-07-15
9290,1931,191,2,Product quality could be better,2025-08-03
9291,1948,202,4,Good product,2025-08-22
9292,1965,213,5,Excellent product,2025-09-10
9293,1982,224,5,Excellent product,2025-09-29
9294,1999,235,4,Good product,2025-10-18
9295,16,246,5,Excellent product,2025-11-06
9296,33,257,3,Average product,2025-11-25
9297,50,268,4,Good product,2025-12-14
9298,67,279,5,Excellent product,2022-01-03
9299,84,290,5,Excellent product,2022-01-22
9300,101,301,1,Very poor experience,2022-02-10
9301,118,312,5,Excellent product,2022-03-01
9302,135,323,5,Excellent product,2022-03-20
9303,152,334,3,Average product,2022-04-08
9304,169,345,5,Excellent product,2022-04-27
9305,186,356,5,Excellent product,2022-05-16
9306,203,367,4,Good product,2022-06-04
9307,220,378,5,Excellent product,2022-06-23
9308,237,389,5,Excellent product,2022-07-12
9309,254,400,4,Good product,2022-07-31
9310,271,411,2,Product quality could be better,2022-08-19
9311,288,422,5,Excellent product,2022-09-07
9312,305,433,4,Good product,2022-09-26
9313,322,444,5,Excellent product,2022-10-15
9314,339,455,5,Excellent product,2022-11-03
9315,356,466,4,Good product,2022-11-22
9316,373,477,5,Excellent product,2022-12-11
9317,390,488,3,Average product,2022-12-30
9318,407,499,4,Good product,2023-01-18
9319,424,10,5,Excellent product,2023-02-06
9320,441,21,1,Very poor experience,2023-02-25
9321,458,32,4,Good product,2023-03-16
9322,475,43,5,Excellent product,2023-04-04
9323,492,54,5,Excellent product,2023-04-23
9324,509,65,3,Average product,2023-05-12
9325,526,76,5,Excellent product,2023-05-31
9326,543,87,5,Excellent product,2023-06-19
9327,560,98,4,Good product,2023-07-08
9328,577,109,5,Excellent product,2023-07-27
9329,594,120,5,Excellent product,2023-08-15
9330,611,131,2,Product quality could be better,2023-09-03
9331,628,142,3,Average product,2023-09-22
9332,645,153,5,Excellent product,2023-10-11
9333,662,164,4,Good product,2023-10-30
9334,679,175,5,Excellent product,2023-11-18
9335,696,186,5,Excellent product,2023-12-07
9336,713,197,4,Good product,2023-12-26
9337,730,208,5,Excellent product,2024-01-14
9338,747,219,3,Average product,2024-02-02
9339,764,230,4,Good product,2024-02-21
9340,781,241,1,Very poor experience,2024-03-11
9341,798,252,5,Excellent product,2024-03-30
9342,815,263,4,Good product,2024-04-18
9343,832,274,5,Excellent product,2024-05-07
9344,849,285,5,Excellent product,2024-05-26
9345,866,296,3,Average product,2024-06-14
9346,883,307,5,Excellent product,2024-07-03
9347,900,318,5,Excellent product,2024-07-22
9348,917,329,4,Good product,2024-08-10
9349,934,340,5,Excellent product,2024-08-29
9350,951,351,2,Product quality could be better,2024-09-17
9351,968,362,4,Good product,2024-10-06
9352,985,373,3,Average product,2024-10-25
9353,1002,384,5,Excellent product,2024-11-13
9354,1019,395,4,Good product,2024-12-02
9355,1036,406,5,Excellent product,2024-12-21
9356,1053,417,5,Excellent product,2025-01-09
9357,1070,428,4,Good product,2025-01-28
9358,1087,439,5,Excellent product,2025-02-16
9359,1104,450,3,Average product,2025-03-07
9360,1121,461,1,Very poor experience,2025-03-26
9361,1138,472,5,Excellent product,2025-04-14
9362,1155,483,5,Excellent product,2025-05-03
9363,1172,494,4,Good product,2025-05-22
9364,1189,5,5,Excellent product,2025-06-10
9365,1206,16,5,Excellent product,2025-06-29
9366,1223,27,3,Average product,2025-07-18
9367,1240,38,5,Excellent product,2025-08-06
9368,1257,49,5,Excellent product,2025-08-25
9369,1274,60,4,Good product,2025-09-13
9370,1291,71,2,Product quality could be better,2025-10-02
9371,1308,82,5,Excellent product,2025-10-21
9372,1325,93,4,Good product,2025-11-09
9373,1342,104,3,Average product,2025-11-28
9374,1359,115,5,Excellent product,2025-12-17
9375,1376,126,4,Good product,2022-01-06
9376,1393,137,5,Excellent product,2022-01-25
9377,1410,148,5,Excellent product,2022-02-13
9378,1427,159,4,Good product,2022-03-04
9379,1444,170,5,Excellent product,2022-03-23
9380,1461,181,1,Very poor experience,2022-04-11
9381,1478,192,4,Good product,2022-04-30
9382,1495,203,5,Excellent product,2022-05-19
9383,1512,214,5,Excellent product,2022-06-07
9384,1529,225,4,Good product,2022-06-26
9385,1546,236,5,Excellent product,2022-07-15
9386,1563,247,5,Excellent product,2022-08-03
9387,1580,258,3,Average product,2022-08-22
9388,1597,269,5,Excellent product,2022-09-10
9389,1614,280,5,Excellent product,2022-09-29
9390,1631,291,2,Product quality could be better,2022-10-18
9391,1648,302,5,Excellent product,2022-11-06
9392,1665,313,5,Excellent product,2022-11-25
9393,1682,324,4,Good product,2022-12-14
9394,1699,335,3,Average product,2023-01-02
9395,1716,346,5,Excellent product,2023-01-21
9396,1733,357,4,Good product,2023-02-09
9397,1750,368,5,Excellent product,2023-02-28
9398,1767,379,5,Excellent product,2023-03-19
9399,1784,390,4,Good product,2023-04-07
9400,1801,401,1,Very poor experience,2023-04-26
9401,1818,412,3,Average product,2023-05-15
9402,1835,423,4,Good product,2023-06-03
9403,1852,434,5,Excellent product,2023-06-22
9404,1869,445,5,Excellent product,2023-07-11
9405,1886,456,4,Good product,2023-07-30
9406,1903,467,5,Excellent product,2023-08-18
9407,1920,478,5,Excellent product,2023-09-06
9408,1937,489,3,Average product,2023-09-25
9409,1954,500,5,Excellent product,2023-10-14
9410,1971,11,2,Product quality could be better,2023-11-02
9411,1988,22,4,Good product,2023-11-21
9412,5,33,5,Excellent product,2023-12-10
9413,22,44,5,Excellent product,2023-12-29
9414,39,55,4,Good product,2024-01-17
9415,56,66,3,Average product,2024-02-05
9416,73,77,5,Excellent product,2024-02-24
9417,90,88,4,Good product,2024-03-14
9418,107,99,5,Excellent product,2024-04-02
9419,124,110,5,Excellent product,2024-04-21
9420,141,121,1,Very poor experience,2024-05-10
9421,158,132,5,Excellent product,2024-05-29
9422,175,143,3,Average product,2024-06-17
9423,192,154,4,Good product,2024-07-06
9424,209,165,5,Excellent product,2024-07-25
9425,226,176,5,Excellent product,2024-08-13
9426,243,187,4,Good product,2024-09-01
9427,260,198,5,Excellent product,2024-09-20
9428,277,209,5,Excellent product,2024-10-09
9429,294,220,3,Average product,2024-10-28
9430,311,231,2,Product quality could be better,2024-11-16
9431,328,242,5,Excellent product,2024-12-05
9432,345,253,4,Good product,2024-12-24
9433,362,264,5,Excellent product,2025-01-12
9434,379,275,5,Excellent product,2025-01-31
9435,396,286,4,Good product,2025-02-19
9436,413,297,3,Average product,2025-03-10
9437,430,308,5,Excellent product,2025-03-29
9438,447,319,4,Good product,2025-04-17
9439,464,330,5,Excellent product,2025-05-06
9440,481,341,1,Very poor experience,2025-05-25
9441,498,352,4,Good product,2025-06-13
9442,515,363,5,Excellent product,2025-07-02
9443,532,374,3,Average product,2025-07-21
9444,549,385,4,Good product,2025-08-09
9445,566,396,5,Excellent product,2025-08-28
9446,583,407,5,Excellent product,2025-09-16
9447,600,418,4,Good product,2025-10-05
9448,617,429,5,Excellent product,2025-10-24
9449,634,440,5,Excellent product,2025-11-12
9450,651,451,2,Product quality could be better,2025-12-01
9451,668,462,5,Excellent product,2025-12-20
9452,685,473,5,Excellent product,2022-01-09
9453,702,484,4,Good product,2022-01-28
9454,719,495,5,Excellent product,2022-02-16
9455,736,6,5,Excellent product,2022-03-07
9456,753,17,4,Good product,2022-03-26
9457,770,28,3,Average product,2022-04-14
9458,787,39,5,Excellent product,2022-05-03
9459,804,50,4,Good product,2022-05-22
9460,821,61,1,Very poor experience,2022-06-10
9461,838,72,5,Excellent product,2022-06-29
9462,855,83,4,Good product,2022-07-18
9463,872,94,5,Excellent product,2022-08-06
9464,889,105,3,Average product,2022-08-25
9465,906,116,4,Good product,2022-09-13
9466,923,127,5,Excellent product,2022-10-02
9467,940,138,5,Excellent product,2022-10-21
9468,957,149,4,Good product,2022-11-09
9469,974,160,5,Excellent product,2022-11-28
9470,991,171,2,Product quality could be better,2022-12-17
9471,1008,182,3,Average product,2023-01-05
9472,1025,193,5,Excellent product,2023-01-24
9473,1042,204,5,Excellent product,2023-02-12
9474,1059,215,4,Good product,2023-03-03
9475,1076,226,5,Excellent product,2023-03-22
9476,1093,237,5,Excellent product,2023-04-10
9477,1110,248,4,Good product,2023-04-29
9478,1127,259,3,Average product,2023-05-18
9479,1144,270,5,Excellent product,2023-06-06
9480,1161,281,1,Very poor experience,2023-06-25
9481,1178,292,5,Excellent product,2023-07-14
9482,1195,303,5,Excellent product,2023-08-02
9483,1212,314,4,Good product,2023-08-21
9484,1229,325,5,Excellent product,2023-09-09
9485,1246,336,3,Average product,2023-09-28
9486,1263,347,4,Good product,2023-10-17
9487,1280,358,5,Excellent product,2023-11-05
9488,1297,369,5,Excellent product,2023-11-24
9489,1314,380,4,Good product,2023-12-13
9490,1331,391,2,Product quality could be better,2024-01-01
9491,1348,402,5,Excellent product,2024-01-20
9492,1365,413,3,Average product,2024-02-08
9493,1382,424,5,Excellent product,2024-02-27
9494,1399,435,5,Excellent product,2024-03-17
9495,1416,446,4,Good product,2024-04-05
9496,1433,457,5,Excellent product,2024-04-24
9497,1450,468,5,Excellent product,2024-05-13
9498,1467,479,4,Good product,2024-06-01
9499,1484,490,3,Average product,2024-06-20
9500,1501,1,1,Very poor experience,2024-07-09
9501,1518,12,4,Good product,2024-07-28
9502,1535,23,5,Excellent product,2024-08-16
9503,1552,34,5,Excellent product,2024-09-04
9504,1569,45,4,Good product,2024-09-23
9505,1586,56,5,Excellent product,2024-10-12
9506,1603,67,3,Average product,2024-10-31
9507,1620,78,4,Good product,2024-11-19
9508,1637,89,5,Excellent product,2024-12-08
9509,1654,100,5,Excellent product,2024-12-27
9510,1671,111,2,Product quality could be better,2025-01-15
9511,1688,122,5,Excellent product,2025-02-03
9512,1705,133,5,Excellent product,2025-02-22
9513,1722,144,3,Average product,2025-03-13
9514,1739,155,5,Excellent product,2025-04-01
9515,1756,166,5,Excellent product,2025-04-20
9516,1773,177,4,Good product,2025-05-09
9517,1790,188,5,Excellent product,2025-05-28
9518,1807,199,5,Excellent product,2025-06-16
9519,1824,210,4,Good product,2025-07-05
9520,1841,221,1,Very poor experience,2025-07-24
9521,1858,232,5,Excellent product,2025-08-12
9522,1875,243,4,Good product,2025-08-31
9523,1892,254,5,Excellent product,2025-09-19
9524,1909,265,5,Excellent product,2025-10-08
9525,1926,276,4,Good product,2025-10-27
9526,1943,287,5,Excellent product,2025-11-15
9527,1960,298,3,Average product,2025-12-04
9528,1977,309,4,Good product,2025-12-23
9529,1994,320,5,Excellent product,2022-01-12
9530,11,331,2,Product quality could be better,2022-01-31
9531,28,342,4,Good product,2022-02-19
9532,45,353,5,Excellent product,2022-03-10
9533,62,364,5,Excellent product,2022-03-29
9534,79,375,3,Average product,2022-04-17
9535,96,386,5,Excellent product,2022-05-06
9536,113,397,5,Excellent product,2022-05-25
9537,130,408,4,Good product,2022-06-13
9538,147,419,5,Excellent product,2022-07-02
9539,164,430,5,Excellent product,2022-07-21
9540,181,441,1,Very poor experience,2022-08-09
9541,198,452,3,Average product,2022-08-28
9542,215,463,5,Excellent product,2022-09-16
9543,232,474,4,Good product,2022-10-05
9544,249,485,5,Excellent product,2022-10-24
9545,266,496,5,Excellent product,2022-11-12
9546,283,7,4,Good product,2022-12-01
9547,300,18,5,Excellent product,2022-12-20
9548,317,29,3,Average product,2023-01-08
9549,334,40,4,Good product,2023-01-27
9550,351,51,2,Product quality could be better,2023-02-15
9551,368,62,5,Excellent product,2023-03-06
9552,385,73,4,Good product,2023-03-25
9553,402,84,5,Excellent product,2023-04-13
9554,419,95,5,Excellent product,2023-05-02
9555,436,106,3,Average product,2023-05-21
9556,453,117,5,Excellent product,2023-06-09
9557,470,128,5,Excellent product,2023-06-28
9558,487,139,4,Good product,2023-07-17
9559,504,150,5,Excellent product,2023-08-05
9560,521,161,1,Very poor experience,2023-08-24
9561,538,172,4,Good product,2023-09-12
9562,555,183,3,Average product,2023-10-01
9563,572,194,5,Excellent product,2023-10-20
9564,589,205,4,Good product,2023-11-08
9565,606,216,5,Excellent product,2023-11-27
9566,623,227,5,Excellent product,2023-12-16
9567,640,238,4,Good product,2024-01-04
9568,657,249,5,Excellent product,2024-01-23
9569,674,260,3,Average product,2024-02-11
9570,691,271,2,Product quality could be better,2024-03-01
9571,708,282,5,Excellent product,2024-03-20
9572,725,293,5,Excellent product,2024-04-08
9573,742,304,4,Good product,2024-04-27
9574,759,315,5,Excellent product,2024-05-16
9575,776,326,5,Excellent product,2024-06-04
9576,793,337,3,Average product,2024-06-23
9577,810,348,5,Excellent product,2024-07-12
9578,827,359,5,Excellent product,2024-07-31
9579,844,370,4,Good product,2024-08-19
9580,861,381,1,Very poor experience,2024-09-07
9581,878,392,5,Excellent product,2024-09-26
9582,895,403,4,Good product,2024-10-15
9583,912,414,3,Average product,2024-11-03
9584,929,425,5,Excellent product,2024-11-22
9585,946,436,4,Good product,2024-12-11
9586,963,447,5,Excellent product,2024-12-30
9587,980,458,5,Excellent product,2025-01-18
9588,997,469,4,Good product,2025-02-06
9589,1014,480,5,Excellent product,2025-02-25
9590,1031,491,2,Product quality could be better,2025-03-16
9591,1048,2,4,Good product,2025-04-04
9592,1065,13,5,Excellent product,2025-04-23
9593,1082,24,5,Excellent product,2025-05-12
9594,1099,35,4,Good product,2025-05-31
9595,1116,46,5,Excellent product,2025-06-19
9596,1133,57,5,Excellent product,2025-07-08
9597,1150,68,3,Average product,2025-07-27
9598,1167,79,5,Excellent product,2025-08-15
9599,1184,90,5,Excellent product,2025-09-03
9600,1201,101,1,Very poor experience,2025-09-22
9601,1218,112,5,Excellent product,2025-10-11
9602,1235,123,5,Excellent product,2025-10-30
9603,1252,134,4,Good product,2025-11-18
9604,1269,145,3,Average product,2025-12-07
9605,1286,156,5,Excellent product,2025-12-26
9606,1303,167,4,Good product,2022-01-15
9607,1320,178,5,Excellent product,2022-02-03
9608,1337,189,5,Excellent product,2022-02-22
9609,1354,200,4,Good product,2022-03-13
9610,1371,211,2,Product quality could be better,2022-04-01
9611,1388,222,3,Average product,2022-04-20
9612,1405,233,4,Good product,2022-05-09
9613,1422,244,5,Excellent product,2022-05-28
9614,1439,255,5,Excellent product,2022-06-16
9615,1456,266,4,Good product,2022-07-05
9616,1473,277,5,Excellent product,2022-07-24
9617,1490,288,5,Excellent product,2022-08-12
9618,1507,299,3,Average product,2022-08-31
9619,1524,310,5,Excellent product,2022-09-19
9620,1541,321,1,Very poor experience,2022-10-08
9621,1558,332,4,Good product,2022-10-27
9622,1575,343,5,Excellent product,2022-11-15
9623,1592,354,5,Excellent product,2022-12-04
9624,1609,365,4,Good product,2022-12-23
9625,1626,376,3,Average product,2023-01-11
9626,1643,387,5,Excellent product,2023-01-30
9627,1660,398,4,Good product,2023-02-18
9628,1677,409,5,Excellent product,2023-03-09
9629,1694,420,5,Excellent product,2023-03-28
9630,1711,431,2,Product quality could be better,2023-04-16
9631,1728,442,5,Excellent product,2023-05-05
9632,1745,453,3,Average product,2023-05-24
9633,1762,464,4,Good product,2023-06-12
9634,1779,475,5,Excellent product,2023-07-01
9635,1796,486,5,Excellent product,2023-07-20
9636,1813,497,4,Good product,2023-08-08
9637,1830,8,5,Excellent product,2023-08-27
9638,1847,19,5,Excellent product,2023-09-15
9639,1864,30,3,Average product,2023-10-04
9640,1881,41,1,Very poor experience,2023-10-23
9641,1898,52,5,Excellent product,2023-11-11
9642,1915,63,4,Good product,2023-11-30
9643,1932,74,5,Excellent product,2023-12-19
9644,1949,85,5,Excellent product,2024-01-07
9645,1966,96,4,Good product,2024-01-26
9646,1983,107,3,Average product,2024-02-14
9647,2000,118,5,Excellent product,2024-03-04
9648,17,129,4,Good product,2024-03-23
9649,34,140,5,Excellent product,2024-04-11
9650,51,151,2,Product quality could be better,2024-04-30
9651,68,162,4,Good product,2024-05-19
9652,85,173,5,Excellent product,2024-06-07
9653,102,184,3,Average product,2024-06-26
9654,119,195,4,Good product,2024-07-15
9655,136,206,5,Excellent product,2024-08-03
9656,153,217,5,Excellent product,2024-08-22
9657,170,228,4,Good product,2024-09-10
9658,187,239,5,Excellent product,2024-09-29
9659,204,250,5,Excellent product,2024-10-18
9660,221,261,1,Very poor experience,2024-11-06
9661,238,272,5,Excellent product,2024-11-25
9662,255,283,5,Excellent product,2024-12-14
9663,272,294,4,Good product,2025-01-02
9664,289,305,5,Excellent product,2025-01-21
9665,306,316,5,Excellent product,2025-02-09
9666,323,327,4,Good product,2025-02-28
9667,340,338,3,Average product,2025-03-19
9668,357,349,5,Excellent product,2025-04-07
9669,374,360,4,Good product,2025-04-26
9670,391,371,2,Product quality could be better,2025-05-15
9671,408,382,5,Excellent product,2025-06-03
9672,425,393,4,Good product,2025-06-22
9673,442,404,5,Excellent product,2025-07-11
9674,459,415,3,Average product,2025-07-30
9675,476,426,4,Good product,2025-08-18
9676,493,437,5,Excellent product,2025-09-06
9677,510,448,5,Excellent product,2025-09-25
9678,527,459,4,Good product,2025-10-14
9679,544,470,5,Excellent product,2025-11-02
9680,561,481,1,Very poor experience,2025-11-21
9681,578,492,3,Average product,2025-12-10
9682,595,3,5,Excellent product,2025-12-29
9683,612,14,5,Excellent product,2022-01-18
9684,629,25,4,Good product,2022-02-06
9685,646,36,5,Excellent product,2022-02-25
9686,663,47,5,Excellent product,2022-03-16
9687,680,58,4,Good product,2022-04-04
9688,697,69,3,Average product,2022-04-23
9689,714,80,5,Excellent product,2022-05-12
9690,731,91,2,Product quality could be better,2022-05-31
9691,748,102,5,Excellent product,2022-06-19
9692,765,113,5,Excellent product,2022-07-08
9693,782,124,4,Good product,2022-07-27
9694,799,135,5,Excellent product,2022-08-15
9695,816,146,3,Average product,2022-09-03
9696,833,157,4,Good product,2022-09-22
9697,850,168,5,Excellent product,2022-10-11
9698,867,179,5,Excellent product,2022-10-30
9699,884,190,4,Good product,2022-11-18
9700,901,201,1,Very poor experience,2022-12-07
9701,918,212,5,Excellent product,2022-12-26
9702,935,223,3,Average product,2023-01-14
9703,952,234,5,Excellent product,2023-02-02
9704,969,245,5,Excellent product,2023-02-21
9705,986,256,4,Good product,2023-03-12
9706,1003,267,5,Excellent product,2023-03-31
9707,1020,278,5,Excellent product,2023-04-19
9708,1037,289,4,Good product,2023-05-08
9709,1054,300,3,Average product,2023-05-27
9710,1071,311,2,Product quality could be better,2023-06-15
9711,1088,322,4,Good product,2023-07-04
9712,1105,333,5,Excellent product,2023-07-23
9713,1122,344,5,Excellent product,2023-08-11
9714,1139,355,4,Good product,2023-08-30
9715,1156,366,5,Excellent product,2023-09-18
9716,1173,377,3,Average product,2023-10-07
9717,1190,388,4,Good product,2023-10-26
9718,1207,399,5,Excellent product,2023-11-14
9719,1224,410,5,Excellent product,2023-12-03
9720,1241,421,1,Very poor experience,2023-12-22
9721,1258,432,5,Excellent product,2024-01-10
9722,1275,443,5,Excellent product,2024-01-29
9723,1292,454,3,Average product,2024-02-17
9724,1309,465,5,Excellent product,2024-03-07
9725,1326,476,5,Excellent product,2024-03-26
9726,1343,487,4,Good product,2024-04-14
9727,1360,498,5,Excellent product,2024-05-03
9728,1377,9,5,Excellent product,2024-05-22
9729,1394,20,4,Good product,2024-06-10
9730,1411,31,2,Product quality could be better,2024-06-29
9731,1428,42,5,Excellent product,2024-07-18
9732,1445,53,4,Good product,2024-08-06
9733,1462,64,5,Excellent product,2024-08-25
9734,1479,75,5,Excellent product,2024-09-13
9735,1496,86,4,Good product,2024-10-02
9736,1513,97,5,Excellent product,2024-10-21
9737,1530,108,3,Average product,2024-11-09
9738,1547,119,4,Good product,2024-11-28
9739,1564,130,5,Excellent product,2024-12-17
9740,1581,141,1,Very poor experience,2025-01-05
9741,1598,152,4,Good product,2025-01-24
9742,1615,163,5,Excellent product,2025-02-12
9743,1632,174,5,Excellent product,2025-03-03
9744,1649,185,3,Average product,2025-03-22
9745,1666,196,5,Excellent product,2025-04-10
9746,1683,207,5,Excellent product,2025-04-29
9747,1700,218,4,Good product,2025-05-18
9748,1717,229,5,Excellent product,2025-06-06
9749,1734,240,5,Excellent product,2025-06-25
9750,1751,251,2,Product quality could be better,2025-07-14
9751,1768,262,3,Average product,2025-08-02
9752,1785,273,5,Excellent product,2025-08-21
9753,1802,284,4,Good product,2025-09-09
9754,1819,295,5,Excellent product,2025-09-28
9755,1836,306,5,Excellent product,2025-10-17
9756,1853,317,4,Good product,2025-11-05
9757,1870,328,5,Excellent product,2025-11-24
9758,1887,339,3,Average product,2025-12-13
9759,1904,350,4,Good product,2022-01-02
9760,1921,361,1,Very poor experience,2022-01-21
9761,1938,372,5,Excellent product,2022-02-09
9762,1955,383,4,Good product,2022-02-28
9763,1972,394,5,Excellent product,2022-03-19
9764,1989,405,5,Excellent product,2022-04-07
9765,6,416,3,Average product,2022-04-26
9766,23,427,5,Excellent product,2022-05-15
9767,40,438,5,Excellent product,2022-06-03
9768,57,449,4,Good product,2022-06-22
9769,74,460,5,Excellent product,2022-07-11
9770,91,471,2,Product quality could be better,2022-07-30
9771,108,482,4,Good product,2022-08-18
9772,125,493,3,Average product,2022-09-06
9773,142,4,5,Excellent product,2022-09-25
9774,159,15,4,Good product,2022-10-14
9775,176,26,5,Excellent product,2022-11-02
9776,193,37,5,Excellent product,2022-11-21
9777,210,48,4,Good product,2022-12-10
9778,227,59,5,Excellent product,2022-12-29
9779,244,70,3,Average product,2023-01-17
9780,261,81,1,Very poor experience,2023-02-05
9781,278,92,5,Excellent product,2023-02-24
9782,295,103,5,Excellent product,2023-03-15
9783,312,114,4,Good product,2023-04-03
9784,329,125,5,Excellent product,2023-04-22
9785,346,136,5,Excellent product,2023-05-11
9786,363,147,3,Average product,2023-05-30
9787,380,158,5,Excellent product,2023-06-18
9788,397,169,5,Excellent product,2023-07-07
9789,414,180,4,Good product,2023-07-26
9790,431,191,2,Product quality could be better,2023-08-14
9791,448,202,5,Excellent product,2023-09-02
9792,465,213,4,Good product,2023-09-21
9793,482,224,3,Average product,2023-10-10
9794,499,235,5,Excellent product,2023-10-29
9795,516,246,4,Good product,2023-11-17
9796,533,257,5,Excellent product,2023-12-06
9797,550,268,5,Excellent product,2023-12-25
9798,567,279,4,Good product,2024-01-13
9799,584,290,5,Excellent product,2024-02-01
9800,601,301,1,Very poor experience,2024-02-20
9801,618,312,4,Good product,2024-03-10
9802,635,323,5,Excellent product,2024-03-29
9803,652,334,5,Excellent product,2024-04-17
9804,669,345,4,Good product,2024-05-06
9805,686,356,5,Excellent product,2024-05-25
9806,703,367,5,Excellent product,2024-06-13
9807,720,378,3,Average product,2024-07-02
9808,737,389,5,Excellent product,2024-07-21
9809,754,400,5,Excellent product,2024-08-09
9810,771,411,2,Product quality could be better,2024-08-28
9811,788,422,5,Excellent product,2024-09-16
9812,805,433,5,Excellent product,2024-10-05
9813,822,444,4,Good product,2024-10-24
9814,839,455,3,Average product,2024-11-12
9815,856,466,5,Excellent product,2024-12-01
9816,873,477,4,Good product,2024-12-20
9817,890,488,5,Excellent product,2025-01-08
9818,907,499,5,Excellent product,2025-01-27
9819,924,10,4,Good product,2025-02-15
9820,941,21,1,Very poor experience,2025-03-06
9821,958,32,3,Average product,2025-03-25
9822,975,43,4,Good product,2025-04-13
9823,992,54,5,Excellent product,2025-05-02
9824,1009,65,5,Excellent product,2025-05-21
9825,1026,76,4,Good product,2025-06-09
9826,1043,87,5,Excellent product,2025-06-28
9827,1060,98,5,Excellent product,2025-07-17
9828,1077,109,3,Average product,2025-08-05
9829,1094,120,5,Excellent product,2025-08-24
9830,1111,131,2,Product quality could be better,2025-09-12
9831,1128,142,4,Good product,2025-10-01
9832,1145,153,5,Excellent product,2025-10-20
9833,1162,164,5,Excellent product,2025-11-08
9834,1179,175,4,Good product,2025-11-27
9835,1196,186,3,Average product,2025-12-16
9836,1213,197,5,Excellent product,2022-01-05
9837,1230,208,4,Good product,2022-01-24
9838,1247,219,5,Excellent product,2022-02-12
9839,1264,230,5,Excellent product,2022-03-03
9840,1281,241,1,Very poor experience,2022-03-22
9841,1298,252,5,Excellent product,2022-04-10
9842,1315,263,3,Average product,2022-04-29
9843,1332,274,4,Good product,2022-05-18
9844,1349,285,5,Excellent product,2022-06-06
9845,1366,296,5,Excellent product,2022-06-25
9846,1383,307,4,Good product,2022-07-14
9847,1400,318,5,Excellent product,2022-08-02
9848,1417,329,5,Excellent product,2022-08-21
9849,1434,340,3,Average product,2022-09-09
9850,1451,351,2,Product quality could be better,2022-09-28
9851,1468,362,5,Excellent product,2022-10-17
9852,1485,373,4,Good product,2022-11-05
9853,1502,384,5,Excellent product,2022-11-24
9854,1519,395,5,Excellent product,2022-12-13
9855,1536,406,4,Good product,2023-01-01
9856,1553,417,3,Average product,2023-01-20
9857,1570,428,5,Excellent product,2023-02-08
9858,1587,439,4,Good product,2023-02-27
9859,1604,450,5,Excellent product,2023-03-18
9860,1621,461,1,Very poor experience,2023-04-06
9861,1638,472,4,Good product,2023-04-25
9862,1655,483,5,Excellent product,2023-05-14
9863,1672,494,3,Average product,2023-06-02
9864,1689,5,4,Good product,2023-06-21
9865,1706,16,5,Excellent product,2023-07-10
9866,1723,27,5,Excellent product,2023-07-29
9867,1740,38,4,Good product,2023-08-17
9868,1757,49,5,Excellent product,2023-09-05
9869,1774,60,5,Excellent product,2023-09-24
9870,1791,71,2,Product quality could be better,2023-10-13
9871,1808,82,5,Excellent product,2023-11-01
9872,1825,93,5,Excellent product,2023-11-20
9873,1842,104,4,Good product,2023-12-09
9874,1859,115,5,Excellent product,2023-12-28
9875,1876,126,5,Excellent product,2024-01-16
9876,1893,137,4,Good product,2024-02-04
9877,1910,148,3,Average product,2024-02-23
9878,1927,159,5,Excellent product,2024-03-13
9879,1944,170,4,Good product,2024-04-01
9880,1961,181,1,Very poor experience,2024-04-20
9881,1978,192,5,Excellent product,2024-05-09
9882,1995,203,4,Good product,2024-05-28
9883,12,214,5,Excellent product,2024-06-16
9884,29,225,3,Average product,2024-07-05
9885,46,236,4,Good product,2024-07-24
9886,63,247,5,Excellent product,2024-08-12
9887,80,258,5,Excellent product,2024-08-31
9888,97,269,4,Good product,2024-09-19
9889,114,280,5,Excellent product,2024-10-08
9890,131,291,2,Product quality could be better,2024-10-27
9891,148,302,3,Average product,2024-11-15
9892,165,313,5,Excellent product,2024-12-04
9893,182,324,5,Excellent product,2024-12-23
9894,199,335,4,Good product,2025-01-11
9895,216,346,5,Excellent product,2025-01-30
9896,233,357,5,Excellent product,2025-02-18
9897,250,368,4,Good product,2025-03-09
9898,267,379,3,Average product,2025-03-28
9899,284,390,5,Excellent product,2025-04-16
9900,301,401,1,Very poor experience,2025-05-05
9901,318,412,5,Excellent product,2025-05-24
9902,335,423,5,Excellent product,2025-06-12
9903,352,434,4,Good product,2025-07-01
9904,369,445,5,Excellent product,2025-07-20
9905,386,456,3,Average product,2025-08-08
9906,403,467,4,Good product,2025-08-27
9907,420,478,5,Excellent product,2025-09-15
9908,437,489,5,Excellent product,2025-10-04
9909,454,500,4,Good product,2025-10-23
9910,471,11,2,Product quality could be better,2025-11-11
9911,488,22,5,Excellent product,2025-11-30
9912,505,33,3,Average product,2025-12-19
9913,522,44,5,Excellent product,2022-01-08
9914,539,55,5,Excellent product,2022-01-27
9915,556,66,4,Good product,2022-02-15
9916,573,77,5,Excellent product,2022-03-06
9917,590,88,5,Excellent product,2022-03-25
9918,607,99,4,Good product,2022-04-13
9919,624,110,3,Average product,2022-05-02
9920,641,121,1,Very poor experience,2022-05-21
9921,658,132,4,Good product,2022-06-09
9922,675,143,5,Excellent product,2022-06-28
9923,692,154,5,Excellent product,2022-07-17
9924,709,165,4,Good product,2022-08-05
9925,726,176,5,Excellent product,2022-08-24
9926,743,187,3,Average product,2022-09-12
9927,760,198,4,Good product,2022-10-01
9928,777,209,5,Excellent product,2022-10-20
9929,794,220,5,Excellent product,2022-11-08
9930,811,231,2,Product quality could be better,2022-11-27
9931,828,242,5,Excellent product,2022-12-16
9932,845,253,5,Excellent product,2023-01-04
9933,862,264,3,Average product,2023-01-23
9934,879,275,5,Excellent product,2023-02-11
9935,896,286,5,Excellent product,2023-03-02
9936,913,297,4,Good product,2023-03-21
9937,930,308,5,Excellent product,2023-04-09
9938,947,319,5,Excellent product,2023-04-28
9939,964,330,4,Good product,2023-05-17
9940,981,341,1,Very poor experience,2023-06-05
9941,998,352,5,Excellent product,2023-06-24
9942,1015,363,4,Good product,2023-07-13
9943,1032,374,5,Excellent product,2023-08-01
9944,1049,385,5,Excellent product,2023-08-20
9945,1066,396,4,Good product,2023-09-08
9946,1083,407,5,Excellent product,2023-09-27
9947,1100,418,3,Average product,2023-10-16
9948,1117,429,4,Good product,2023-11-04
9949,1134,440,5,Excellent product,2023-11-23
9950,1151,451,2,Product quality could be better,2023-12-12
9951,1168,462,4,Good product,2023-12-31
9952,1185,473,5,Excellent product,2024-01-19
9953,1202,484,5,Excellent product,2024-02-07
9954,1219,495,3,Average product,2024-02-26
9955,1236,6,5,Excellent product,2024-03-16
9956,1253,17,5,Excellent product,2024-04-04
9957,1270,28,4,Good product,2024-04-23
9958,1287,39,5,Excellent product,2024-05-12
9959,1304,50,5,Excellent product,2024-05-31
9960,1321,61,1,Very poor experience,2024-06-19
9961,1338,72,3,Average product,2024-07-08
9962,1355,83,5,Excellent product,2024-07-27
9963,1372,94,4,Good product,2024-08-15
9964,1389,105,5,Excellent product,2024-09-03
9965,1406,116,5,Excellent product,2024-09-22
9966,1423,127,4,Good product,2024-10-11
9967,1440,138,5,Excellent product,2024-10-30
9968,1457,149,3,Average product,2024-11-18
9969,1474,160,4,Good product,2024-12-07
9970,1491,171,2,Product quality could be better,2024-12-26
9971,1508,182,5,Excellent product,2025-01-14
9972,1525,193,4,Good product,2025-02-02
9973,1542,204,5,Excellent product,2025-02-21
9974,1559,215,5,Excellent product,2025-03-12
9975,1576,226,3,Average product,2025-03-31
9976,1593,237,5,Excellent product,2025-04-19
9977,1610,248,5,Excellent product,2025-05-08
9978,1627,259,4,Good product,2025-05-27
9979,1644,270,5,Excellent product,2025-06-15
9980,1661,281,1,Very poor experience,2025-07-04
9981,1678,292,4,Good product,2025-07-23
9982,1695,303,3,Average product,2025-08-11
9983,1712,314,5,Excellent product,2025-08-30
9984,1729,325,4,Good product,2025-09-18
9985,1746,336,5,Excellent product,2025-10-07
9986,1763,347,5,Excellent product,2025-10-26
9987,1780,358,4,Good product,2025-11-14
9988,1797,369,5,Excellent product,2025-12-03
9989,1814,380,3,Average product,2025-12-22
9990,1831,391,2,Product quality could be better,2022-01-11
9991,1848,402,5,Excellent product,2022-01-30
9992,1865,413,5,Excellent product,2022-02-18
9993,1882,424,4,Good product,2022-03-09
9994,1899,435,5,Excellent product,2022-03-28
9995,1916,446,5,Excellent product,2022-04-16
9996,1933,457,3,Average product,2022-05-05
9997,1950,468,5,Excellent product,2022-05-24
9998,1967,479,5,Excellent product,2022-06-12
9999,1984,490,4,Good product,2022-07-01
10000,1,1,1,Very poor experience,2022-07-20
10001,18,12,5,Excellent product,2022-08-08
10002,35,23,4,Good product,2022-08-27
10003,52,34,3,Average product,2022-09-15
10004,69,45,5,Excellent product,2022-10-04
10005,86,56,4,Good product,2022-10-23
10006,103,67,5,Excellent product,2022-11-11
10007,120,78,5,Excellent product,2022-11-30
10008,137,89,4,Good product,2022-12-19
10009,154,100,5,Excellent product,2023-01-07
10010,171,111,2,Product quality could be better,2023-01-26
10011,188,122,4,Good product,2023-02-14
10012,205,133,5,Excellent product,2023-03-05
10013,222,144,5,Excellent product,2023-03-24
10014,239,155,4,Good product,2023-04-12
10015,256,166,5,Excellent product,2023-05-01
10016,273,177,5,Excellent product,2023-05-20
10017,290,188,3,Average product,2023-06-08
10018,307,199,5,Excellent product,2023-06-27
10019,324,210,5,Excellent product,2023-07-16
10020,341,221,1,Very poor experience,2023-08-04
10021,358,232,5,Excellent product,2023-08-23
10022,375,243,5,Excellent product,2023-09-11
10023,392,254,4,Good product,2023-09-30
10024,409,265,3,Average product,2023-10-19
10025,426,276,5,Excellent product,2023-11-07
10026,443,287,4,Good product,2023-11-26
10027,460,298,5,Excellent product,2023-12-15
10028,477,309,5,Excellent product,2024-01-03
10029,494,320,4,Good product,2024-01-22
10030,511,331,2,Product quality could be better,2024-02-10
10031,528,342,3,Average product,2024-02-29
10032,545,353,4,Good product,2024-03-19
10033,562,364,5,Excellent product,2024-04-07
10034,579,375,5,Excellent product,2024-04-26
10035,596,386,4,Good product,2024-05-15
10036,613,397,5,Excellent product,2024-06-03
10037,630,408,5,Excellent product,2024-06-22
10038,647,419,3,Average product,2024-07-11
10039,664,430,5,Excellent product,2024-07-30
10040,681,441,1,Very poor experience,2024-08-18
10041,698,452,4,Good product,2024-09-06
10042,715,463,5,Excellent product,2024-09-25
10043,732,474,5,Excellent product,2024-10-14
10044,749,485,4,Good product,2024-11-02
10045,766,496,3,Average product,2024-11-21
10046,783,7,5,Excellent product,2024-12-10
10047,800,18,4,Good product,2024-12-29
10048,817,29,5,Excellent product,2025-01-17
10049,834,40,5,Excellent product,2025-02-05
10050,851,51,2,Product quality could be better,2025-02-24
10051,868,62,5,Excellent product,2025-03-15
10052,885,73,3,Average product,2025-04-03
10053,902,84,4,Good product,2025-04-22
10054,919,95,5,Excellent product,2025-05-11
10055,936,106,5,Excellent product,2025-05-30
10056,953,117,4,Good product,2025-06-18
10057,970,128,5,Excellent product,2025-07-07
10058,987,139,5,Excellent product,2025-07-26
10059,1004,150,3,Average product,2025-08-14
10060,1021,161,1,Very poor experience,2025-09-02
10061,1038,172,5,Excellent product,2025-09-21
10062,1055,183,4,Good product,2025-10-10
10063,1072,194,5,Excellent product,2025-10-29
10064,1089,205,5,Excellent product,2025-11-17
10065,1106,216,4,Good product,2025-12-06
10066,1123,227,3,Average product,2025-12-25
10067,1140,238,5,Excellent product,2022-01-14
10068,1157,249,4,Good product,2022-02-02
10069,1174,260,5,Excellent product,2022-02-21
10070,1191,271,2,Product quality could be better,2022-03-12
10071,1208,282,4,Good product,2022-03-31
10072,1225,293,5,Excellent product,2022-04-19
10073,1242,304,3,Average product,2022-05-08
10074,1259,315,4,Good product,2022-05-27
10075,1276,326,5,Excellent product,2022-06-15
10076,1293,337,5,Excellent product,2022-07-04
10077,1310,348,4,Good product,2022-07-23
10078,1327,359,5,Excellent product,2022-08-11
10079,1344,370,5,Excellent product,2022-08-30
10080,1361,381,1,Very poor experience,2022-09-18
10081,1378,392,5,Excellent product,2022-10-07
10082,1395,403,5,Excellent product,2022-10-26
10083,1412,414,4,Good product,2022-11-14
10084,1429,425,5,Excellent product,2022-12-03
10085,1446,436,5,Excellent product,2022-12-22
10086,1463,447,4,Good product,2023-01-10
10087,1480,458,3,Average product,2023-01-29
10088,1497,469,5,Excellent product,2023-02-17
10089,1514,480,4,Good product,2023-03-08
10090,1531,491,2,Product quality could be better,2023-03-27
10091,1548,2,5,Excellent product,2023-04-15
10092,1565,13,4,Good product,2023-05-04
10093,1582,24,5,Excellent product,2023-05-23
10094,1599,35,3,Average product,2023-06-11
10095,1616,46,4,Good product,2023-06-30
10096,1633,57,5,Excellent product,2023-07-19
10097,1650,68,5,Excellent product,2023-08-07
10098,1667,79,4,Good product,2023-08-26
10099,1684,90,5,Excellent product,2023-09-14
10100,1701,101,1,Very poor experience,2023-10-03
10101,1718,112,3,Average product,2023-10-22
10102,1735,123,5,Excellent product,2023-11-10
10103,1752,134,5,Excellent product,2023-11-29
10104,1769,145,4,Good product,2023-12-18
10105,1786,156,5,Excellent product,2024-01-06
10106,1803,167,5,Excellent product,2024-01-25
10107,1820,178,4,Good product,2024-02-13
10108,1837,189,3,Average product,2024-03-03
10109,1854,200,5,Excellent product,2024-03-22
10110,1871,211,2,Product quality could be better,2024-04-10
10111,1888,222,5,Excellent product,2024-04-29
10112,1905,233,5,Excellent product,2024-05-18
10113,1922,244,4,Good product,2024-06-06
10114,1939,255,5,Excellent product,2024-06-25
10115,1956,266,3,Average product,2024-07-14
10116,1973,277,4,Good product,2024-08-02
10117,1990,288,5,Excellent product,2024-08-21
10118,7,299,5,Excellent product,2024-09-09
10119,24,310,4,Good product,2024-09-28
10120,41,321,1,Very poor experience,2024-10-17
10121,58,332,5,Excellent product,2024-11-05
10122,75,343,3,Average product,2024-11-24
10123,92,354,5,Excellent product,2024-12-13
10124,109,365,5,Excellent product,2025-01-01
10125,126,376,4,Good product,2025-01-20
10126,143,387,5,Excellent product,2025-02-08
10127,160,398,5,Excellent product,2025-02-27
10128,177,409,4,Good product,2025-03-18
10129,194,420,3,Average product,2025-04-06
10130,211,431,2,Product quality could be better,2025-04-25
10131,228,442,4,Good product,2025-05-14
10132,245,453,5,Excellent product,2025-06-02
10133,262,464,5,Excellent product,2025-06-21
10134,279,475,4,Good product,2025-07-10
10135,296,486,5,Excellent product,2025-07-29
10136,313,497,3,Average product,2025-08-17
10137,330,8,4,Good product,2025-09-05
10138,347,19,5,Excellent product,2025-09-24
10139,364,30,5,Excellent product,2025-10-13
10140,381,41,1,Very poor experience,2025-11-01
10141,398,52,5,Excellent product,2025-11-20
10142,415,63,5,Excellent product,2025-12-09
10143,432,74,3,Average product,2025-12-28
10144,449,85,5,Excellent product,2022-01-17
10145,466,96,5,Excellent product,2022-02-05
10146,483,107,4,Good product,2022-02-24
10147,500,118,5,Excellent product,2022-03-15
10148,517,129,5,Excellent product,2022-04-03
10149,534,140,4,Good product,2022-04-22
10150,551,151,2,Product quality could be better,2022-05-11
10151,568,162,5,Excellent product,2022-05-30
10152,585,173,4,Good product,2022-06-18
10153,602,184,5,Excellent product,2022-07-07
10154,619,195,5,Excellent product,2022-07-26
10155,636,206,4,Good product,2022-08-14
10156,653,217,5,Excellent product,2022-09-02
10157,670,228,3,Average product,2022-09-21
10158,687,239,4,Good product,2022-10-10
10159,704,250,5,Excellent product,2022-10-29
10160,721,261,1,Very poor experience,2022-11-17
10161,738,272,4,Good product,2022-12-06
10162,755,283,5,Excellent product,2022-12-25
10163,772,294,5,Excellent product,2023-01-13
10164,789,305,3,Average product,2023-02-01
10165,806,316,5,Excellent product,2023-02-20
10166,823,327,5,Excellent product,2023-03-11
10167,840,338,4,Good product,2023-03-30
10168,857,349,5,Excellent product,2023-04-18
10169,874,360,5,Excellent product,2023-05-07
10170,891,371,2,Product quality could be better,2023-05-26
10171,908,382,3,Average product,2023-06-14
10172,925,393,5,Excellent product,2023-07-03
10173,942,404,4,Good product,2023-07-22
10174,959,415,5,Excellent product,2023-08-10
10175,976,426,5,Excellent product,2023-08-29
10176,993,437,4,Good product,2023-09-17
10177,1010,448,5,Excellent product,2023-10-06
10178,1027,459,3,Average product,2023-10-25
10179,1044,470,4,Good product,2023-11-13
10180,1061,481,1,Very poor experience,2023-12-02
10181,1078,492,5,Excellent product,2023-12-21
10182,1095,3,4,Good product,2024-01-09
10183,1112,14,5,Excellent product,2024-01-28
10184,1129,25,5,Excellent product,2024-02-16
10185,1146,36,3,Average product,2024-03-06
10186,1163,47,5,Excellent product,2024-03-25
10187,1180,58,5,Excellent product,2024-04-13
10188,1197,69,4,Good product,2024-05-02
10189,1214,80,5,Excellent product,2024-05-21
10190,1231,91,2,Product quality could be better,2024-06-09
10191,1248,102,4,Good product,2024-06-28
10192,1265,113,3,Average product,2024-07-17
10193,1282,124,5,Excellent product,2024-08-05
10194,1299,135,4,Good product,2024-08-24
10195,1316,146,5,Excellent product,2024-09-12
10196,1333,157,5,Excellent product,2024-10-01
10197,1350,168,4,Good product,2024-10-20
10198,1367,179,5,Excellent product,2024-11-08
10199,1384,190,3,Average product,2024-11-27
10200,1401,201,1,Very poor experience,2024-12-16
10201,1418,212,5,Excellent product,2025-01-04
10202,1435,223,5,Excellent product,2025-01-23
10203,1452,234,4,Good product,2025-02-11
10204,1469,245,5,Excellent product,2025-03-02
10205,1486,256,5,Excellent product,2025-03-21
10206,1503,267,3,Average product,2025-04-09
10207,1520,278,5,Excellent product,2025-04-28
10208,1537,289,5,Excellent product,2025-05-17
10209,1554,300,4,Good product,2025-06-05
10210,1571,311,2,Product quality could be better,2025-06-24
10211,1588,322,5,Excellent product,2025-07-13
10212,1605,333,4,Good product,2025-08-01
10213,1622,344,3,Average product,2025-08-20
10214,1639,355,5,Excellent product,2025-09-08
10215,1656,366,4,Good product,2025-09-27
10216,1673,377,5,Excellent product,2025-10-16
10217,1690,388,5,Excellent product,2025-11-04
10218,1707,399,4,Good product,2025-11-23
10219,1724,410,5,Excellent product,2025-12-12
10220,1741,421,1,Very poor experience,2022-01-01
10221,1758,432,4,Good product,2022-01-20
10222,1775,443,5,Excellent product,2022-02-08
10223,1792,454,5,Excellent product,2022-02-27
10224,1809,465,4,Good product,2022-03-18
10225,1826,476,5,Excellent product,2022-04-06
10226,1843,487,5,Excellent product,2022-04-25
10227,1860,498,3,Average product,2022-05-14
10228,1877,9,5,Excellent product,2022-06-02
10229,1894,20,5,Excellent product,2022-06-21
10230,1911,31,2,Product quality could be better,2022-07-10
10231,1928,42,5,Excellent product,2022-07-29
10232,1945,53,5,Excellent product,2022-08-17
10233,1962,64,4,Good product,2022-09-05
10234,1979,75,3,Average product,2022-09-24
10235,1996,86,5,Excellent product,2022-10-13
10236,13,97,4,Good product,2022-11-01
10237,30,108,5,Excellent product,2022-11-20
10238,47,119,5,Excellent product,2022-12-09
10239,64,130,4,Good product,2022-12-28
10240,81,141,1,Very poor experience,2023-01-16
10241,98,152,3,Average product,2023-02-04
10242,115,163,4,Good product,2023-02-23
10243,132,174,5,Excellent product,2023-03-14
10244,149,185,5,Excellent product,2023-04-02
10245,166,196,4,Good product,2023-04-21
10246,183,207,5,Excellent product,2023-05-10
10247,200,218,5,Excellent product,2023-05-29
10248,217,229,3,Average product,2023-06-17
10249,234,240,5,Excellent product,2023-07-06
10250,251,251,2,Product quality could be better,2023-07-25
10251,268,262,4,Good product,2023-08-13
10252,285,273,5,Excellent product,2023-09-01
10253,302,284,5,Excellent product,2023-09-20
10254,319,295,4,Good product,2023-10-09
10255,336,306,3,Average product,2023-10-28
10256,353,317,5,Excellent product,2023-11-16
10257,370,328,4,Good product,2023-12-05
10258,387,339,5,Excellent product,2023-12-24
10259,404,350,5,Excellent product,2024-01-12
10260,421,361,1,Very poor experience,2024-01-31
10261,438,372,5,Excellent product,2024-02-19
10262,455,383,3,Average product,2024-03-09
10263,472,394,4,Good product,2024-03-28
10264,489,405,5,Excellent product,2024-04-16
10265,506,416,5,Excellent product,2024-05-05
10266,523,427,4,Good product,2024-05-24
10267,540,438,5,Excellent product,2024-06-12
10268,557,449,5,Excellent product,2024-07-01
10269,574,460,3,Average product,2024-07-20
10270,591,471,2,Product quality could be better,2024-08-08
10271,608,482,5,Excellent product,2024-08-27
10272,625,493,4,Good product,2024-09-15
10273,642,4,5,Excellent product,2024-10-04
10274,659,15,5,Excellent product,2024-10-23
10275,676,26,4,Good product,2024-11-11
10276,693,37,3,Average product,2024-11-30
10277,710,48,5,Excellent product,2024-12-19
10278,727,59,4,Good product,2025-01-07
10279,744,70,5,Excellent product,2025-01-26
10280,761,81,1,Very poor experience,2025-02-14
10281,778,92,4,Good product,2025-03-05
10282,795,103,5,Excellent product,2025-03-24
10283,812,114,3,Average product,2025-04-12
10284,829,125,4,Good product,2025-05-01
10285,846,136,5,Excellent product,2025-05-20
10286,863,147,5,Excellent product,2025-06-08
10287,880,158,4,Good product,2025-06-27
10288,897,169,5,Excellent product,2025-07-16
10289,914,180,5,Excellent product,2025-08-04
10290,931,191,2,Product quality could be better,2025-08-23
10291,948,202,5,Excellent product,2025-09-11
10292,965,213,5,Excellent product,2025-09-30
10293,982,224,4,Good product,2025-10-19
10294,999,235,5,Excellent product,2025-11-07
10295,1016,246,5,Excellent product,2025-11-26
10296,1033,257,4,Good product,2025-12-15
10297,1050,268,3,Average product,2022-01-04
10298,1067,279,5,Excellent product,2022-01-23
10299,1084,290,4,Good product,2022-02-11
10300,1101,301,1,Very poor experience,2022-03-02
10301,1118,312,5,Excellent product,2022-03-21
10302,1135,323,4,Good product,2022-04-09
10303,1152,334,5,Excellent product,2022-04-28
10304,1169,345,3,Average product,2022-05-17
10305,1186,356,4,Good product,2022-06-05
10306,1203,367,5,Excellent product,2022-06-24
10307,1220,378,5,Excellent product,2022-07-13
10308,1237,389,4,Good product,2022-08-01
10309,1254,400,5,Excellent product,2022-08-20
10310,1271,411,2,Product quality could be better,2022-09-08
10311,1288,422,3,Average product,2022-09-27
10312,1305,433,5,Excellent product,2022-10-16
10313,1322,444,5,Excellent product,2022-11-04
10314,1339,455,4,Good product,2022-11-23
10315,1356,466,5,Excellent product,2022-12-12
10316,1373,477,5,Excellent product,2022-12-31
10317,1390,488,4,Good product,2023-01-19
10318,1407,499,3,Average product,2023-02-07
10319,1424,10,5,Excellent product,2023-02-26
10320,1441,21,1,Very poor experience,2023-03-17
10321,1458,32,5,Excellent product,2023-04-05
10322,1475,43,5,Excellent product,2023-04-24
10323,1492,54,4,Good product,2023-05-13
10324,1509,65,5,Excellent product,2023-06-01
10325,1526,76,3,Average product,2023-06-20
10326,1543,87,4,Good product,2023-07-09
10327,1560,98,5,Excellent product,2023-07-28
10328,1577,109,5,Excellent product,2023-08-16
10329,1594,120,4,Good product,2023-09-04
10330,1611,131,2,Product quality could be better,2023-09-23
10331,1628,142,5,Excellent product,2023-10-12
10332,1645,153,3,Average product,2023-10-31
10333,1662,164,5,Excellent product,2023-11-19
10334,1679,175,5,Excellent product,2023-12-08
10335,1696,186,4,Good product,2023-12-27
10336,1713,197,5,Excellent product,2024-01-15
10337,1730,208,5,Excellent product,2024-02-03
10338,1747,219,4,Good product,2024-02-22
10339,1764,230,3,Average product,2024-03-12
10340,1781,241,1,Very poor experience,2024-03-31
10341,1798,252,4,Good product,2024-04-19
10342,1815,263,5,Excellent product,2024-05-08
10343,1832,274,5,Excellent product,2024-05-27
10344,1849,285,4,Good product,2024-06-15
10345,1866,296,5,Excellent product,2024-07-04
10346,1883,307,3,Average product,2024-07-23
10347,1900,318,4,Good product,2024-08-11
10348,1917,329,5,Excellent product,2024-08-30
10349,1934,340,5,Excellent product,2024-09-18
10350,1951,351,2,Product quality could be better,2024-10-07
10351,1968,362,5,Excellent product,2024-10-26
10352,1985,373,5,Excellent product,2024-11-14
10353,2,384,3,Average product,2024-12-03
10354,19,395,5,Excellent product,2024-12-22
10355,36,406,5,Excellent product,2025-01-10
10356,53,417,4,Good product,2025-01-29
10357,70,428,5,Excellent product,2025-02-17
10358,87,439,5,Excellent product,2025-03-08
10359,104,450,4,Good product,2025-03-27
10360,121,461,1,Very poor experience,2025-04-15
10361,138,472,5,Excellent product,2025-05-04
10362,155,483,4,Good product,2025-05-23
10363,172,494,5,Excellent product,2025-06-11
10364,189,5,5,Excellent product,2025-06-30
10365,206,16,4,Good product,2025-07-19
10366,223,27,5,Excellent product,2025-08-07
10367,240,38,3,Average product,2025-08-26
10368,257,49,4,Good product,2025-09-14
10369,274,60,5,Excellent product,2025-10-03
10370,291,71,2,Product quality could be better,2025-10-22
10371,308,82,4,Good product,2025-11-10
10372,325,93,5,Excellent product,2025-11-29
10373,342,104,5,Excellent product,2025-12-18
10374,359,115,3,Average product,2022-01-07
10375,376,126,5,Excellent product,2022-01-26
10376,393,137,5,Excellent product,2022-02-14
10377,410,148,4,Good product,2022-03-05
10378,427,159,5,Excellent product,2022-03-24
10379,444,170,5,Excellent product,2022-04-12
10380,461,181,1,Very poor experience,2022-05-01
10381,478,192,3,Average product,2022-05-20
10382,495,203,5,Excellent product,2022-06-08
10383,512,214,4,Good product,2022-06-27
10384,529,225,5,Excellent product,2022-07-16
10385,546,236,5,Excellent product,2022-08-04
10386,563,247,4,Good product,2022-08-23
10387,580,258,5,Excellent product,2022-09-11
10388,597,269,3,Average product,2022-09-30
10389,614,280,4,Good product,2022-10-19
10390,631,291,2,Product quality could be better,2022-11-07
10391,648,302,5,Excellent product,2022-11-26
10392,665,313,4,Good product,2022-12-15
10393,682,324,5,Excellent product,2023-01-03
10394,699,335,5,Excellent product,2023-01-22
10395,716,346,3,Average product,2023-02-10
10396,733,357,5,Excellent product,2023-03-01
10397,750,368,5,Excellent product,2023-03-20
10398,767,379,4,Good product,2023-04-08
10399,784,390,5,Excellent product,2023-04-27
10400,801,401,1,Very poor experience,2023-05-16
10401,818,412,4,Good product,2023-06-04
10402,835,423,3,Average product,2023-06-23
10403,852,434,5,Excellent product,2023-07-12
10404,869,445,4,Good product,2023-07-31
10405,886,456,5,Excellent product,2023-08-19
10406,903,467,5,Excellent product,2023-09-07
10407,920,478,4,Good product,2023-09-26
10408,937,489,5,Excellent product,2023-10-15
10409,954,500,3,Average product,2023-11-03
10410,971,11,2,Product quality could be better,2023-11-22
10411,988,22,5,Excellent product,2023-12-11
10412,1005,33,5,Excellent product,2023-12-30
10413,1022,44,4,Good product,2024-01-18
10414,1039,55,5,Excellent product,2024-02-06
10415,1056,66,5,Excellent product,2024-02-25
10416,1073,77,3,Average product,2024-03-15
10417,1090,88,5,Excellent product,2024-04-03
10418,1107,99,5,Excellent product,2024-04-22
10419,1124,110,4,Good product,2024-05-11
10420,1141,121,1,Very poor experience,2024-05-30
10421,1158,132,5,Excellent product,2024-06-18
10422,1175,143,4,Good product,2024-07-07
10423,1192,154,3,Average product,2024-07-26
10424,1209,165,5,Excellent product,2024-08-14
10425,1226,176,4,Good product,2024-09-02
10426,1243,187,5,Excellent product,2024-09-21
10427,1260,198,5,Excellent product,2024-10-10
10428,1277,209,4,Good product,2024-10-29
10429,1294,220,5,Excellent product,2024-11-17
10430,1311,231,2,Product quality could be better,2024-12-06
10431,1328,242,4,Good product,2024-12-25
10432,1345,253,5,Excellent product,2025-01-13
10433,1362,264,5,Excellent product,2025-02-01
10434,1379,275,4,Good product,2025-02-20
10435,1396,286,5,Excellent product,2025-03-11
10436,1413,297,5,Excellent product,2025-03-30
10437,1430,308,3,Average product,2025-04-18
10438,1447,319,5,Excellent product,2025-05-07
10439,1464,330,5,Excellent product,2025-05-26
10440,1481,341,1,Very poor experience,2025-06-14
10441,1498,352,5,Excellent product,2025-07-03
10442,1515,363,5,Excellent product,2025-07-22
10443,1532,374,4,Good product,2025-08-10
10444,1549,385,3,Average product,2025-08-29
10445,1566,396,5,Excellent product,2025-09-17
10446,1583,407,4,Good product,2025-10-06
10447,1600,418,5,Excellent product,2025-10-25
10448,1617,429,5,Excellent product,2025-11-13
10449,1634,440,4,Good product,2025-12-02
10450,1651,451,2,Product quality could be better,2025-12-21
10451,1668,462,3,Average product,2022-01-10
10452,1685,473,4,Good product,2022-01-29
10453,1702,484,5,Excellent product,2022-02-17
10454,1719,495,5,Excellent product,2022-03-08
10455,1736,6,4,Good product,2022-03-27
10456,1753,17,5,Excellent product,2022-04-15
10457,1770,28,5,Excellent product,2022-05-04
10458,1787,39,3,Average product,2022-05-23
10459,1804,50,5,Excellent product,2022-06-11
10460,1821,61,1,Very poor experience,2022-06-30
10461,1838,72,4,Good product,2022-07-19
10462,1855,83,5,Excellent product,2022-08-07
10463,1872,94,5,Excellent product,2022-08-26
10464,1889,105,4,Good product,2022-09-14
10465,1906,116,3,Average product,2022-10-03
10466,1923,127,5,Excellent product,2022-10-22
10467,1940,138,4,Good product,2022-11-10
10468,1957,149,5,Excellent product,2022-11-29
10469,1974,160,5,Excellent product,2022-12-18
10470,1991,171,2,Product quality could be better,2023-01-06
10471,8,182,5,Excellent product,2023-01-25
10472,25,193,3,Average product,2023-02-13
10473,42,204,4,Good product,2023-03-04
10474,59,215,5,Excellent product,2023-03-23
10475,76,226,5,Excellent product,2023-04-11
10476,93,237,4,Good product,2023-04-30
10477,110,248,5,Excellent product,2023-05-19
10478,127,259,5,Excellent product,2023-06-07
10479,144,270,3,Average product,2023-06-26
10480,161,281,1,Very poor experience,2023-07-15
10481,178,292,5,Excellent product,2023-08-03
10482,195,303,4,Good product,2023-08-22
10483,212,314,5,Excellent product,2023-09-10
10484,229,325,5,Excellent product,2023-09-29
10485,246,336,4,Good product,2023-10-18
10486,263,347,3,Average product,2023-11-06
10487,280,358,5,Excellent product,2023-11-25
10488,297,369,4,Good product,2023-12-14
10489,314,380,5,Excellent product,2024-01-02
10490,331,391,2,Product quality could be better,2024-01-21
10491,348,402,4,Good product,2024-02-09
10492,365,413,5,Excellent product,2024-02-28
10493,382,424,3,Average product,2024-03-18
10494,399,435,4,Good product,2024-04-06
10495,416,446,5,Excellent product,2024-04-25
10496,433,457,5,Excellent product,2024-05-14
10497,450,468,4,Good product,2024-06-02
10498,467,479,5,Excellent product,2024-06-21
10499,484,490,5,Excellent product,2024-07-10
10500,501,1,1,Very poor experience,2024-07-29
10501,518,12,5,Excellent product,2024-08-17
10502,535,23,5,Excellent product,2024-09-05
10503,552,34,4,Good product,2024-09-24
10504,569,45,5,Excellent product,2024-10-13
10505,586,56,5,Excellent product,2024-11-01
10506,603,67,4,Good product,2024-11-20
10507,620,78,3,Average product,2024-12-09
10508,637,89,5,Excellent product,2024-12-28
10509,654,100,4,Good product,2025-01-16
10510,671,111,2,Product quality could be better,2025-02-04
10511,688,122,5,Excellent product,2025-02-23
10512,705,133,4,Good product,2025-03-14
10513,722,144,5,Excellent product,2025-04-02
10514,739,155,3,Average product,2025-04-21
10515,756,166,4,Good product,2025-05-10
10516,773,177,5,Excellent product,2025-05-29
10517,790,188,5,Excellent product,2025-06-17
10518,807,199,4,Good product,2025-07-06
10519,824,210,5,Excellent product,2025-07-25
10520,841,221,1,Very poor experience,2025-08-13
10521,858,232,3,Average product,2025-09-01
10522,875,243,5,Excellent product,2025-09-20
10523,892,254,5,Excellent product,2025-10-09
10524,909,265,4,Good product,2025-10-28
10525,926,276,5,Excellent product,2025-11-16
10526,943,287,5,Excellent product,2025-12-05
10527,960,298,4,Good product,2025-12-24
10528,977,309,3,Average product,2022-01-13
10529,994,320,5,Excellent product,2022-02-01
10530,1011,331,2,Product quality could be better,2022-02-20
10531,1028,342,5,Excellent product,2022-03-11
10532,1045,353,5,Excellent product,2022-03-30
10533,1062,364,4,Good product,2022-04-18
10534,1079,375,5,Excellent product,2022-05-07
10535,1096,386,3,Average product,2022-05-26
10536,1113,397,4,Good product,2022-06-14
10537,1130,408,5,Excellent product,2022-07-03
10538,1147,419,5,Excellent product,2022-07-22
10539,1164,430,4,Good product,2022-08-10
10540,1181,441,1,Very poor experience,2022-08-29
10541,1198,452,5,Excellent product,2022-09-17
10542,1215,463,3,Average product,2022-10-06
10543,1232,474,5,Excellent product,2022-10-25
10544,1249,485,5,Excellent product,2022-11-13
10545,1266,496,4,Good product,2022-12-02
10546,1283,7,5,Excellent product,2022-12-21
10547,1300,18,5,Excellent product,2023-01-09
10548,1317,29,4,Good product,2023-01-28
10549,1334,40,3,Average product,2023-02-16
10550,1351,51,2,Product quality could be better,2023-03-07
10551,1368,62,4,Good product,2023-03-26
10552,1385,73,5,Excellent product,2023-04-14
10553,1402,84,5,Excellent product,2023-05-03
10554,1419,95,4,Good product,2023-05-22
10555,1436,106,5,Excellent product,2023-06-10
10556,1453,117,3,Average product,2023-06-29
10557,1470,128,4,Good product,2023-07-18
10558,1487,139,5,Excellent product,2023-08-06
10559,1504,150,5,Excellent product,2023-08-25
10560,1521,161,1,Very poor experience,2023-09-13
10561,1538,172,5,Excellent product,2023-10-02
10562,1555,183,5,Excellent product,2023-10-21
10563,1572,194,3,Average product,2023-11-09
10564,1589,205,5,Excellent product,2023-11-28
10565,1606,216,5,Excellent product,2023-12-17
10566,1623,227,4,Good product,2024-01-05
10567,1640,238,5,Excellent product,2024-01-24
10568,1657,249,5,Excellent product,2024-02-12
10569,1674,260,4,Good product,2024-03-02
10570,1691,271,2,Product quality could be better,2024-03-21
10571,1708,282,5,Excellent product,2024-04-09
10572,1725,293,4,Good product,2024-04-28
10573,1742,304,5,Excellent product,2024-05-17
10574,1759,315,5,Excellent product,2024-06-05
10575,1776,326,4,Good product,2024-06-24
10576,1793,337,5,Excellent product,2024-07-13
10577,1810,348,3,Average product,2024-08-01
10578,1827,359,4,Good product,2024-08-20
10579,1844,370,5,Excellent product,2024-09-08
10580,1861,381,1,Very poor experience,2024-09-27
10581,1878,392,4,Good product,2024-10-16
10582,1895,403,5,Excellent product,2024-11-04
10583,1912,414,5,Excellent product,2024-11-23
10584,1929,425,3,Average product,2024-12-12
10585,1946,436,5,Excellent product,2024-12-31
10586,1963,447,5,Excellent product,2025-01-19
10587,1980,458,4,Good product,2025-02-07
10588,1997,469,5,Excellent product,2025-02-26
10589,14,480,5,Excellent product,2025-03-17
10590,31,491,2,Product quality could be better,2025-04-05
10591,48,2,3,Average product,2025-04-24
10592,65,13,5,Excellent product,2025-05-13
10593,82,24,4,Good product,2025-06-01
10594,99,35,5,Excellent product,2025-06-20
10595,116,46,5,Excellent product,2025-07-09
10596,133,57,4,Good product,2025-07-28
10597,150,68,5,Excellent product,2025-08-16
10598,167,79,3,Average product,2025-09-04
10599,184,90,4,Good product,2025-09-23
10600,201,101,1,Very poor experience,2025-10-12
10601,218,112,5,Excellent product,2025-10-31
10602,235,123,4,Good product,2025-11-19
10603,252,134,5,Excellent product,2025-12-08
10604,269,145,5,Excellent product,2025-12-27
10605,286,156,3,Average product,2022-01-16
10606,303,167,5,Excellent product,2022-02-04
10607,320,178,5,Excellent product,2022-02-23
10608,337,189,4,Good product,2022-03-14
10609,354,200,5,Excellent product,2022-04-02
10610,371,211,2,Product quality could be better,2022-04-21
10611,388,222,4,Good product,2022-05-10
10612,405,233,3,Average product,2022-05-29
10613,422,244,5,Excellent product,2022-06-17
10614,439,255,4,Good product,2022-07-06
10615,456,266,5,Excellent product,2022-07-25
10616,473,277,5,Excellent product,2022-08-13
10617,490,288,4,Good product,2022-09-01
10618,507,299,5,Excellent product,2022-09-20
10619,524,310,3,Average product,2022-10-09
10620,541,321,1,Very poor experience,2022-10-28
10621,558,332,5,Excellent product,2022-11-16
10622,575,343,5,Excellent product,2022-12-05
10623,592,354,4,Good product,2022-12-24
10624,609,365,5,Excellent product,2023-01-12
10625,626,376,5,Excellent product,2023-01-31
10626,643,387,3,Average product,2023-02-19
10627,660,398,5,Excellent product,2023-03-10
10628,677,409,5,Excellent product,2023-03-29
10629,694,420,4,Good product,2023-04-17
10630,711,431,2,Product quality could be better,2023-05-06
10631,728,442,5,Excellent product,2023-05-25
10632,745,453,4,Good product,2023-06-13
10633,762,464,3,Average product,2023-07-02
10634,779,475,5,Excellent product,2023-07-21
10635,796,486,4,Good product,2023-08-09
10636,813,497,5,Excellent product,2023-08-28
10637,830,8,5,Excellent product,2023-09-16
10638,847,19,4,Good product,2023-10-05
10639,864,30,5,Excellent product,2023-10-24
10640,881,41,1,Very poor experience,2023-11-12
10641,898,52,4,Good product,2023-12-01
10642,915,63,5,Excellent product,2023-12-20
10643,932,74,5,Excellent product,2024-01-08
10644,949,85,4,Good product,2024-01-27
10645,966,96,5,Excellent product,2024-02-15
10646,983,107,5,Excellent product,2024-03-05
10647,1000,118,3,Average product,2024-03-24
10648,1017,129,5,Excellent product,2024-04-12
10649,1034,140,5,Excellent product,2024-05-01
10650,1051,151,2,Product quality could be better,2024-05-20
10651,1068,162,5,Excellent product,2024-06-08
10652,1085,173,5,Excellent product,2024-06-27
10653,1102,184,4,Good product,2024-07-16
10654,1119,195,3,Average product,2024-08-04
10655,1136,206,5,Excellent product,2024-08-23
10656,1153,217,4,Good product,2024-09-11
10657,1170,228,5,Excellent product,2024-09-30
10658,1187,239,5,Excellent product,2024-10-19
10659,1204,250,4,Good product,2024-11-07
10660,1221,261,1,Very poor experience,2024-11-26
10661,1238,272,3,Average product,2024-12-15
10662,1255,283,4,Good product,2025-01-03
10663,1272,294,5,Excellent product,2025-01-22
10664,1289,305,5,Excellent product,2025-02-10
10665,1306,316,4,Good product,2025-03-01
10666,1323,327,5,Excellent product,2025-03-20
10667,1340,338,5,Excellent product,2025-04-08
10668,1357,349,3,Average product,2025-04-27
10669,1374,360,5,Excellent product,2025-05-16
10670,1391,371,2,Product quality could be better,2025-06-04
10671,1408,382,4,Good product,2025-06-23
10672,1425,393,5,Excellent product,2025-07-12
10673,1442,404,5,Excellent product,2025-07-31
10674,1459,415,4,Good product,2025-08-19
10675,1476,426,3,Average product,2025-09-07
10676,1493,437,5,Excellent product,2025-09-26
10677,1510,448,4,Good product,2025-10-15
10678,1527,459,5,Excellent product,2025-11-03
10679,1544,470,5,Excellent product,2025-11-22
10680,1561,481,1,Very poor experience,2025-12-11
10681,1578,492,5,Excellent product,2025-12-30
10682,1595,3,3,Average product,2022-01-19
10683,1612,14,4,Good product,2022-02-07
10684,1629,25,5,Excellent product,2022-02-26
10685,1646,36,5,Excellent product,2022-03-17
10686,1663,47,4,Good product,2022-04-05
10687,1680,58,5,Excellent product,2022-04-24
10688,1697,69,5,Excellent product,2022-05-13
10689,1714,80,3,Average product,2022-06-01
10690,1731,91,2,Product quality could be better,2022-06-20
10691,1748,102,5,Excellent product,2022-07-09
10692,1765,113,4,Good product,2022-07-28
10693,1782,124,5,Excellent product,2022-08-16
10694,1799,135,5,Excellent product,2022-09-04
10695,1816,146,4,Good product,2022-09-23
10696,1833,157,3,Average product,2022-10-12
10697,1850,168,5,Excellent product,2022-10-31
10698,1867,179,4,Good product,2022-11-19
10699,1884,190,5,Excellent product,2022-12-08
10700,1901,201,1,Very poor experience,2022-12-27
10701,1918,212,4,Good product,2023-01-15
10702,1935,223,5,Excellent product,2023-02-03
10703,1952,234,3,Average product,2023-02-22
10704,1969,245,4,Good product,2023-03-13
10705,1986,256,5,Excellent product,2023-04-01
10706,3,267,5,Excellent product,2023-04-20
10707,20,278,4,Good product,2023-05-09
10708,37,289,5,Excellent product,2023-05-28
10709,54,300,5,Excellent product,2023-06-16
10710,71,311,2,Product quality could be better,2023-07-05
10711,88,322,5,Excellent product,2023-07-24
10712,105,333,5,Excellent product,2023-08-12
10713,122,344,4,Good product,2023-08-31
10714,139,355,5,Excellent product,2023-09-19
10715,156,366,5,Excellent product,2023-10-08
10716,173,377,4,Good product,2023-10-27
10717,190,388,3,Average product,2023-11-15
10718,207,399,5,Excellent product,2023-12-04
10719,224,410,4,Good product,2023-12-23
10720,241,421,1,Very poor experience,2024-01-11
10721,258,432,5,Excellent product,2024-01-30
10722,275,443,4,Good product,2024-02-18
10723,292,454,5,Excellent product,2024-03-08
10724,309,465,3,Average product,2024-03-27
10725,326,476,4,Good product,2024-04-15
10726,343,487,5,Excellent product,2024-05-04
10727,360,498,5,Excellent product,2024-05-23
10728,377,9,4,Good product,2024-06-11
10729,394,20,5,Excellent product,2024-06-30
10730,411,31,2,Product quality could be better,2024-07-19
10731,428,42,3,Average product,2024-08-07
10732,445,53,5,Excellent product,2024-08-26
10733,462,64,5,Excellent product,2024-09-14
10734,479,75,4,Good product,2024-10-03
10735,496,86,5,Excellent product,2024-10-22
10736,513,97,5,Excellent product,2024-11-10
10737,530,108,4,Good product,2024-11-29
10738,547,119,3,Average product,2024-12-18
10739,564,130,5,Excellent product,2025-01-06
10740,581,141,1,Very poor experience,2025-01-25
10741,598,152,5,Excellent product,2025-02-13
10742,615,163,5,Excellent product,2025-03-04
10743,632,174,4,Good product,2025-03-23
10744,649,185,5,Excellent product,2025-04-11
10745,666,196,3,Average product,2025-04-30
10746,683,207,4,Good product,2025-05-19
10747,700,218,5,Excellent product,2025-06-07
10748,717,229,5,Excellent product,2025-06-26
10749,734,240,4,Good product,2025-07-15
10750,751,251,2,Product quality could be better,2025-08-03
10751,768,262,5,Excellent product,2025-08-22
10752,785,273,3,Average product,2025-09-10
10753,802,284,5,Excellent product,2025-09-29
10754,819,295,5,Excellent product,2025-10-18
10755,836,306,4,Good product,2025-11-06
10756,853,317,5,Excellent product,2025-11-25
10757,870,328,5,Excellent product,2025-12-14
10758,887,339,4,Good product,2022-01-03
10759,904,350,3,Average product,2022-01-22
10760,921,361,1,Very poor experience,2022-02-10
10761,938,372,4,Good product,2022-03-01
10762,955,383,5,Excellent product,2022-03-20
10763,972,394,5,Excellent product,2022-04-08
10764,989,405,4,Good product,2022-04-27
10765,1006,416,5,Excellent product,2022-05-16
10766,1023,427,3,Average product,2022-06-04
10767,1040,438,4,Good product,2022-06-23
10768,1057,449,5,Excellent product,2022-07-12
10769,1074,460,5,Excellent product,2022-07-31
10770,1091,471,2,Product quality could be better,2022-08-19
10771,1108,482,5,Excellent product,2022-09-07
10772,1125,493,5,Excellent product,2022-09-26
10773,1142,4,3,Average product,2022-10-15
10774,1159,15,5,Excellent product,2022-11-03
10775,1176,26,5,Excellent product,2022-11-22
10776,1193,37,4,Good product,2022-12-11
10777,1210,48,5,Excellent product,2022-12-30
10778,1227,59,5,Excellent product,2023-01-18
10779,1244,70,4,Good product,2023-02-06
10780,1261,81,1,Very poor experience,2023-02-25
10781,1278,92,5,Excellent product,2023-03-16
10782,1295,103,4,Good product,2023-04-04
10783,1312,114,5,Excellent product,2023-04-23
10784,1329,125,5,Excellent product,2023-05-12
10785,1346,136,4,Good product,2023-05-31
10786,1363,147,5,Excellent product,2023-06-19
10787,1380,158,3,Average product,2023-07-08
10788,1397,169,4,Good product,2023-07-27
10789,1414,180,5,Excellent product,2023-08-15
10790,1431,191,2,Product quality could be better,2023-09-03
10791,1448,202,4,Good product,2023-09-22
10792,1465,213,5,Excellent product,2023-10-11
10793,1482,224,5,Excellent product,2023-10-30
10794,1499,235,3,Average product,2023-11-18
10795,1516,246,5,Excellent product,2023-12-07
10796,1533,257,5,Excellent product,2023-12-26
10797,1550,268,4,Good product,2024-01-14
10798,1567,279,5,Excellent product,2024-02-02
10799,1584,290,5,Excellent product,2024-02-21
10800,1601,301,1,Very poor experience,2024-03-11
10801,1618,312,3,Average product,2024-03-30
10802,1635,323,5,Excellent product,2024-04-18
10803,1652,334,4,Good product,2024-05-07
10804,1669,345,5,Excellent product,2024-05-26
10805,1686,356,5,Excellent product,2024-06-14
10806,1703,367,4,Good product,2024-07-03
10807,1720,378,5,Excellent product,2024-07-22
10808,1737,389,3,Average product,2024-08-10
10809,1754,400,4,Good product,2024-08-29
10810,1771,411,2,Product quality could be better,2024-09-17
10811,1788,422,5,Excellent product,2024-10-06
10812,1805,433,4,Good product,2024-10-25
10813,1822,444,5,Excellent product,2024-11-13
10814,1839,455,5,Excellent product,2024-12-02
10815,1856,466,3,Average product,2024-12-21
10816,1873,477,5,Excellent product,2025-01-09
10817,1890,488,5,Excellent product,2025-01-28
10818,1907,499,4,Good product,2025-02-16
10819,1924,10,5,Excellent product,2025-03-07
10820,1941,21,1,Very poor experience,2025-03-26
10821,1958,32,4,Good product,2025-04-14
10822,1975,43,3,Average product,2025-05-03
10823,1992,54,5,Excellent product,2025-05-22
10824,9,65,4,Good product,2025-06-10
10825,26,76,5,Excellent product,2025-06-29
10826,43,87,5,Excellent product,2025-07-18
10827,60,98,4,Good product,2025-08-06
10828,77,109,5,Excellent product,2025-08-25
10829,94,120,3,Average product,2025-09-13
10830,111,131,2,Product quality could be better,2025-10-02
10831,128,142,5,Excellent product,2025-10-21
10832,145,153,5,Excellent product,2025-11-09
10833,162,164,4,Good product,2025-11-28
10834,179,175,5,Excellent product,2025-12-17
10835,196,186,5,Excellent product,2022-01-06
10836,213,197,3,Average product,2022-01-25
10837,230,208,5,Excellent product,2022-02-13
10838,247,219,5,Excellent product,2022-03-04
10839,264,230,4,Good product,2022-03-23
10840,281,241,1,Very poor experience,2022-04-11
10841,298,252,5,Excellent product,2022-04-30
10842,315,263,4,Good product,2022-05-19
10843,332,274,3,Average product,2022-06-07
10844,349,285,5,Excellent product,2022-06-26
10845,366,296,4,Good product,2022-07-15
10846,383,307,5,Excellent product,2022-08-03
10847,400,318,5,Excellent product,2022-08-22
10848,417,329,4,Good product,2022-09-10
10849,434,340,5,Excellent product,2022-09-29
10850,451,351,2,Product quality could be better,2022-10-18
10851,468,362,4,Good product,2022-11-06
10852,485,373,5,Excellent product,2022-11-25
10853,502,384,5,Excellent product,2022-12-14
10854,519,395,4,Good product,2023-01-02
10855,536,406,5,Excellent product,2023-01-21
10856,553,417,5,Excellent product,2023-02-09
10857,570,428,3,Average product,2023-02-28
10858,587,439,5,Excellent product,2023-03-19
10859,604,450,5,Excellent product,2023-04-07
10860,621,461,1,Very poor experience,2023-04-26
10861,638,472,5,Excellent product,2023-05-15
10862,655,483,5,Excellent product,2023-06-03
10863,672,494,4,Good product,2023-06-22
10864,689,5,3,Average product,2023-07-11
10865,706,16,5,Excellent product,2023-07-30
10866,723,27,4,Good product,2023-08-18
10867,740,38,5,Excellent product,2023-09-06
10868,757,49,5,Excellent product,2023-09-25
10869,774,60,4,Good product,2023-10-14
10870,791,71,2,Product quality could be better,2023-11-02
10871,808,82,3,Average product,2023-11-21
10872,825,93,4,Good product,2023-12-10
10873,842,104,5,Excellent product,2023-12-29
10874,859,115,5,Excellent product,2024-01-17
10875,876,126,4,Good product,2024-02-05
10876,893,137,5,Excellent product,2024-02-24
10877,910,148,5,Excellent product,2024-03-14
10878,927,159,3,Average product,2024-04-02
10879,944,170,5,Excellent product,2024-04-21
10880,961,181,1,Very poor experience,2024-05-10
10881,978,192,4,Good product,2024-05-29
10882,995,203,5,Excellent product,2024-06-17
10883,1012,214,5,Excellent product,2024-07-06
10884,1029,225,4,Good product,2024-07-25
10885,1046,236,3,Average product,2024-08-13
10886,1063,247,5,Excellent product,2024-09-01
10887,1080,258,4,Good product,2024-09-20
10888,1097,269,5,Excellent product,2024-10-09
10889,1114,280,5,Excellent product,2024-10-28
10890,1131,291,2,Product quality could be better,2024-11-16
10891,1148,302,5,Excellent product,2024-12-05
10892,1165,313,3,Average product,2024-12-24
10893,1182,324,4,Good product,2025-01-12
10894,1199,335,5,Excellent product,2025-01-31
10895,1216,346,5,Excellent product,2025-02-19
10896,1233,357,4,Good product,2025-03-10
10897,1250,368,5,Excellent product,2025-03-29
10898,1267,379,5,Excellent product,2025-04-17
10899,1284,390,3,Average product,2025-05-06
10900,1301,401,1,Very poor experience,2025-05-25
10901,1318,412,5,Excellent product,2025-06-13
10902,1335,423,4,Good product,2025-07-02
10903,1352,434,5,Excellent product,2025-07-21
10904,1369,445,5,Excellent product,2025-08-09
10905,1386,456,4,Good product,2025-08-28
10906,1403,467,3,Average product,2025-09-16
10907,1420,478,5,Excellent product,2025-10-05
10908,1437,489,4,Good product,2025-10-24
10909,1454,500,5,Excellent product,2025-11-12
10910,1471,11,2,Product quality could be better,2025-12-01
10911,1488,22,4,Good product,2025-12-20
10912,1505,33,5,Excellent product,2022-01-09
10913,1522,44,3,Average product,2022-01-28
10914,1539,55,4,Good product,2022-02-16
10915,1556,66,5,Excellent product,2022-03-07
10916,1573,77,5,Excellent product,2022-03-26
10917,1590,88,4,Good product,2022-04-14
10918,1607,99,5,Excellent product,2022-05-03
10919,1624,110,5,Excellent product,2022-05-22
10920,1641,121,1,Very poor experience,2022-06-10
10921,1658,132,5,Excellent product,2022-06-29
10922,1675,143,5,Excellent product,2022-07-18
10923,1692,154,4,Good product,2022-08-06
10924,1709,165,5,Excellent product,2022-08-25
10925,1726,176,5,Excellent product,2022-09-13
10926,1743,187,4,Good product,2022-10-02
10927,1760,198,3,Average product,2022-10-21
10928,1777,209,5,Excellent product,2022-11-09
10929,1794,220,4,Good product,2022-11-28
10930,1811,231,2,Product quality could be better,2022-12-17
10931,1828,242,5,Excellent product,2023-01-05
10932,1845,253,4,Good product,2023-01-24
10933,1862,264,5,Excellent product,2023-02-12
10934,1879,275,3,Average product,2023-03-03
10935,1896,286,4,Good product,2023-03-22
10936,1913,297,5,Excellent product,2023-04-10
10937,1930,308,5,Excellent product,2023-04-29
10938,1947,319,4,Good product,2023-05-18
10939,1964,330,5,Excellent product,2023-06-06
10940,1981,341,1,Very poor experience,2023-06-25
10941,1998,352,3,Average product,2023-07-14
10942,15,363,5,Excellent product,2023-08-02
10943,32,374,5,Excellent product,2023-08-21
10944,49,385,4,Good product,2023-09-09
10945,66,396,5,Excellent product,2023-09-28
10946,83,407,5,Excellent product,2023-10-17
10947,100,418,4,Good product,2023-11-05
10948,117,429,3,Average product,2023-11-24
10949,134,440,5,Excellent product,2023-12-13
10950,151,451,2,Product quality could be better,2024-01-01
10951,168,462,5,Excellent product,2024-01-20
10952,185,473,5,Excellent product,2024-02-08
10953,202,484,4,Good product,2024-02-27
10954,219,495,5,Excellent product,2024-03-17
10955,236,6,3,Average product,2024-04-05
10956,253,17,4,Good product,2024-04-24
10957,270,28,5,Excellent product,2024-05-13
10958,287,39,5,Excellent product,2024-06-01
10959,304,50,4,Good product,2024-06-20
10960,321,61,1,Very poor experience,2024-07-09
10961,338,72,5,Excellent product,2024-07-28
10962,355,83,3,Average product,2024-08-16
10963,372,94,5,Excellent product,2024-09-04
10964,389,105,5,Excellent product,2024-09-23
10965,406,116,4,Good product,2024-10-12
10966,423,127,5,Excellent product,2024-10-31
10967,440,138,5,Excellent product,2024-11-19
10968,457,149,4,Good product,2024-12-08
10969,474,160,3,Average product,2024-12-27
10970,491,171,2,Product quality could be better,2025-01-15
10971,508,182,4,Good product,2025-02-03
10972,525,193,5,Excellent product,2025-02-22
10973,542,204,5,Excellent product,2025-03-13
10974,559,215,4,Good product,2025-04-01
10975,576,226,5,Excellent product,2025-04-20
10976,593,237,3,Average product,2025-05-09
10977,610,248,4,Good product,2025-05-28
10978,627,259,5,Excellent product,2025-06-16
10979,644,270,5,Excellent product,2025-07-05
10980,661,281,1,Very poor experience,2025-07-24
10981,678,292,5,Excellent product,2025-08-12
10982,695,303,5,Excellent product,2025-08-31
10983,712,314,3,Average product,2025-09-19
10984,729,325,5,Excellent product,2025-10-08
10985,746,336,5,Excellent product,2025-10-27
10986,763,347,4,Good product,2025-11-15
10987,780,358,5,Excellent product,2025-12-04
10988,797,369,5,Excellent product,2025-12-23
10989,814,380,4,Good product,2022-01-12
10990,831,391,2,Product quality could be better,2022-01-31
10991,848,402,5,Excellent product,2022-02-19
10992,865,413,4,Good product,2022-03-10
10993,882,424,5,Excellent product,2022-03-29
10994,899,435,5,Excellent product,2022-04-17
10995,916,446,4,Good product,2022-05-06
10996,933,457,5,Excellent product,2022-05-25
10997,950,468,3,Average product,2022-06-13
10998,967,479,4,Good product,2022-07-02
10999,984,490,5,Excellent product,2022-07-21
11000,1001,1,1,Very poor experience,2022-08-09
11001,1018,12,4,Good product,2022-08-28
11002,1035,23,5,Excellent product,2022-09-16
11003,1052,34,5,Excellent product,2022-10-05
11004,1069,45,3,Average product,2022-10-24
11005,1086,56,5,Excellent product,2022-11-12
11006,1103,67,5,Excellent product,2022-12-01
11007,1120,78,4,Good product,2022-12-20
11008,1137,89,5,Excellent product,2023-01-08
11009,1154,100,5,Excellent product,2023-01-27
11010,1171,111,2,Product quality could be better,2023-02-15
11011,1188,122,3,Average product,2023-03-06
11012,1205,133,5,Excellent product,2023-03-25
11013,1222,144,4,Good product,2023-04-13
11014,1239,155,5,Excellent product,2023-05-02
11015,1256,166,5,Excellent product,2023-05-21
11016,1273,177,4,Good product,2023-06-09
11017,1290,188,5,Excellent product,2023-06-28
11018,1307,199,3,Average product,2023-07-17
11019,1324,210,4,Good product,2023-08-05
11020,1341,221,1,Very poor experience,2023-08-24
11021,1358,232,5,Excellent product,2023-09-12
11022,1375,243,4,Good product,2023-10-01
11023,1392,254,5,Excellent product,2023-10-20
11024,1409,265,5,Excellent product,2023-11-08
11025,1426,276,3,Average product,2023-11-27
11026,1443,287,5,Excellent product,2023-12-16
11027,1460,298,5,Excellent product,2024-01-04
11028,1477,309,4,Good product,2024-01-23
11029,1494,320,5,Excellent product,2024-02-11
11030,1511,331,2,Product quality could be better,2024-03-01
11031,1528,342,4,Good product,2024-03-20
11032,1545,353,3,Average product,2024-04-08
11033,1562,364,5,Excellent product,2024-04-27
11034,1579,375,4,Good product,2024-05-16
11035,1596,386,5,Excellent product,2024-06-04
11036,1613,397,5,Excellent product,2024-06-23
11037,1630,408,4,Good product,2024-07-12
11038,1647,419,5,Excellent product,2024-07-31
11039,1664,430,3,Average product,2024-08-19
11040,1681,441,1,Very poor experience,2024-09-07
11041,1698,452,5,Excellent product,2024-09-26
11042,1715,463,5,Excellent product,2024-10-15
11043,1732,474,4,Good product,2024-11-03
11044,1749,485,5,Excellent product,2024-11-22
11045,1766,496,5,Excellent product,2024-12-11
11046,1783,7,3,Average product,2024-12-30
11047,1800,18,5,Excellent product,2025-01-18
11048,1817,29,5,Excellent product,2025-02-06
11049,1834,40,4,Good product,2025-02-25
11050,1851,51,2,Product quality could be better,2025-03-16
11051,1868,62,5,Excellent product,2025-04-04
11052,1885,73,4,Good product,2025-04-23
11053,1902,84,3,Average product,2025-05-12
11054,1919,95,5,Excellent product,2025-05-31
11055,1936,106,4,Good product,2025-06-19
11056,1953,117,5,Excellent product,2025-07-08
11057,1970,128,5,Excellent product,2025-07-27
11058,1987,139,4,Good product,2025-08-15
11059,4,150,5,Excellent product,2025-09-03
11060,21,161,1,Very poor experience,2025-09-22
11061,38,172,4,Good product,2025-10-11
11062,55,183,5,Excellent product,2025-10-30
11063,72,194,5,Excellent product,2025-11-18
11064,89,205,4,Good product,2025-12-07
11065,106,216,5,Excellent product,2025-12-26
11066,123,227,5,Excellent product,2022-01-15
11067,140,238,3,Average product,2022-02-03
11068,157,249,5,Excellent product,2022-02-22
11069,174,260,5,Excellent product,2022-03-13
11070,191,271,2,Product quality could be better,2022-04-01
11071,208,282,5,Excellent product,2022-04-20
11072,225,293,5,Excellent product,2022-05-09
11073,242,304,4,Good product,2022-05-28
11074,259,315,3,Average product,2022-06-16
11075,276,326,5,Excellent product,2022-07-05
11076,293,337,4,Good product,2022-07-24
11077,310,348,5,Excellent product,2022-08-12
11078,327,359,5,Excellent product,2022-08-31
11079,344,370,4,Good product,2022-09-19
11080,361,381,1,Very poor experience,2022-10-08
11081,378,392,3,Average product,2022-10-27
11082,395,403,4,Good product,2022-11-15
11083,412,414,5,Excellent product,2022-12-04
11084,429,425,5,Excellent product,2022-12-23
11085,446,436,4,Good product,2023-01-11
11086,463,447,5,Excellent product,2023-01-30
11087,480,458,5,Excellent product,2023-02-18
11088,497,469,3,Average product,2023-03-09
11089,514,480,5,Excellent product,2023-03-28
11090,531,491,2,Product quality could be better,2023-04-16
11091,548,2,4,Good product,2023-05-05
11092,565,13,5,Excellent product,2023-05-24
11093,582,24,5,Excellent product,2023-06-12
11094,599,35,4,Good product,2023-07-01
11095,616,46,3,Average product,2023-07-20
11096,633,57,5,Excellent product,2023-08-08
11097,650,68,4,Good product,2023-08-27
11098,667,79,5,Excellent product,2023-09-15
11099,684,90,5,Excellent product,2023-10-04
11100,701,101,1,Very poor experience,2023-10-23
11101,718,112,5,Excellent product,2023-11-11
11102,735,123,3,Average product,2023-11-30
11103,752,134,4,Good product,2023-12-19
11104,769,145,5,Excellent product,2024-01-07
11105,786,156,5,Excellent product,2024-01-26
11106,803,167,4,Good product,2024-02-14
11107,820,178,5,Excellent product,2024-03-04
11108,837,189,5,Excellent product,2024-03-23
11109,854,200,3,Average product,2024-04-11
11110,871,211,2,Product quality could be better,2024-04-30
11111,888,222,5,Excellent product,2024-05-19
11112,905,233,4,Good product,2024-06-07
11113,922,244,5,Excellent product,2024-06-26
11114,939,255,5,Excellent product,2024-07-15
11115,956,266,4,Good product,2024-08-03
11116,973,277,3,Average product,2024-08-22
11117,990,288,5,Excellent product,2024-09-10
11118,1007,299,4,Good product,2024-09-29
11119,1024,310,5,Excellent product,2024-10-18
11120,1041,321,1,Very poor experience,2024-11-06
11121,1058,332,4,Good product,2024-11-25
11122,1075,343,5,Excellent product,2024-12-14
11123,1092,354,3,Average product,2025-01-02
11124,1109,365,4,Good product,2025-01-21
11125,1126,376,5,Excellent product,2025-02-09
11126,1143,387,5,Excellent product,2025-02-28
11127,1160,398,4,Good product,2025-03-19
11128,1177,409,5,Excellent product,2025-04-07
11129,1194,420,5,Excellent product,2025-04-26
11130,1211,431,2,Product quality could be better,2025-05-15
11131,1228,442,5,Excellent product,2025-06-03
11132,1245,453,5,Excellent product,2025-06-22
11133,1262,464,4,Good product,2025-07-11
11134,1279,475,5,Excellent product,2025-07-30
11135,1296,486,5,Excellent product,2025-08-18
11136,1313,497,4,Good product,2025-09-06
11137,1330,8,3,Average product,2025-09-25
11138,1347,19,5,Excellent product,2025-10-14
11139,1364,30,4,Good product,2025-11-02
11140,1381,41,1,Very poor experience,2025-11-21
11141,1398,52,5,Excellent product,2025-12-10
11142,1415,63,4,Good product,2025-12-29
11143,1432,74,5,Excellent product,2022-01-18
11144,1449,85,3,Average product,2022-02-06
11145,1466,96,4,Good product,2022-02-25
11146,1483,107,5,Excellent product,2022-03-16
11147,1500,118,5,Excellent product,2022-04-04
11148,1517,129,4,Good product,2022-04-23
11149,1534,140,5,Excellent product,2022-05-12
11150,1551,151,2,Product quality could be better,2022-05-31
11151,1568,162,3,Average product,2022-06-19
11152,1585,173,5,Excellent product,2022-07-08
11153,1602,184,5,Excellent product,2022-07-27
11154,1619,195,4,Good product,2022-08-15
11155,1636,206,5,Excellent product,2022-09-03
11156,1653,217,5,Excellent product,2022-09-22
11157,1670,228,4,Good product,2022-10-11
11158,1687,239,3,Average product,2022-10-30
11159,1704,250,5,Excellent product,2022-11-18
11160,1721,261,1,Very poor experience,2022-12-07
11161,1738,272,5,Excellent product,2022-12-26
11162,1755,283,5,Excellent product,2023-01-14
11163,1772,294,4,Good product,2023-02-02
11164,1789,305,5,Excellent product,2023-02-21
11165,1806,316,3,Average product,2023-03-12
11166,1823,327,4,Good product,2023-03-31
11167,1840,338,5,Excellent product,2023-04-19
11168,1857,349,5,Excellent product,2023-05-08
11169,1874,360,4,Good product,2023-05-27
11170,1891,371,2,Product quality could be better,2023-06-15
11171,1908,382,5,Excellent product,2023-07-04
11172,1925,393,3,Average product,2023-07-23
11173,1942,404,5,Excellent product,2023-08-11
11174,1959,415,5,Excellent product,2023-08-30
11175,1976,426,4,Good product,2023-09-18
11176,1993,437,5,Excellent product,2023-10-07
11177,10,448,5,Excellent product,2023-10-26
11178,27,459,4,Good product,2023-11-14
11179,44,470,3,Average product,2023-12-03
11180,61,481,1,Very poor experience,2023-12-22
11181,78,492,4,Good product,2024-01-10
11182,95,3,5,Excellent product,2024-01-29
11183,112,14,5,Excellent product,2024-02-17
11184,129,25,4,Good product,2024-03-07
11185,146,36,5,Excellent product,2024-03-26
11186,163,47,3,Average product,2024-04-14
11187,180,58,4,Good product,2024-05-03
11188,197,69,5,Excellent product,2024-05-22
11189,214,80,5,Excellent product,2024-06-10
11190,231,91,2,Product quality could be better,2024-06-29
11191,248,102,5,Excellent product,2024-07-18
11192,265,113,5,Excellent product,2024-08-06
11193,282,124,3,Average product,2024-08-25
11194,299,135,5,Excellent product,2024-09-13
11195,316,146,5,Excellent product,2024-10-02
11196,333,157,4,Good product,2024-10-21
11197,350,168,5,Excellent product,2024-11-09
11198,367,179,5,Excellent product,2024-11-28
11199,384,190,4,Good product,2024-12-17
11200,401,201,1,Very poor experience,2025-01-05
11201,418,212,5,Excellent product,2025-01-24
11202,435,223,4,Good product,2025-02-12
11203,452,234,5,Excellent product,2025-03-03
11204,469,245,5,Excellent product,2025-03-22
11205,486,256,4,Good product,2025-04-10
11206,503,267,5,Excellent product,2025-04-29
11207,520,278,3,Average product,2025-05-18
11208,537,289,4,Good product,2025-06-06
11209,554,300,5,Excellent product,2025-06-25
11210,571,311,2,Product quality could be better,2025-07-14
11211,588,322,4,Good product,2025-08-02
11212,605,333,5,Excellent product,2025-08-21
11213,622,344,5,Excellent product,2025-09-09
11214,639,355,3,Average product,2025-09-28
11215,656,366,5,Excellent product,2025-10-17
11216,673,377,5,Excellent product,2025-11-05
11217,690,388,4,Good product,2025-11-24
11218,707,399,5,Excellent product,2025-12-13
11219,724,410,5,Excellent product,2022-01-02
11220,741,421,1,Very poor experience,2022-01-21
11221,758,432,3,Average product,2022-02-09
11222,775,443,5,Excellent product,2022-02-28
11223,792,454,4,Good product,2022-03-19
11224,809,465,5,Excellent product,2022-04-07
11225,826,476,5,Excellent product,2022-04-26
11226,843,487,4,Good product,2022-05-15
11227,860,498,5,Excellent product,2022-06-03
11228,877,9,3,Average product,2022-06-22
11229,894,20,4,Good product,2022-07-11
11230,911,31,2,Product quality could be better,2022-07-30
11231,928,42,5,Excellent product,2022-08-18
11232,945,53,4,Good product,2022-09-06
11233,962,64,5,Excellent product,2022-09-25
11234,979,75,5,Excellent product,2022-10-14
11235,996,86,3,Average product,2022-11-02
11236,1013,97,5,Excellent product,2022-11-21
11237,1030,108,5,Excellent product,2022-12-10
11238,1047,119,4,Good product,2022-12-29
11239,1064,130,5,Excellent product,2023-01-17
11240,1081,141,1,Very poor experience,2023-02-05
11241,1098,152,4,Good product,2023-02-24
11242,1115,163,3,Average product,2023-03-15
11243,1132,174,5,Excellent product,2023-04-03
11244,1149,185,4,Good product,2023-04-22
11245,1166,196,5,Excellent product,2023-05-11
11246,1183,207,5,Excellent product,2023-05-30
11247,1200,218,4,Good product,2023-06-18
11248,1217,229,5,Excellent product,2023-07-07
11249,1234,240,3,Average product,2023-07-26
11250,1251,251,2,Product quality could be better,2023-08-14
11251,1268,262,5,Excellent product,2023-09-02
11252,1285,273,5,Excellent product,2023-09-21
11253,1302,284,4,Good product,2023-10-10
11254,1319,295,5,Excellent product,2023-10-29
11255,1336,306,5,Excellent product,2023-11-17
11256,1353,317,3,Average product,2023-12-06
11257,1370,328,5,Excellent product,2023-12-25
11258,1387,339,5,Excellent product,2024-01-13
11259,1404,350,4,Good product,2024-02-01
11260,1421,361,1,Very poor experience,2024-02-20
11261,1438,372,5,Excellent product,2024-03-10
11262,1455,383,4,Good product,2024-03-29
11263,1472,394,3,Average product,2024-04-17
11264,1489,405,5,Excellent product,2024-05-06
11265,1506,416,4,Good product,2024-05-25
11266,1523,427,5,Excellent product,2024-06-13
11267,1540,438,5,Excellent product,2024-07-02
11268,1557,449,4,Good product,2024-07-21
11269,1574,460,5,Excellent product,2024-08-09
11270,1591,471,2,Product quality could be better,2024-08-28
11271,1608,482,4,Good product,2024-09-16
11272,1625,493,5,Excellent product,2024-10-05
11273,1642,4,5,Excellent product,2024-10-24
11274,1659,15,4,Good product,2024-11-12
11275,1676,26,5,Excellent product,2024-12-01
11276,1693,37,5,Excellent product,2024-12-20
11277,1710,48,3,Average product,2025-01-08
11278,1727,59,5,Excellent product,2025-01-27
11279,1744,70,5,Excellent product,2025-02-15
11280,1761,81,1,Very poor experience,2025-03-06
11281,1778,92,5,Excellent product,2025-03-25
11282,1795,103,5,Excellent product,2025-04-13
11283,1812,114,4,Good product,2025-05-02
11284,1829,125,3,Average product,2025-05-21
11285,1846,136,5,Excellent product,2025-06-09
11286,1863,147,4,Good product,2025-06-28
11287,1880,158,5,Excellent product,2025-07-17
11288,1897,169,5,Excellent product,2025-08-05
11289,1914,180,4,Good product,2025-08-24
11290,1931,191,2,Product quality could be better,2025-09-12
11291,1948,202,3,Average product,2025-10-01
11292,1965,213,4,Good product,2025-10-20
11293,1982,224,5,Excellent product,2025-11-08
11294,1999,235,5,Excellent product,2025-11-27
11295,16,246,4,Good product,2025-12-16
11296,33,257,5,Excellent product,2022-01-05
11297,50,268,5,Excellent product,2022-01-24
11298,67,279,3,Average product,2022-02-12
11299,84,290,5,Excellent product,2022-03-03
11300,101,301,1,Very poor experience,2022-03-22
11301,118,312,4,Good product,2022-04-10
11302,135,323,5,Excellent product,2022-04-29
11303,152,334,5,Excellent product,2022-05-18
11304,169,345,4,Good product,2022-06-06
11305,186,356,3,Average product,2022-06-25
11306,203,367,5,Excellent product,2022-07-14
11307,220,378,4,Good product,2022-08-02
11308,237,389,5,Excellent product,2022-08-21
11309,254,400,5,Excellent product,2022-09-09
11310,271,411,2,Product quality could be better,2022-09-28
11311,288,422,5,Excellent product,2022-10-17
11312,305,433,3,Average product,2022-11-05
11313,322,444,4,Good product,2022-11-24
11314,339,455,5,Excellent product,2022-12-13
11315,356,466,5,Excellent product,2023-01-01
11316,373,477,4,Good product,2023-01-20
11317,390,488,5,Excellent product,2023-02-08
11318,407,499,5,Excellent product,2023-02-27
11319,424,10,3,Average product,2023-03-18
11320,441,21,1,Very poor experience,2023-04-06
11321,458,32,5,Excellent product,2023-04-25
11322,475,43,4,Good product,2023-05-14
11323,492,54,5,Excellent product,2023-06-02
11324,509,65,5,Excellent product,2023-06-21
11325,526,76,4,Good product,2023-07-10
11326,543,87,3,Average product,2023-07-29
11327,560,98,5,Excellent product,2023-08-17
11328,577,109,4,Good product,2023-09-05
11329,594,120,5,Excellent product,2023-09-24
11330,611,131,2,Product quality could be better,2023-10-13
11331,628,142,4,Good product,2023-11-01
11332,645,153,5,Excellent product,2023-11-20
11333,662,164,3,Average product,2023-12-09
11334,679,175,4,Good product,2023-12-28
11335,696,186,5,Excellent product,2024-01-16
11336,713,197,5,Excellent product,2024-02-04
11337,730,208,4,Good product,2024-02-23
11338,747,219,5,Excellent product,2024-03-13
11339,764,230,5,Excellent product,2024-04-01
11340,781,241,1,Very poor experience,2024-04-20
11341,798,252,5,Excellent product,2024-05-09
11342,815,263,5,Excellent product,2024-05-28
11343,832,274,4,Good product,2024-06-16
11344,849,285,5,Excellent product,2024-07-05
11345,866,296,5,Excellent product,2024-07-24
11346,883,307,4,Good product,2024-08-12
11347,900,318,3,Average product,2024-08-31
11348,917,329,5,Excellent product,2024-09-19
11349,934,340,4,Good product,2024-10-08
11350,951,351,2,Product quality could be better,2024-10-27
11351,968,362,5,Excellent product,2024-11-15
11352,985,373,4,Good product,2024-12-04
11353,1002,384,5,Excellent product,2024-12-23
11354,1019,395,3,Average product,2025-01-11
11355,1036,406,4,Good product,2025-01-30
11356,1053,417,5,Excellent product,2025-02-18
11357,1070,428,5,Excellent product,2025-03-09
11358,1087,439,4,Good product,2025-03-28
11359,1104,450,5,Excellent product,2025-04-16
11360,1121,461,1,Very poor experience,2025-05-05
11361,1138,472,3,Average product,2025-05-24
11362,1155,483,5,Excellent product,2025-06-12
11363,1172,494,5,Excellent product,2025-07-01
11364,1189,5,4,Good product,2025-07-20
11365,1206,16,5,Excellent product,2025-08-08
11366,1223,27,5,Excellent product,2025-08-27
11367,1240,38,4,Good product,2025-09-15
11368,1257,49,3,Average product,2025-10-04
11369,1274,60,5,Excellent product,2025-10-23
11370,1291,71,2,Product quality could be better,2025-11-11
11371,1308,82,5,Excellent product,2025-11-30
11372,1325,93,5,Excellent product,2025-12-19
11373,1342,104,4,Good product,2022-01-08
11374,1359,115,5,Excellent product,2022-01-27
11375,1376,126,3,Average product,2022-02-15
11376,1393,137,4,Good product,2022-03-06
11377,1410,148,5,Excellent product,2022-03-25
11378,1427,159,5,Excellent product,2022-04-13
11379,1444,170,4,Good product,2022-05-02
11380,1461,181,1,Very poor experience,2022-05-21
11381,1478,192,5,Excellent product,2022-06-09
11382,1495,203,3,Average product,2022-06-28
11383,1512,214,5,Excellent product,2022-07-17
11384,1529,225,5,Excellent product,2022-08-05
11385,1546,236,4,Good product,2022-08-24
11386,1563,247,5,Excellent product,2022-09-12
11387,1580,258,5,Excellent product,2022-10-01
11388,1597,269,4,Good product,2022-10-20
11389,1614,280,3,Average product,2022-11-08
11390,1631,291,2,Product quality could be better,2022-11-27
11391,1648,302,4,Good product,2022-12-16
11392,1665,313,5,Excellent product,2023-01-04
11393,1682,324,5,Excellent product,2023-01-23
11394,1699,335,4,Good product,2023-02-11
11395,1716,346,5,Excellent product,2023-03-02
11396,1733,357,3,Average product,2023-03-21
11397,1750,368,4,Good product,2023-04-09
11398,1767,379,5,Excellent product,2023-04-28
11399,1784,390,5,Excellent product,2023-05-17
11400,1801,401,1,Very poor experience,2023-06-05
11401,1818,412,5,Excellent product,2023-06-24
11402,1835,423,5,Excellent product,2023-07-13
11403,1852,434,3,Average product,2023-08-01
11404,1869,445,5,Excellent product,2023-08-20
11405,1886,456,5,Excellent product,2023-09-08
11406,1903,467,4,Good product,2023-09-27
11407,1920,478,5,Excellent product,2023-10-16
11408,1937,489,5,Excellent product,2023-11-04
11409,1954,500,4,Good product,2023-11-23
11410,1971,11,2,Product quality could be better,2023-12-12
11411,1988,22,5,Excellent product,2023-12-31
11412,5,33,4,Good product,2024-01-19
11413,22,44,5,Excellent product,2024-02-07
11414,39,55,5,Excellent product,2024-02-26
11415,56,66,4,Good product,2024-03-16
11416,73,77,5,Excellent product,2024-04-04
11417,90,88,3,Average product,2024-04-23
11418,107,99,4,Good product,2024-05-12
11419,124,110,5,Excellent product,2024-05-31
11420,141,121,1,Very poor experience,2024-06-19
11421,158,132,4,Good product,2024-07-08
11422,175,143,5,Excellent product,2024-07-27
11423,192,154,5,Excellent product,2024-08-15
11424,209,165,3,Average product,2024-09-03
11425,226,176,5,Excellent product,2024-09-22
11426,243,187,5,Excellent product,2024-10-11
11427,260,198,4,Good product,2024-10-30
11428,277,209,5,Excellent product,2024-11-18
11429,294,220,5,Excellent product,2024-12-07
11430,311,231,2,Product quality could be better,2024-12-26
11431,328,242,3,Average product,2025-01-14
11432,345,253,5,Excellent product,2025-02-02
11433,362,264,4,Good product,2025-02-21
11434,379,275,5,Excellent product,2025-03-12
11435,396,286,5,Excellent product,2025-03-31
11436,413,297,4,Good product,2025-04-19
11437,430,308,5,Excellent product,2025-05-08
11438,447,319,3,Average product,2025-05-27
11439,464,330,4,Good product,2025-06-15
11440,481,341,1,Very poor experience,2025-07-04
11441,498,352,5,Excellent product,2025-07-23
11442,515,363,4,Good product,2025-08-11
11443,532,374,5,Excellent product,2025-08-30
11444,549,385,5,Excellent product,2025-09-18
11445,566,396,3,Average product,2025-10-07
11446,583,407,5,Excellent product,2025-10-26
11447,600,418,5,Excellent product,2025-11-14
11448,617,429,4,Good product,2025-12-03
11449,634,440,5,Excellent product,2025-12-22
11450,651,451,2,Product quality could be better,2022-01-11
11451,668,462,4,Good product,2022-01-30
11452,685,473,3,Average product,2022-02-18
11453,702,484,5,Excellent product,2022-03-09
11454,719,495,4,Good product,2022-03-28
11455,736,6,5,Excellent product,2022-04-16
11456,753,17,5,Excellent product,2022-05-05
11457,770,28,4,Good product,2022-05-24
11458,787,39,5,Excellent product,2022-06-12
11459,804,50,3,Average product,2022-07-01
11460,821,61,1,Very poor experience,2022-07-20
11461,838,72,5,Excellent product,2022-08-08
11462,855,83,5,Excellent product,2022-08-27
11463,872,94,4,Good product,2022-09-15
11464,889,105,5,Excellent product,2022-10-04
11465,906,116,5,Excellent product,2022-10-23
11466,923,127,3,Average product,2022-11-11
11467,940,138,5,Excellent product,2022-11-30
11468,957,149,5,Excellent product,2022-12-19
11469,974,160,4,Good product,2023-01-07
11470,991,171,2,Product quality could be better,2023-01-26
11471,1008,182,5,Excellent product,2023-02-14
11472,1025,193,4,Good product,2023-03-05
11473,1042,204,3,Average product,2023-03-24
11474,1059,215,5,Excellent product,2023-04-12
11475,1076,226,4,Good product,2023-05-01
11476,1093,237,5,Excellent product,2023-05-20
11477,1110,248,5,Excellent product,2023-06-08
11478,1127,259,4,Good product,2023-06-27
11479,1144,270,5,Excellent product,2023-07-16
11480,1161,281,1,Very poor experience,2023-08-04
11481,1178,292,4,Good product,2023-08-23
11482,1195,303,5,Excellent product,2023-09-11
11483,1212,314,5,Excellent product,2023-09-30
11484,1229,325,4,Good product,2023-10-19
11485,1246,336,5,Excellent product,2023-11-07
11486,1263,347,5,Excellent product,2023-11-26
11487,1280,358,3,Average product,2023-12-15
11488,1297,369,5,Excellent product,2024-01-03
11489,1314,380,5,Excellent product,2024-01-22
11490,1331,391,2,Product quality could be better,2024-02-10
11491,1348,402,5,Excellent product,2024-02-29
11492,1365,413,5,Excellent product,2024-03-19
11493,1382,424,4,Good product,2024-04-07
11494,1399,435,3,Average product,2024-04-26
11495,1416,446,5,Excellent product,2024-05-15
11496,1433,457,4,Good product,2024-06-03
11497,1450,468,5,Excellent product,2024-06-22
11498,1467,479,5,Excellent product,2024-07-11
11499,1484,490,4,Good product,2024-07-30
11500,1501,1,1,Very poor experience,2024-08-18
11501,1518,12,3,Average product,2024-09-06
11502,1535,23,4,Good product,2024-09-25
11503,1552,34,5,Excellent product,2024-10-14
11504,1569,45,5,Excellent product,2024-11-02
11505,1586,56,4,Good product,2024-11-21
11506,1603,67,5,Excellent product,2024-12-10
11507,1620,78,5,Excellent product,2024-12-29
11508,1637,89,3,Average product,2025-01-17
11509,1654,100,5,Excellent product,2025-02-05
11510,1671,111,2,Product quality could be better,2025-02-24
11511,1688,122,4,Good product,2025-03-15
11512,1705,133,5,Excellent product,2025-04-03
11513,1722,144,5,Excellent product,2025-04-22
11514,1739,155,4,Good product,2025-05-11
11515,1756,166,3,Average product,2025-05-30
11516,1773,177,5,Excellent product,2025-06-18
11517,1790,188,4,Good product,2025-07-07
11518,1807,199,5,Excellent product,2025-07-26
11519,1824,210,5,Excellent product,2025-08-14
11520,1841,221,1,Very poor experience,2025-09-02
11521,1858,232,5,Excellent product,2025-09-21
11522,1875,243,3,Average product,2025-10-10
11523,1892,254,4,Good product,2025-10-29
11524,1909,265,5,Excellent product,2025-11-17
11525,1926,276,5,Excellent product,2025-12-06
11526,1943,287,4,Good product,2025-12-25
11527,1960,298,5,Excellent product,2022-01-14
11528,1977,309,5,Excellent product,2022-02-02
11529,1994,320,3,Average product,2022-02-21
11530,11,331,2,Product quality could be better,2022-03-12
11531,28,342,5,Excellent product,2022-03-31
11532,45,353,4,Good product,2022-04-19
11533,62,364,5,Excellent product,2022-05-08
11534,79,375,5,Excellent product,2022-05-27
11535,96,386,4,Good product,2022-06-15
11536,113,397,3,Average product,2022-07-04
11537,130,408,5,Excellent product,2022-07-23
11538,147,419,4,Good product,2022-08-11
11539,164,430,5,Excellent product,2022-08-30
11540,181,441,1,Very poor experience,2022-09-18
11541,198,452,4,Good product,2022-10-07
11542,215,463,5,Excellent product,2022-10-26
11543,232,474,3,Average product,2022-11-14
11544,249,485,4,Good product,2022-12-03
11545,266,496,5,Excellent product,2022-12-22
11546,283,7,5,Excellent product,2023-01-10
11547,300,18,4,Good product,2023-01-29
11548,317,29,5,Excellent product,2023-02-17
11549,334,40,5,Excellent product,2023-03-08
11550,351,51,2,Product quality could be better,2023-03-27
11551,368,62,5,Excellent product,2023-04-15
11552,385,73,5,Excellent product,2023-05-04
11553,402,84,4,Good product,2023-05-23
11554,419,95,5,Excellent product,2023-06-11
11555,436,106,5,Excellent product,2023-06-30
11556,453,117,4,Good product,2023-07-19
11557,470,128,3,Average product,2023-08-07
11558,487,139,5,Excellent product,2023-08-26
11559,504,150,4,Good product,2023-09-14
11560,521,161,1,Very poor experience,2023-10-03
11561,538,172,5,Excellent product,2023-10-22
11562,555,183,4,Good product,2023-11-10
11563,572,194,5,Excellent product,2023-11-29
11564,589,205,3,Average product,2023-12-18
11565,606,216,4,Good product,2024-01-06
11566,623,227,5,Excellent product,2024-01-25
11567,640,238,5,Excellent product,2024-02-13
11568,657,249,4,Good product,2024-03-03
11569,674,260,5,Excellent product,2024-03-22
11570,691,271,2,Product quality could be better,2024-04-10
11571,708,282,3,Average product,2024-04-29
11572,725,293,5,Excellent product,2024-05-18
11573,742,304,5,Excellent product,2024-06-06
11574,759,315,4,Good product,2024-06-25
11575,776,326,5,Excellent product,2024-07-14
11576,793,337,5,Excellent product,2024-08-02
11577,810,348,4,Good product,2024-08-21
11578,827,359,3,Average product,2024-09-09
11579,844,370,5,Excellent product,2024-09-28
11580,861,381,1,Very poor experience,2024-10-17
11581,878,392,5,Excellent product,2024-11-05
11582,895,403,5,Excellent product,2024-11-24
11583,912,414,4,Good product,2024-12-13
11584,929,425,5,Excellent product,2025-01-01
11585,946,436,3,Average product,2025-01-20
11586,963,447,4,Good product,2025-02-08
11587,980,458,5,Excellent product,2025-02-27
11588,997,469,5,Excellent product,2025-03-18
11589,1014,480,4,Good product,2025-04-06
11590,1031,491,2,Product quality could be better,2025-04-25
11591,1048,2,5,Excellent product,2025-05-14
11592,1065,13,3,Average product,2025-06-02
11593,1082,24,5,Excellent product,2025-06-21
11594,1099,35,5,Excellent product,2025-07-10
11595,1116,46,4,Good product,2025-07-29
11596,1133,57,5,Excellent product,2025-08-17
11597,1150,68,5,Excellent product,2025-09-05
11598,1167,79,4,Good product,2025-09-24
11599,1184,90,3,Average product,2025-10-13
11600,1201,101,1,Very poor experience,2025-11-01
11601,1218,112,4,Good product,2025-11-20
11602,1235,123,5,Excellent product,2025-12-09
11603,1252,134,5,Excellent product,2025-12-28
11604,1269,145,4,Good product,2022-01-17
11605,1286,156,5,Excellent product,2022-02-05
11606,1303,167,3,Average product,2022-02-24
11607,1320,178,4,Good product,2022-03-15
11608,1337,189,5,Excellent product,2022-04-03
11609,1354,200,5,Excellent product,2022-04-22
11610,1371,211,2,Product quality could be better,2022-05-11
11611,1388,222,5,Excellent product,2022-05-30
11612,1405,233,5,Excellent product,2022-06-18
11613,1422,244,3,Average product,2022-07-07
11614,1439,255,5,Excellent product,2022-07-26
11615,1456,266,5,Excellent product,2022-08-14
11616,1473,277,4,Good product,2022-09-02
11617,1490,288,5,Excellent product,2022-09-21
11618,1507,299,5,Excellent product,2022-10-10
11619,1524,310,4,Good product,2022-10-29
11620,1541,321,1,Very poor experience,2022-11-17
11621,1558,332,5,Excellent product,2022-12-06
11622,1575,343,4,Good product,2022-12-25
11623,1592,354,5,Excellent product,2023-01-13
11624,1609,365,5,Excellent product,2023-02-01
11625,1626,376,4,Good product,2023-02-20
11626,1643,387,5,Excellent product,2023-03-11
11627,1660,398,3,Average product,2023-03-30
11628,1677,409,4,Good product,2023-04-18
11629,1694,420,5,Excellent product,2023-05-07
11630,1711,431,2,Product quality could be better,2023-05-26
11631,1728,442,4,Good product,2023-06-14
11632,1745,453,5,Excellent product,2023-07-03
11633,1762,464,5,Excellent product,2023-07-22
11634,1779,475,3,Average product,2023-08-10
11635,1796,486,5,Excellent product,2023-08-29
11636,1813,497,5,Excellent product,2023-09-17
11637,1830,8,4,Good product,2023-10-06
11638,1847,19,5,Excellent product,2023-10-25
11639,1864,30,5,Excellent product,2023-11-13
11640,1881,41,1,Very poor experience,2023-12-02
11641,1898,52,3,Average product,2023-12-21
11642,1915,63,5,Excellent product,2024-01-09
11643,1932,74,4,Good product,2024-01-28
11644,1949,85,5,Excellent product,2024-02-16
11645,1966,96,5,Excellent product,2024-03-06
11646,1983,107,4,Good product,2024-03-25
11647,2000,118,5,Excellent product,2024-04-13
11648,17,129,3,Average product,2024-05-02
11649,34,140,4,Good product,2024-05-21
11650,51,151,2,Product quality could be better,2024-06-09
11651,68,162,5,Excellent product,2024-06-28
11652,85,173,4,Good product,2024-07-17
11653,102,184,5,Excellent product,2024-08-05
11654,119,195,5,Excellent product,2024-08-24
11655,136,206,3,Average product,2024-09-12
11656,153,217,5,Excellent product,2024-10-01
11657,170,228,5,Excellent product,2024-10-20
11658,187,239,4,Good product,2024-11-08
11659,204,250,5,Excellent product,2024-11-27
11660,221,261,1,Very poor experience,2024-12-16
11661,238,272,4,Good product,2025-01-04
11662,255,283,3,Average product,2025-01-23
11663,272,294,5,Excellent product,2025-02-11
11664,289,305,4,Good product,2025-03-02
11665,306,316,5,Excellent product,2025-03-21
11666,323,327,5,Excellent product,2025-04-09
11667,340,338,4,Good product,2025-04-28
11668,357,349,5,Excellent product,2025-05-17
11669,374,360,3,Average product,2025-06-05
11670,391,371,2,Product quality could be better,2025-06-24
11671,408,382,5,Excellent product,2025-07-13
11672,425,393,5,Excellent product,2025-08-01
11673,442,404,4,Good product,2025-08-20
11674,459,415,5,Excellent product,2025-09-08
11675,476,426,5,Excellent product,2025-09-27
11676,493,437,3,Average product,2025-10-16
11677,510,448,5,Excellent product,2025-11-04
11678,527,459,5,Excellent product,2025-11-23
11679,544,470,4,Good product,2025-12-12
11680,561,481,1,Very poor experience,2022-01-01
11681,578,492,5,Excellent product,2022-01-20
11682,595,3,4,Good product,2022-02-08
11683,612,14,3,Average product,2022-02-27
11684,629,25,5,Excellent product,2022-03-18
11685,646,36,4,Good product,2022-04-06
11686,663,47,5,Excellent product,2022-04-25
11687,680,58,5,Excellent product,2022-05-14
11688,697,69,4,Good product,2022-06-02
11689,714,80,5,Excellent product,2022-06-21
11690,731,91,2,Product quality could be better,2022-07-10
11691,748,102,4,Good product,2022-07-29
11692,765,113,5,Excellent product,2022-08-17
11693,782,124,5,Excellent product,2022-09-05
11694,799,135,4,Good product,2022-09-24
11695,816,146,5,Excellent product,2022-10-13
11696,833,157,5,Excellent product,2022-11-01
11697,850,168,3,Average product,2022-11-20
11698,867,179,5,Excellent product,2022-12-09
11699,884,190,5,Excellent product,2022-12-28
11700,901,201,1,Very poor experience,2023-01-16
11701,918,212,5,Excellent product,2023-02-04
11702,935,223,5,Excellent product,2023-02-23
11703,952,234,4,Good product,2023-03-14
11704,969,245,3,Average product,2023-04-02
11705,986,256,5,Excellent product,2023-04-21
11706,1003,267,4,Good product,2023-05-10
11707,1020,278,5,Excellent product,2023-05-29
11708,1037,289,5,Excellent product,2023-06-17
11709,1054,300,4,Good product,2023-07-06
11710,1071,311,2,Product quality could be better,2023-07-25
11711,1088,322,3,Average product,2023-08-13
11712,1105,333,4,Good product,2023-09-01
11713,1122,344,5,Excellent product,2023-09-20
11714,1139,355,5,Excellent product,2023-10-09
11715,1156,366,4,Good product,2023-10-28
11716,1173,377,5,Excellent product,2023-11-16
11717,1190,388,5,Excellent product,2023-12-05
11718,1207,399,3,Average product,2023-12-24
11719,1224,410,5,Excellent product,2024-01-12
11720,1241,421,1,Very poor experience,2024-01-31
11721,1258,432,4,Good product,2024-02-19
11722,1275,443,5,Excellent product,2024-03-09
11723,1292,454,5,Excellent product,2024-03-28
11724,1309,465,4,Good product,2024-04-16
11725,1326,476,3,Average product,2024-05-05
11726,1343,487,5,Excellent product,2024-05-24
11727,1360,498,4,Good product,2024-06-12
11728,1377,9,5,Excellent product,2024-07-01
11729,1394,20,5,Excellent product,2024-07-20
11730,1411,31,2,Product quality could be better,2024-08-08
11731,1428,42,5,Excellent product,2024-08-27
11732,1445,53,3,Average product,2024-09-15
11733,1462,64,4,Good product,2024-10-04
11734,1479,75,5,Excellent product,2024-10-23
11735,1496,86,5,Excellent product,2024-11-11
11736,1513,97,4,Good product,2024-11-30
11737,1530,108,5,Excellent product,2024-12-19
11738,1547,119,5,Excellent product,2025-01-07
11739,1564,130,3,Average product,2025-01-26
11740,1581,141,1,Very poor experience,2025-02-14
11741,1598,152,5,Excellent product,2025-03-05
11742,1615,163,4,Good product,2025-03-24
11743,1632,174,5,Excellent product,2025-04-12
11744,1649,185,5,Excellent product,2025-05-01
11745,1666,196,4,Good product,2025-05-20
11746,1683,207,3,Average product,2025-06-08
11747,1700,218,5,Excellent product,2025-06-27
11748,1717,229,4,Good product,2025-07-16
11749,1734,240,5,Excellent product,2025-08-04
11750,1751,251,2,Product quality could be better,2025-08-23
11751,1768,262,4,Good product,2025-09-11
11752,1785,273,5,Excellent product,2025-09-30
11753,1802,284,3,Average product,2025-10-19
11754,1819,295,4,Good product,2025-11-07
11755,1836,306,5,Excellent product,2025-11-26
11756,1853,317,5,Excellent product,2025-12-15
11757,1870,328,4,Good product,2022-01-04
11758,1887,339,5,Excellent product,2022-01-23
11759,1904,350,5,Excellent product,2022-02-11
11760,1921,361,1,Very poor experience,2022-03-02
11761,1938,372,5,Excellent product,2022-03-21
11762,1955,383,5,Excellent product,2022-04-09
11763,1972,394,4,Good product,2022-04-28
11764,1989,405,5,Excellent product,2022-05-17
11765,6,416,5,Excellent product,2022-06-05
11766,23,427,4,Good product,2022-06-24
11767,40,438,3,Average product,2022-07-13
11768,57,449,5,Excellent product,2022-08-01
11769,74,460,4,Good product,2022-08-20
11770,91,471,2,Product quality could be better,2022-09-08
11771,108,482,5,Excellent product,2022-09-27
11772,125,493,4,Good product,2022-10-16
11773,142,4,5,Excellent product,2022-11-04
11774,159,15,3,Average product,2022-11-23
11775,176,26,4,Good product,2022-12-12
11776,193,37,5,Excellent product,2022-12-31
11777,210,48,5,Excellent product,2023-01-19
11778,227,59,4,Good product,2023-02-07
11779,244,70,5,Excellent product,2023-02-26
11780,261,81,1,Very poor experience,2023-03-17
11781,278,92,3,Average product,2023-04-05
11782,295,103,5,Excellent product,2023-04-24
11783,312,114,5,Excellent product,2023-05-13
11784,329,125,4,Good product,2023-06-01
11785,346,136,5,Excellent product,2023-06-20
11786,363,147,5,Excellent product,2023-07-09
11787,380,158,4,Good product,2023-07-28
11788,397,169,3,Average product,2023-08-16
11789,414,180,5,Excellent product,2023-09-04
11790,431,191,2,Product quality could be better,2023-09-23
11791,448,202,5,Excellent product,2023-10-12
11792,465,213,5,Excellent product,2023-10-31
11793,482,224,4,Good product,2023-11-19
11794,499,235,5,Excellent product,2023-12-08
11795,516,246,3,Average product,2023-12-27
11796,533,257,4,Good product,2024-01-15
11797,550,268,5,Excellent product,2024-02-03
11798,567,279,5,Excellent product,2024-02-22
11799,584,290,4,Good product,2024-03-12
11800,601,301,1,Very poor experience,2024-03-31
11801,618,312,5,Excellent product,2024-04-19
11802,635,323,3,Average product,2024-05-08
11803,652,334,5,Excellent product,2024-05-27
11804,669,345,5,Excellent product,2024-06-15
11805,686,356,4,Good product,2024-07-04
11806,703,367,5,Excellent product,2024-07-23
11807,720,378,5,Excellent product,2024-08-11
11808,737,389,4,Good product,2024-08-30
11809,754,400,3,Average product,2024-09-18
11810,771,411,2,Product quality could be better,2024-10-07
11811,788,422,4,Good product,2024-10-26
11812,805,433,5,Excellent product,2024-11-14
11813,822,444,5,Excellent product,2024-12-03
11814,839,455,4,Good product,2024-12-22
11815,856,466,5,Excellent product,2025-01-10
11816,873,477,3,Average product,2025-01-29
11817,890,488,4,Good product,2025-02-17
11818,907,499,5,Excellent product,2025-03-08
11819,924,10,5,Excellent product,2025-03-27
11820,941,21,1,Very poor experience,2025-04-15
11821,958,32,5,Excellent product,2025-05-04
11822,975,43,5,Excellent product,2025-05-23
11823,992,54,3,Average product,2025-06-11
11824,1009,65,5,Excellent product,2025-06-30
11825,1026,76,5,Excellent product,2025-07-19
11826,1043,87,4,Good product,2025-08-07
11827,1060,98,5,Excellent product,2025-08-26
11828,1077,109,5,Excellent product,2025-09-14
11829,1094,120,4,Good product,2025-10-03
11830,1111,131,2,Product quality could be better,2025-10-22
11831,1128,142,5,Excellent product,2025-11-10
11832,1145,153,4,Good product,2025-11-29
11833,1162,164,5,Excellent product,2025-12-18
11834,1179,175,5,Excellent product,2022-01-07
11835,1196,186,4,Good product,2022-01-26
11836,1213,197,5,Excellent product,2022-02-14
11837,1230,208,3,Average product,2022-03-05
11838,1247,219,4,Good product,2022-03-24
11839,1264,230,5,Excellent product,2022-04-12
11840,1281,241,1,Very poor experience,2022-05-01
11841,1298,252,4,Good product,2022-05-20
11842,1315,263,5,Excellent product,2022-06-08
11843,1332,274,5,Excellent product,2022-06-27
11844,1349,285,3,Average product,2022-07-16
11845,1366,296,5,Excellent product,2022-08-04
11846,1383,307,5,Excellent product,2022-08-23
11847,1400,318,4,Good product,2022-09-11
11848,1417,329,5,Excellent product,2022-09-30
11849,1434,340,5,Excellent product,2022-10-19
11850,1451,351,2,Product quality could be better,2022-11-07
11851,1468,362,3,Average product,2022-11-26
11852,1485,373,5,Excellent product,2022-12-15
11853,1502,384,4,Good product,2023-01-03
11854,1519,395,5,Excellent product,2023-01-22
11855,1536,406,5,Excellent product,2023-02-10
11856,1553,417,4,Good product,2023-03-01
11857,1570,428,5,Excellent product,2023-03-20
11858,1587,439,3,Average product,2023-04-08
11859,1604,450,4,Good product,2023-04-27
11860,1621,461,1,Very poor experience,2023-05-16
11861,1638,472,5,Excellent product,2023-06-04
11862,1655,483,4,Good product,2023-06-23
11863,1672,494,5,Excellent product,2023-07-12
11864,1689,5,5,Excellent product,2023-07-31
11865,1706,16,3,Average product,2023-08-19
11866,1723,27,5,Excellent product,2023-09-07
11867,1740,38,5,Excellent product,2023-09-26
11868,1757,49,4,Good product,2023-10-15
11869,1774,60,5,Excellent product,2023-11-03
11870,1791,71,2,Product quality could be better,2023-11-22
11871,1808,82,4,Good product,2023-12-11
11872,1825,93,3,Average product,2023-12-30
11873,1842,104,5,Excellent product,2024-01-18
11874,1859,115,4,Good product,2024-02-06
11875,1876,126,5,Excellent product,2024-02-25
11876,1893,137,5,Excellent product,2024-03-15
11877,1910,148,4,Good product,2024-04-03
11878,1927,159,5,Excellent product,2024-04-22
11879,1944,170,3,Average product,2024-05-11
11880,1961,181,1,Very poor experience,2024-05-30
11881,1978,192,5,Excellent product,2024-06-18
11882,1995,203,5,Excellent product,2024-07-07
11883,12,214,4,Good product,2024-07-26
11884,29,225,5,Excellent product,2024-08-14
11885,46,236,5,Excellent product,2024-09-02
11886,63,247,3,Average product,2024-09-21
11887,80,258,5,Excellent product,2024-10-10
11888,97,269,5,Excellent product,2024-10-29
11889,114,280,4,Good product,2024-11-17
11890,131,291,2,Product quality could be better,2024-12-06
11891,148,302,5,Excellent product,2024-12-25
11892,165,313,4,Good product,2025-01-13
11893,182,324,3,Average product,2025-02-01
11894,199,335,5,Excellent product,2025-02-20
11895,216,346,4,Good product,2025-03-11
11896,233,357,5,Excellent product,2025-03-30
11897,250,368,5,Excellent product,2025-04-18
11898,267,379,4,Good product,2025-05-07
11899,284,390,5,Excellent product,2025-05-26
11900,301,401,1,Very poor experience,2025-06-14
11901,318,412,4,Good product,2025-07-03
11902,335,423,5,Excellent product,2025-07-22
11903,352,434,5,Excellent product,2025-08-10
11904,369,445,4,Good product,2025-08-29
11905,386,456,5,Excellent product,2025-09-17
11906,403,467,5,Excellent product,2025-10-06
11907,420,478,3,Average product,2025-10-25
11908,437,489,5,Excellent product,2025-11-13
11909,454,500,5,Excellent product,2025-12-02
11910,471,11,2,Product quality could be better,2025-12-21
11911,488,22,5,Excellent product,2022-01-10
11912,505,33,5,Excellent product,2022-01-29
11913,522,44,4,Good product,2022-02-17
11914,539,55,3,Average product,2022-03-08
11915,556,66,5,Excellent product,2022-03-27
11916,573,77,4,Good product,2022-04-15
11917,590,88,5,Excellent product,2022-05-04
11918,607,99,5,Excellent product,2022-05-23
11919,624,110,4,Good product,2022-06-11
11920,641,121,1,Very poor experience,2022-06-30
11921,658,132,3,Average product,2022-07-19
11922,675,143,4,Good product,2022-08-07
11923,692,154,5,Excellent product,2022-08-26
11924,709,165,5,Excellent product,2022-09-14
11925,726,176,4,Good product,2022-10-03
11926,743,187,5,Excellent product,2022-10-22
11927,760,198,5,Excellent product,2022-11-10
11928,777,209,3,Average product,2022-11-29
11929,794,220,5,Excellent product,2022-12-18
11930,811,231,2,Product quality could be better,2023-01-06
11931,828,242,4,Good product,2023-01-25
11932,845,253,5,Excellent product,2023-02-13
11933,862,264,5,Excellent product,2023-03-04
11934,879,275,4,Good product,2023-03-23
11935,896,286,3,Average product,2023-04-11
11936,913,297,5,Excellent product,2023-04-30
11937,930,308,4,Good product,2023-05-19
11938,947,319,5,Excellent product,2023-06-07
11939,964,330,5,Excellent product,2023-06-26
11940,981,341,1,Very poor experience,2023-07-15
11941,998,352,5,Excellent product,2023-08-03
11942,1015,363,3,Average product,2023-08-22
11943,1032,374,4,Good product,2023-09-10
11944,1049,385,5,Excellent product,2023-09-29
11945,1066,396,5,Excellent product,2023-10-18
11946,1083,407,4,Good product,2023-11-06
11947,1100,418,5,Excellent product,2023-11-25
11948,1117,429,5,Excellent product,2023-12-14
11949,1134,440,3,Average product,2024-01-02
11950,1151,451,2,Product quality could be better,2024-01-21
11951,1168,462,5,Excellent product,2024-02-09
11952,1185,473,4,Good product,2024-02-28
11953,1202,484,5,Excellent product,2024-03-18
11954,1219,495,5,Excellent product,2024-04-06
11955,1236,6,4,Good product,2024-04-25
11956,1253,17,3,Average product,2024-05-14
11957,1270,28,5,Excellent product,2024-06-02
11958,1287,39,4,Good product,2024-06-21
11959,1304,50,5,Excellent product,2024-07-10
11960,1321,61,1,Very poor experience,2024-07-29
11961,1338,72,4,Good product,2024-08-17
11962,1355,83,5,Excellent product,2024-09-05
11963,1372,94,3,Average product,2024-09-24
11964,1389,105,4,Good product,2024-10-13
11965,1406,116,5,Excellent product,2024-11-01
11966,1423,127,5,Excellent product,2024-11-20
11967,1440,138,4,Good product,2024-12-09
11968,1457,149,5,Excellent product,2024-12-28
11969,1474,160,5,Excellent product,2025-01-16
11970,1491,171,2,Product quality could be better,2025-02-04
11971,1508,182,5,Excellent product,2025-02-23
11972,1525,193,5,Excellent product,2025-03-14
11973,1542,204,4,Good product,2025-04-02
11974,1559,215,5,Excellent product,2025-04-21
11975,1576,226,5,Excellent product,2025-05-10
11976,1593,237,4,Good product,2025-05-29
11977,1610,248,3,Average product,2025-06-17
11978,1627,259,5,Excellent product,2025-07-06
11979,1644,270,4,Good product,2025-07-25
11980,1661,281,1,Very poor experience,2025-08-13
11981,1678,292,5,Excellent product,2025-09-01
11982,1695,303,4,Good product,2025-09-20
11983,1712,314,5,Excellent product,2025-10-09
11984,1729,325,3,Average product,2025-10-28
11985,1746,336,4,Good product,2025-11-16
11986,1763,347,5,Excellent product,2025-12-05
11987,1780,358,5,Excellent product,2025-12-24
11988,1797,369,4,Good product,2022-01-13
11989,1814,380,5,Excellent product,2022-02-01
11990,1831,391,2,Product quality could be better,2022-02-20
11991,1848,402,3,Average product,2022-03-11
11992,1865,413,5,Excellent product,2022-03-30
11993,1882,424,5,Excellent product,2022-04-18
11994,1899,435,4,Good product,2022-05-07
11995,1916,446,5,Excellent product,2022-05-26
11996,1933,457,5,Excellent product,2022-06-14
11997,1950,468,4,Good product,2022-07-03
11998,1967,479,3,Average product,2022-07-22
11999,1984,490,5,Excellent product,2022-08-10
12000,1,1,1,Very poor experience,2022-08-29
12001,18,12,5,Excellent product,2022-09-17
12002,35,23,5,Excellent product,2022-10-06
12003,52,34,4,Good product,2022-10-25
12004,69,45,5,Excellent product,2022-11-13
12005,86,56,3,Average product,2022-12-02
12006,103,67,4,Good product,2022-12-21
12007,120,78,5,Excellent product,2023-01-09
12008,137,89,5,Excellent product,2023-01-28
12009,154,100,4,Good product,2023-02-16
12010,171,111,2,Product quality could be better,2023-03-07
12011,188,122,5,Excellent product,2023-03-26
12012,205,133,3,Average product,2023-04-14
12013,222,144,5,Excellent product,2023-05-03
12014,239,155,5,Excellent product,2023-05-22
12015,256,166,4,Good product,2023-06-10
12016,273,177,5,Excellent product,2023-06-29
12017,290,188,5,Excellent product,2023-07-18
12018,307,199,4,Good product,2023-08-06
12019,324,210,3,Average product,2023-08-25
12020,341,221,1,Very poor experience,2023-09-13
12021,358,232,4,Good product,2023-10-02
12022,375,243,5,Excellent product,2023-10-21
12023,392,254,5,Excellent product,2023-11-09
12024,409,265,4,Good product,2023-11-28
12025,426,276,5,Excellent product,2023-12-17
12026,443,287,3,Average product,2024-01-05
12027,460,298,4,Good product,2024-01-24
12028,477,309,5,Excellent product,2024-02-12
12029,494,320,5,Excellent product,2024-03-02
12030,511,331,2,Product quality could be better,2024-03-21
12031,528,342,5,Excellent product,2024-04-09
12032,545,353,5,Excellent product,2024-04-28
12033,562,364,3,Average product,2024-05-17
12034,579,375,5,Excellent product,2024-06-05
12035,596,386,5,Excellent product,2024-06-24
12036,613,397,4,Good product,2024-07-13
12037,630,408,5,Excellent product,2024-08-01
12038,647,419,5,Excellent product,2024-08-20
12039,664,430,4,Good product,2024-09-08
12040,681,441,1,Very poor experience,2024-09-27
12041,698,452,5,Excellent product,2024-10-16
12042,715,463,4,Good product,2024-11-04
12043,732,474,5,Excellent product,2024-11-23
12044,749,485,5,Excellent product,2024-12-12
12045,766,496,4,Good product,2024-12-31
12046,783,7,5,Excellent product,2025-01-19
12047,800,18,3,Average product,2025-02-07
12048,817,29,4,Good product,2025-02-26
12049,834,40,5,Excellent product,2025-03-17
12050,851,51,2,Product quality could be better,2025-04-05
12051,868,62,4,Good product,2025-04-24
12052,885,73,5,Excellent product,2025-05-13
12053,902,84,5,Excellent product,2025-06-01
12054,919,95,3,Average product,2025-06-20
12055,936,106,5,Excellent product,2025-07-09
12056,953,117,5,Excellent product,2025-07-28
12057,970,128,4,Good product,2025-08-16
12058,987,139,5,Excellent product,2025-09-04
12059,1004,150,5,Excellent product,2025-09-23
12060,1021,161,1,Very poor experience,2025-10-12
12061,1038,172,3,Average product,2025-10-31
12062,1055,183,5,Excellent product,2025-11-19
12063,1072,194,4,Good product,2025-12-08
12064,1089,205,5,Excellent product,2025-12-27
12065,1106,216,5,Excellent product,2022-01-16
12066,1123,227,4,Good product,2022-02-04
12067,1140,238,5,Excellent product,2022-02-23
12068,1157,249,3,Average product,2022-03-14
12069,1174,260,4,Good product,2022-04-02
12070,1191,271,2,Product quality could be better,2022-04-21
12071,1208,282,5,Excellent product,2022-05-10
12072,1225,293,4,Good product,2022-05-29
12073,1242,304,5,Excellent product,2022-06-17
12074,1259,315,5,Excellent product,2022-07-06
12075,1276,326,3,Average product,2022-07-25
12076,1293,337,5,Excellent product,2022-08-13
12077,1310,348,5,Excellent product,2022-09-01
12078,1327,359,4,Good product,2022-09-20
12079,1344,370,5,Excellent product,2022-10-09
12080,1361,381,1,Very poor experience,2022-10-28
12081,1378,392,4,Good product,2022-11-16
12082,1395,403,3,Average product,2022-12-05
12083,1412,414,5,Excellent product,2022-12-24
12084,1429,425,4,Good product,2023-01-12
12085,1446,436,5,Excellent product,2023-01-31
12086,1463,447,5,Excellent product,2023-02-19
12087,1480,458,4,Good product,2023-03-10
12088,1497,469,5,Excellent product,2023-03-29
12089,1514,480,3,Average product,2023-04-17
12090,1531,491,2,Product quality could be better,2023-05-06
12091,1548,2,5,Excellent product,2023-05-25
12092,1565,13,5,Excellent product,2023-06-13
12093,1582,24,4,Good product,2023-07-02
12094,1599,35,5,Excellent product,2023-07-21
12095,1616,46,5,Excellent product,2023-08-09
12096,1633,57,3,Average product,2023-08-28
12097,1650,68,5,Excellent product,2023-09-16
12098,1667,79,5,Excellent product,2023-10-05
12099,1684,90,4,Good product,2023-10-24
12100,1701,101,1,Very poor experience,2023-11-12
12101,1718,112,5,Excellent product,2023-12-01
12102,1735,123,4,Good product,2023-12-20
12103,1752,134,3,Average product,2024-01-08
12104,1769,145,5,Excellent product,2024-01-27
12105,1786,156,4,Good product,2024-02-15
12106,1803,167,5,Excellent product,2024-03-05
12107,1820,178,5,Excellent product,2024-03-24
12108,1837,189,4,Good product,2024-04-12
12109,1854,200,5,Excellent product,2024-05-01
12110,1871,211,2,Product quality could be better,2024-05-20
12111,1888,222,4,Good product,2024-06-08
12112,1905,233,5,Excellent product,2024-06-27
12113,1922,244,5,Excellent product,2024-07-16
12114,1939,255,4,Good product,2024-08-04
12115,1956,266,5,Excellent product,2024-08-23
12116,1973,277,5,Excellent product,2024-09-11
12117,1990,288,3,Average product,2024-09-30
12118,7,299,5,Excellent product,2024-10-19
12119,24,310,5,Excellent product,2024-11-07
12120,41,321,1,Very poor experience,2024-11-26
12121,58,332,5,Excellent product,2024-12-15
12122,75,343,5,Excellent product,2025-01-03
12123,92,354,4,Good product,2025-01-22
12124,109,365,3,Average product,2025-02-10
12125,126,376,5,Excellent product,2025-03-01
12126,143,387,4,Good product,2025-03-20
12127,160,398,5,Excellent product,2025-04-08
12128,177,409,5,Excellent product,2025-04-27
12129,194,420,4,Good product,2025-05-16
12130,211,431,2,Product quality could be better,2025-06-04
12131,228,442,3,Average product,2025-06-23
12132,245,453,4,Good product,2025-07-12
12133,262,464,5,Excellent product,2025-07-31
12134,279,475,5,Excellent product,2025-08-19
12135,296,486,4,Good product,2025-09-07
12136,313,497,5,Excellent product,2025-09-26
12137,330,8,5,Excellent product,2025-10-15
12138,347,19,3,Average product,2025-11-03
12139,364,30,5,Excellent product,2025-11-22
12140,381,41,1,Very poor experience,2025-12-11
12141,398,52,4,Good product,2025-12-30
12142,415,63,5,Excellent product,2022-01-19
12143,432,74,5,Excellent product,2022-02-07
12144,449,85,4,Good product,2022-02-26
12145,466,96,3,Average product,2022-03-17
12146,483,107,5,Excellent product,2022-04-05
12147,500,118,4,Good product,2022-04-24
12148,517,129,5,Excellent product,2022-05-13
12149,534,140,5,Excellent product,2022-06-01
12150,551,151,2,Product quality could be better,2022-06-20
12151,568,162,5,Excellent product,2022-07-09
12152,585,173,3,Average product,2022-07-28
12153,602,184,4,Good product,2022-08-16
12154,619,195,5,Excellent product,2022-09-04
12155,636,206,5,Excellent product,2022-09-23
12156,653,217,4,Good product,2022-10-12
12157,670,228,5,Excellent product,2022-10-31
12158,687,239,5,Excellent product,2022-11-19
12159,704,250,3,Average product,2022-12-08
12160,721,261,1,Very poor experience,2022-12-27
12161,738,272,5,Excellent product,2023-01-15
12162,755,283,4,Good product,2023-02-03
12163,772,294,5,Excellent product,2023-02-22
12164,789,305,5,Excellent product,2023-03-13
12165,806,316,4,Good product,2023-04-01
12166,823,327,3,Average product,2023-04-20
12167,840,338,5,Excellent product,2023-05-09
12168,857,349,4,Good product,2023-05-28
12169,874,360,5,Excellent product,2023-06-16
12170,891,371,2,Product quality could be better,2023-07-05
12171,908,382,4,Good product,2023-07-24
12172,925,393,5,Excellent product,2023-08-12
12173,942,404,3,Average product,2023-08-31
12174,959,415,4,Good product,2023-09-19
12175,976,426,5,Excellent product,2023-10-08
12176,993,437,5,Excellent product,2023-10-27
12177,1010,448,4,Good product,2023-11-15
12178,1027,459,5,Excellent product,2023-12-04
12179,1044,470,5,Excellent product,2023-12-23
12180,1061,481,1,Very poor experience,2024-01-11
12181,1078,492,5,Excellent product,2024-01-30
12182,1095,3,5,Excellent product,2024-02-18
12183,1112,14,4,Good product,2024-03-08
12184,1129,25,5,Excellent product,2024-03-27
12185,1146,36,5,Excellent product,2024-04-15
12186,1163,47,4,Good product,2024-05-04
12187,1180,58,3,Average product,2024-05-23
12188,1197,69,5,Excellent product,2024-06-11
12189,1214,80,4,Good product,2024-06-30
12190,1231,91,2,Product quality could be better,2024-07-19
12191,1248,102,5,Excellent product,2024-08-07
12192,1265,113,4,Good product,2024-08-26
12193,1282,124,5,Excellent product,2024-09-14
12194,1299,135,3,Average product,2024-10-03
12195,1316,146,4,Good product,2024-10-22
12196,1333,157,5,Excellent product,2024-11-10
12197,1350,168,5,Excellent product,2024-11-29
12198,1367,179,4,Good product,2024-12-18
12199,1384,190,5,Excellent product,2025-01-06
12200,1401,201,1,Very poor experience,2025-01-25
12201,1418,212,3,Average product,2025-02-13
12202,1435,223,5,Excellent product,2025-03-04
12203,1452,234,5,Excellent product,2025-03-23
12204,1469,245,4,Good product,2025-04-11
12205,1486,256,5,Excellent product,2025-04-30
12206,1503,267,5,Excellent product,2025-05-19
12207,1520,278,4,Good product,2025-06-07
12208,1537,289,3,Average product,2025-06-26
12209,1554,300,5,Excellent product,2025-07-15
12210,1571,311,2,Product quality could be better,2025-08-03
12211,1588,322,5,Excellent product,2025-08-22
12212,1605,333,5,Excellent product,2025-09-10
12213,1622,344,4,Good product,2025-09-29
12214,1639,355,5,Excellent product,2025-10-18
12215,1656,366,3,Average product,2025-11-06
12216,1673,377,4,Good product,2025-11-25
12217,1690,388,5,Excellent product,2025-12-14
12218,1707,399,5,Excellent product,2022-01-03
12219,1724,410,4,Good product,2022-01-22
12220,1741,421,1,Very poor experience,2022-02-10
12221,1758,432,5,Excellent product,2022-03-01
12222,1775,443,3,Average product,2022-03-20
12223,1792,454,5,Excellent product,2022-04-08
12224,1809,465,5,Excellent product,2022-04-27
12225,1826,476,4,Good product,2022-05-16
12226,1843,487,5,Excellent product,2022-06-04
12227,1860,498,5,Excellent product,2022-06-23
12228,1877,9,4,Good product,2022-07-12
12229,1894,20,3,Average product,2022-07-31
12230,1911,31,2,Product quality could be better,2022-08-19
12231,1928,42,4,Good product,2022-09-07
12232,1945,53,5,Excellent product,2022-09-26
12233,1962,64,5,Excellent product,2022-10-15
12234,1979,75,4,Good product,2022-11-03
12235,1996,86,5,Excellent product,2022-11-22
12236,13,97,3,Average product,2022-12-11
12237,30,108,4,Good product,2022-12-30
12238,47,119,5,Excellent product,2023-01-18
12239,64,130,5,Excellent product,2023-02-06
12240,81,141,1,Very poor experience,2023-02-25
12241,98,152,5,Excellent product,2023-03-16
12242,115,163,5,Excellent product,2023-04-04
12243,132,174,3,Average product,2023-04-23
12244,149,185,5,Excellent product,2023-05-12
12245,166,196,5,Excellent product,2023-05-31
12246,183,207,4,Good product,2023-06-19
12247,200,218,5,Excellent product,2023-07-08
12248,217,229,5,Excellent product,2023-07-27
12249,234,240,4,Good product,2023-08-15
12250,251,251,2,Product quality could be better,2023-09-03
12251,268,262,5,Excellent product,2023-09-22
12252,285,273,4,Good product,2023-10-11
12253,302,284,5,Excellent product,2023-10-30
12254,319,295,5,Excellent product,2023-11-18
12255,336,306,4,Good product,2023-12-07
12256,353,317,5,Excellent product,2023-12-26
12257,370,328,3,Average product,2024-01-14
12258,387,339,4,Good product,2024-02-02
12259,404,350,5,Excellent product,2024-02-21
12260,421,361,1,Very poor experience,2024-03-11
12261,438,372,4,Good product,2024-03-30
12262,455,383,5,Excellent product,2024-04-18
12263,472,394,5,Excellent product,2024-05-07
12264,489,405,3,Average product,2024-05-26
12265,506,416,5,Excellent product,2024-06-14
12266,523,427,5,Excellent product,2024-07-03
12267,540,438,4,Good product,2024-07-22
12268,557,449,5,Excellent product,2024-08-10
12269,574,460,5,Excellent product,2024-08-29
12270,591,471,2,Product quality could be better,2024-09-17
12271,608,482,3,Average product,2024-10-06
12272,625,493,5,Excellent product,2024-10-25
12273,642,4,4,Good product,2024-11-13
12274,659,15,5,Excellent product,2024-12-02
12275,676,26,5,Excellent product,2024-12-21
12276,693,37,4,Good product,2025-01-09
12277,710,48,5,Excellent product,2025-01-28
12278,727,59,3,Average product,2025-02-16
12279,744,70,4,Good product,2025-03-07
12280,761,81,1,Very poor experience,2025-03-26
12281,778,92,5,Excellent product,2025-04-14
12282,795,103,4,Good product,2025-05-03
12283,812,114,5,Excellent product,2025-05-22
12284,829,125,5,Excellent product,2025-06-10
12285,846,136,3,Average product,2025-06-29
12286,863,147,5,Excellent product,2025-07-18
12287,880,158,5,Excellent product,2025-08-06
12288,897,169,4,Good product,2025-08-25
12289,914,180,5,Excellent product,2025-09-13
12290,931,191,2,Product quality could be better,2025-10-02
12291,948,202,4,Good product,2025-10-21
12292,965,213,3,Average product,2025-11-09
12293,982,224,5,Excellent product,2025-11-28
12294,999,235,4,Good product,2025-12-17
12295,1016,246,5,Excellent product,2022-01-06
12296,1033,257,5,Excellent product,2022-01-25
12297,1050,268,4,Good product,2022-02-13
12298,1067,279,5,Excellent product,2022-03-04
12299,1084,290,3,Average product,2022-03-23
12300,1101,301,1,Very poor experience,2022-04-11
12301,1118,312,5,Excellent product,2022-04-30
12302,1135,323,5,Excellent product,2022-05-19
12303,1152,334,4,Good product,2022-06-07
12304,1169,345,5,Excellent product,2022-06-26
12305,1186,356,5,Excellent product,2022-07-15
12306,1203,367,3,Average product,2022-08-03
12307,1220,378,5,Excellent product,2022-08-22
12308,1237,389,5,Excellent product,2022-09-10
12309,1254,400,4,Good product,2022-09-29
12310,1271,411,2,Product quality could be better,2022-10-18
12311,1288,422,5,Excellent product,2022-11-06
12312,1305,433,4,Good product,2022-11-25
12313,1322,444,3,Average product,2022-12-14
12314,1339,455,5,Excellent product,2023-01-02
12315,1356,466,4,Good product,2023-01-21
12316,1373,477,5,Excellent product,2023-02-09
12317,1390,488,5,Excellent product,2023-02-28
12318,1407,499,4,Good product,2023-03-19
12319,1424,10,5,Excellent product,2023-04-07
12320,1441,21,1,Very poor experience,2023-04-26
12321,1458,32,4,Good product,2023-05-15
12322,1475,43,5,Excellent product,2023-06-03
12323,1492,54,5,Excellent product,2023-06-22
12324,1509,65,4,Good product,2023-07-11
12325,1526,76,5,Excellent product,2023-07-30
12326,1543,87,5,Excellent product,2023-08-18
12327,1560,98,3,Average product,2023-09-06
12328,1577,109,5,Excellent product,2023-09-25
12329,1594,120,5,Excellent product,2023-10-14
12330,1611,131,2,Product quality could be better,2023-11-02
12331,1628,142,5,Excellent product,2023-11-21
12332,1645,153,5,Excellent product,2023-12-10
12333,1662,164,4,Good product,2023-12-29
12334,1679,175,3,Average product,2024-01-17
12335,1696,186,5,Excellent product,2024-02-05
12336,1713,197,4,Good product,2024-02-24
12337,1730,208,5,Excellent product,2024-03-14
12338,1747,219,5,Excellent product,2024-04-02
12339,1764,230,4,Good product,2024-04-21
12340,1781,241,1,Very poor experience,2024-05-10
12341,1798,252,3,Average product,2024-05-29
12342,1815,263,4,Good product,2024-06-17
12343,1832,274,5,Excellent product,2024-07-06
12344,1849,285,5,Excellent product,2024-07-25
12345,1866,296,4,Good product,2024-08-13
12346,1883,307,5,Excellent product,2024-09-01
12347,1900,318,5,Excellent product,2024-09-20
12348,1917,329,3,Average product,2024-10-09
12349,1934,340,5,Excellent product,2024-10-28
12350,1951,351,2,Product quality could be better,2024-11-16
12351,1968,362,4,Good product,2024-12-05
12352,1985,373,5,Excellent product,2024-12-24
12353,2,384,5,Excellent product,2025-01-12
12354,19,395,4,Good product,2025-01-31
12355,36,406,3,Average product,2025-02-19
12356,53,417,5,Excellent product,2025-03-10
12357,70,428,4,Good product,2025-03-29
12358,87,439,5,Excellent product,2025-04-17
12359,104,450,5,Excellent product,2025-05-06
12360,121,461,1,Very poor experience,2025-05-25
12361,138,472,5,Excellent product,2025-06-13
12362,155,483,3,Average product,2025-07-02
12363,172,494,4,Good product,2025-07-21
12364,189,5,5,Excellent product,2025-08-09
12365,206,16,5,Excellent product,2025-08-28
12366,223,27,4,Good product,2025-09-16
12367,240,38,5,Excellent product,2025-10-05
12368,257,49,5,Excellent product,2025-10-24
12369,274,60,3,Average product,2025-11-12
12370,291,71,2,Product quality could be better,2025-12-01
12371,308,82,5,Excellent product,2025-12-20
12372,325,93,4,Good product,2022-01-09
12373,342,104,5,Excellent product,2022-01-28
12374,359,115,5,Excellent product,2022-02-16
12375,376,126,4,Good product,2022-03-07
12376,393,137,3,Average product,2022-03-26
12377,410,148,5,Excellent product,2022-04-14
12378,427,159,4,Good product,2022-05-03
12379,444,170,5,Excellent product,2022-05-22
12380,461,181,1,Very poor experience,2022-06-10
12381,478,192,4,Good product,2022-06-29
12382,495,203,5,Excellent product,2022-07-18
12383,512,214,3,Average product,2022-08-06
12384,529,225,4,Good product,2022-08-25
12385,546,236,5,Excellent product,2022-09-13
12386,563,247,5,Excellent product,2022-10-02
12387,580,258,4,Good product,2022-10-21
12388,597,269,5,Excellent product,2022-11-09
12389,614,280,5,Excellent product,2022-11-28
12390,631,291,2,Product quality could be better,2022-12-17
12391,648,302,5,Excellent product,2023-01-05
12392,665,313,5,Excellent product,2023-01-24
12393,682,324,4,Good product,2023-02-12
12394,699,335,5,Excellent product,2023-03-03
12395,716,346,5,Excellent product,2023-03-22
12396,733,357,4,Good product,2023-04-10
12397,750,368,3,Average product,2023-04-29
12398,767,379,5,Excellent product,2023-05-18
12399,784,390,4,Good product,2023-06-06
12400,801,401,1,Very poor experience,2023-06-25
12401,818,412,5,Excellent product,2023-07-14
12402,835,423,4,Good product,2023-08-02
12403,852,434,5,Excellent product,2023-08-21
12404,869,445,3,Average product,2023-09-09
12405,886,456,4,Good product,2023-09-28
12406,903,467,5,Excellent product,2023-10-17
12407,920,478,5,Excellent product,2023-11-05
12408,937,489,4,Good product,2023-11-24
12409,954,500,5,Excellent product,2023-12-13
12410,971,11,2,Product quality could be better,2024-01-01
12411,988,22,3,Average product,2024-01-20
12412,1005,33,5,Excellent product,2024-02-08
12413,1022,44,5,Excellent product,2024-02-27
12414,1039,55,4,Good product,2024-03-17
12415,1056,66,5,Excellent product,2024-04-05
12416,1073,77,5,Excellent product,2024-04-24
12417,1090,88,4,Good product,2024-05-13
12418,1107,99,3,Average product,2024-06-01
12419,1124,110,5,Excellent product,2024-06-20
12420,1141,121,1,Very poor experience,2024-07-09
12421,1158,132,5,Excellent product,2024-07-28
12422,1175,143,5,Excellent product,2024-08-16
12423,1192,154,4,Good product,2024-09-04
12424,1209,165,5,Excellent product,2024-09-23
12425,1226,176,3,Average product,2024-10-12
12426,1243,187,4,Good product,2024-10-31
12427,1260,198,5,Excellent product,2024-11-19
12428,1277,209,5,Excellent product,2024-12-08
12429,1294,220,4,Good product,2024-12-27
12430,1311,231,2,Product quality could be better,2025-01-15
12431,1328,242,5,Excellent product,2025-02-03
12432,1345,253,3,Average product,2025-02-22
12433,1362,264,5,Excellent product,2025-03-13
12434,1379,275,5,Excellent product,2025-04-01
12435,1396,286,4,Good product,2025-04-20
12436,1413,297,5,Excellent product,2025-05-09
12437,1430,308,5,Excellent product,2025-05-28
12438,1447,319,4,Good product,2025-06-16
12439,1464,330,3,Average product,2025-07-05
12440,1481,341,1,Very poor experience,2025-07-24
12441,1498,352,4,Good product,2025-08-12
12442,1515,363,5,Excellent product,2025-08-31
12443,1532,374,5,Excellent product,2025-09-19
12444,1549,385,4,Good product,2025-10-08
12445,1566,396,5,Excellent product,2025-10-27
12446,1583,407,3,Average product,2025-11-15
12447,1600,418,4,Good product,2025-12-04
12448,1617,429,5,Excellent product,2025-12-23
12449,1634,440,5,Excellent product,2022-01-12
12450,1651,451,2,Product quality could be better,2022-01-31
12451,1668,462,5,Excellent product,2022-02-19
12452,1685,473,5,Excellent product,2022-03-10
12453,1702,484,3,Average product,2022-03-29
12454,1719,495,5,Excellent product,2022-04-17
12455,1736,6,5,Excellent product,2022-05-06
12456,1753,17,4,Good product,2022-05-25
12457,1770,28,5,Excellent product,2022-06-13
12458,1787,39,5,Excellent product,2022-07-02
12459,1804,50,4,Good product,2022-07-21
12460,1821,61,1,Very poor experience,2022-08-09
12461,1838,72,5,Excellent product,2022-08-28
12462,1855,83,4,Good product,2022-09-16
12463,1872,94,5,Excellent product,2022-10-05
12464,1889,105,5,Excellent product,2022-10-24
12465,1906,116,4,Good product,2022-11-12
12466,1923,127,5,Excellent product,2022-12-01
12467,1940,138,3,Average product,2022-12-20
12468,1957,149,4,Good product,2023-01-08
12469,1974,160,5,Excellent product,2023-01-27
12470,1991,171,2,Product quality could be better,2023-02-15
12471,8,182,4,Good product,2023-03-06
12472,25,193,5,Excellent product,2023-03-25
12473,42,204,5,Excellent product,2023-04-13
12474,59,215,3,Average product,2023-05-02
12475,76,226,5,Excellent product,2023-05-21
12476,93,237,5,Excellent product,2023-06-09
12477,110,248,4,Good product,2023-06-28
12478,127,259,5,Excellent product,2023-07-17
12479,144,270,5,Excellent product,2023-08-05
12480,161,281,1,Very poor experience,2023-08-24
12481,178,292,3,Average product,2023-09-12
12482,195,303,5,Excellent product,2023-10-01
12483,212,314,4,Good product,2023-10-20
12484,229,325,5,Excellent product,2023-11-08
12485,246,336,5,Excellent product,2023-11-27
12486,263,347,4,Good product,2023-12-16
12487,280,358,5,Excellent product,2024-01-04
12488,297,369,3,Average product,2024-01-23
12489,314,380,4,Good product,2024-02-11
12490,331,391,2,Product quality could be better,2024-03-01
12491,348,402,5,Excellent product,2024-03-20
12492,365,413,4,Good product,2024-04-08
12493,382,424,5,Excellent product,2024-04-27
12494,399,435,5,Excellent product,2024-05-16
12495,416,446,3,Average product,2024-06-04
12496,433,457,5,Excellent product,2024-06-23
12497,450,468,5,Excellent product,2024-07-12
12498,467,479,4,Good product,2024-07-31
12499,484,490,5,Excellent product,2024-08-19
12500,501,1,1,Very poor experience,2024-09-07
12501,518,12,4,Good product,2024-09-26
12502,535,23,3,Average product,2024-10-15
12503,552,34,5,Excellent product,2024-11-03
12504,569,45,4,Good product,2024-11-22
12505,586,56,5,Excellent product,2024-12-11
12506,603,67,5,Excellent product,2024-12-30
12507,620,78,4,Good product,2025-01-18
12508,637,89,5,Excellent product,2025-02-06
12509,654,100,3,Average product,2025-02-25
12510,671,111,2,Product quality could be better,2025-03-16
12511,688,122,5,Excellent product,2025-04-04
12512,705,133,5,Excellent product,2025-04-23
12513,722,144,4,Good product,2025-05-12
12514,739,155,5,Excellent product,2025-05-31
12515,756,166,5,Excellent product,2025-06-19
12516,773,177,3,Average product,2025-07-08
12517,790,188,5,Excellent product,2025-07-27
12518,807,199,5,Excellent product,2025-08-15
12519,824,210,4,Good product,2025-09-03
12520,841,221,1,Very poor experience,2025-09-22
12521,858,232,5,Excellent product,2025-10-11
12522,875,243,4,Good product,2025-10-30
12523,892,254,3,Average product,2025-11-18
12524,909,265,5,Excellent product,2025-12-07
12525,926,276,4,Good product,2025-12-26
12526,943,287,5,Excellent product,2022-01-15
12527,960,298,5,Excellent product,2022-02-03
12528,977,309,4,Good product,2022-02-22
12529,994,320,5,Excellent product,2022-03-13
12530,1011,331,2,Product quality could be better,2022-04-01
12531,1028,342,4,Good product,2022-04-20
12532,1045,353,5,Excellent product,2022-05-09
12533,1062,364,5,Excellent product,2022-05-28
12534,1079,375,4,Good product,2022-06-16
12535,1096,386,5,Excellent product,2022-07-05
12536,1113,397,5,Excellent product,2022-07-24
12537,1130,408,3,Average product,2022-08-12
12538,1147,419,5,Excellent product,2022-08-31
12539,1164,430,5,Excellent product,2022-09-19
12540,1181,441,1,Very poor experience,2022-10-08
12541,1198,452,5,Excellent product,2022-10-27
12542,1215,463,5,Excellent product,2022-11-15
12543,1232,474,4,Good product,2022-12-04
12544,1249,485,3,Average product,2022-12-23
12545,1266,496,5,Excellent product,2023-01-11
12546,1283,7,4,Good product,2023-01-30
12547,1300,18,5,Excellent product,2023-02-18
12548,1317,29,5,Excellent product,2023-03-09
12549,1334,40,4,Good product,2023-03-28
12550,1351,51,2,Product quality could be better,2023-04-16
12551,1368,62,3,Average product,2023-05-05
12552,1385,73,4,Good product,2023-05-24
12553,1402,84,5,Excellent product,2023-06-12
12554,1419,95,5,Excellent product,2023-07-01
12555,1436,106,4,Good product,2023-07-20
12556,1453,117,5,Excellent product,2023-08-08
12557,1470,128,5,Excellent product,2023-08-27
12558,1487,139,3,Average product,2023-09-15
12559,1504,150,5,Excellent product,2023-10-04
12560,1521,161,1,Very poor experience,2023-10-23
12561,1538,172,4,Good product,2023-11-11
12562,1555,183,5,Excellent product,2023-11-30
12563,1572,194,5,Excellent product,2023-12-19
12564,1589,205,4,Good product,2024-01-07
12565,1606,216,3,Average product,2024-01-26
12566,1623,227,5,Excellent product,2024-02-14
12567,1640,238,4,Good product,2024-03-04
12568,1657,249,5,Excellent product,2024-03-23
12569,1674,260,5,Excellent product,2024-04-11
12570,1691,271,2,Product quality could be better,2024-04-30
12571,1708,282,5,Excellent product,2024-05-19
12572,1725,293,3,Average product,2024-06-07
12573,1742,304,4,Good product,2024-06-26
12574,1759,315,5,Excellent product,2024-07-15
12575,1776,326,5,Excellent product,2024-08-03
12576,1793,337,4,Good product,2024-08-22
12577,1810,348,5,Excellent product,2024-09-10
12578,1827,359,5,Excellent product,2024-09-29
12579,1844,370,3,Average product,2024-10-18
12580,1861,381,1,Very poor experience,2024-11-06
12581,1878,392,5,Excellent product,2024-11-25
12582,1895,403,4,Good product,2024-12-14
12583,1912,414,5,Excellent product,2025-01-02
12584,1929,425,5,Excellent product,2025-01-21
12585,1946,436,4,Good product,2025-02-09
12586,1963,447,3,Average product,2025-02-28
12587,1980,458,5,Excellent product,2025-03-19
12588,1997,469,4,Good product,2025-04-07
12589,14,480,5,Excellent product,2025-04-26
12590,31,491,2,Product quality could be better,2025-05-15
12591,48,2,4,Good product,2025-06-03
12592,65,13,5,Excellent product,2025-06-22
12593,82,24,3,Average product,2025-07-11
12594,99,35,4,Good product,2025-07-30
12595,116,46,5,Excellent product,2025-08-18
12596,133,57,5,Excellent product,2025-09-06
12597,150,68,4,Good product,2025-09-25
12598,167,79,5,Excellent product,2025-10-14
12599,184,90,5,Excellent product,2025-11-02
12600,201,101,1,Very poor experience,2025-11-21
12601,218,112,5,Excellent product,2025-12-10
12602,235,123,5,Excellent product,2025-12-29
12603,252,134,4,Good product,2022-01-18
12604,269,145,5,Excellent product,2022-02-06
12605,286,156,5,Excellent product,2022-02-25
12606,303,167,4,Good product,2022-03-16
12607,320,178,3,Average product,2022-04-04
12608,337,189,5,Excellent product,2022-04-23
12609,354,200,4,Good product,2022-05-12
12610,371,211,2,Product quality could be better,2022-05-31
12611,388,222,5,Excellent product,2022-06-19
12612,405,233,4,Good product,2022-07-08
12613,422,244,5,Excellent product,2022-07-27
12614,439,255,3,Average product,2022-08-15
12615,456,266,4,Good product,2022-09-03
12616,473,277,5,Excellent product,2022-09-22
12617,490,288,5,Excellent product,2022-10-11
12618,507,299,4,Good product,2022-10-30
12619,524,310,5,Excellent product,2022-11-18
12620,541,321,1,Very poor experience,2022-12-07
12621,558,332,3,Average product,2022-12-26
12622,575,343,5,Excellent product,2023-01-14
12623,592,354,5,Excellent product,2023-02-02
12624,609,365,4,Good product,2023-02-21
12625,626,376,5,Excellent product,2023-03-12
12626,643,387,5,Excellent product,2023-03-31
12627,660,398,4,Good product,2023-04-19
12628,677,409,3,Average product,2023-05-08
12629,694,420,5,Excellent product,2023-05-27
12630,711,431,2,Product quality could be better,2023-06-15
12631,728,442,5,Excellent product,2023-07-04
12632,745,453,5,Excellent product,2023-07-23
12633,762,464,4,Good product,2023-08-11
12634,779,475,5,Excellent product,2023-08-30
12635,796,486,3,Average product,2023-09-18
12636,813,497,4,Good product,2023-10-07
12637,830,8,5,Excellent product,2023-10-26
12638,847,19,5,Excellent product,2023-11-14
12639,864,30,4,Good product,2023-12-03
12640,881,41,1,Very poor experience,2023-12-22
12641,898,52,5,Excellent product,2024-01-10
12642,915,63,3,Average product,2024-01-29
12643,932,74,5,Excellent product,2024-02-17
12644,949,85,5,Excellent product,2024-03-07
12645,966,96,4,Good product,2024-03-26
12646,983,107,5,Excellent product,2024-04-14
12647,1000,118,5,Excellent product,2024-05-03
12648,1017,129,4,Good product,2024-05-22
12649,1034,140,3,Average product,2024-06-10
12650,1051,151,2,Product quality could be better,2024-06-29
12651,1068,162,4,Good product,2024-07-18
12652,1085,173,5,Excellent product,2024-08-06
12653,1102,184,5,Excellent product,2024-08-25
12654,1119,195,4,Good product,2024-09-13
12655,1136,206,5,Excellent product,2024-10-02
12656,1153,217,3,Average product,2024-10-21
12657,1170,228,4,Good product,2024-11-09
12658,1187,239,5,Excellent product,2024-11-28
12659,1204,250,5,Excellent product,2024-12-17
12660,1221,261,1,Very poor experience,2025-01-05
12661,1238,272,5,Excellent product,2025-01-24
12662,1255,283,5,Excellent product,2025-02-12
12663,1272,294,3,Average product,2025-03-03
12664,1289,305,5,Excellent product,2025-03-22
12665,1306,316,5,Excellent product,2025-04-10
12666,1323,327,4,Good product,2025-04-29
12667,1340,338,5,Excellent product,2025-05-18
12668,1357,349,5,Excellent product,2025-06-06
12669,1374,360,4,Good product,2025-06-25
12670,1391,371,2,Product quality could be better,2025-07-14
12671,1408,382,5,Excellent product,2025-08-02
12672,1425,393,4,Good product,2025-08-21
12673,1442,404,5,Excellent product,2025-09-09
12674,1459,415,5,Excellent product,2025-09-28
12675,1476,426,4,Good product,2025-10-17
12676,1493,437,5,Excellent product,2025-11-05
12677,1510,448,3,Average product,2025-11-24
12678,1527,459,4,Good product,2025-12-13
12679,1544,470,5,Excellent product,2022-01-02
12680,1561,481,1,Very poor experience,2022-01-21
12681,1578,492,4,Good product,2022-02-09
12682,1595,3,5,Excellent product,2022-02-28
12683,1612,14,5,Excellent product,2022-03-19
12684,1629,25,3,Average product,2022-04-07
12685,1646,36,5,Excellent product,2022-04-26
12686,1663,47,5,Excellent product,2022-05-15
12687,1680,58,4,Good product,2022-06-03
12688,1697,69,5,Excellent product,2022-06-22
12689,1714,80,5,Excellent product,2022-07-11
12690,1731,91,2,Product quality could be better,2022-07-30
12691,1748,102,3,Average product,2022-08-18
12692,1765,113,5,Excellent product,2022-09-06
12693,1782,124,4,Good product,2022-09-25
12694,1799,135,5,Excellent product,2022-10-14
12695,1816,146,5,Excellent product,2022-11-02
12696,1833,157,4,Good product,2022-11-21
12697,1850,168,5,Excellent product,2022-12-10
12698,1867,179,3,Average product,2022-12-29
12699,1884,190,4,Good product,2023-01-17
12700,1901,201,1,Very poor experience,2023-02-05
12701,1918,212,5,Excellent product,2023-02-24
12702,1935,223,4,Good product,2023-03-15
12703,1952,234,5,Excellent product,2023-04-03
12704,1969,245,5,Excellent product,2023-04-22
12705,1986,256,3,Average product,2023-05-11
12706,3,267,5,Excellent product,2023-05-30
12707,20,278,5,Excellent product,2023-06-18
12708,37,289,4,Good product,2023-07-07
12709,54,300,5,Excellent product,2023-07-26
12710,71,311,2,Product quality could be better,2023-08-14
12711,88,322,4,Good product,2023-09-02
12712,105,333,3,Average product,2023-09-21
12713,122,344,5,Excellent product,2023-10-10
12714,139,355,4,Good product,2023-10-29
12715,156,366,5,Excellent product,2023-11-17
12716,173,377,5,Excellent product,2023-12-06
12717,190,388,4,Good product,2023-12-25
12718,207,399,5,Excellent product,2024-01-13
12719,224,410,3,Average product,2024-02-01
12720,241,421,1,Very poor experience,2024-02-20
12721,258,432,5,Excellent product,2024-03-10
12722,275,443,5,Excellent product,2024-03-29
12723,292,454,4,Good product,2024-04-17
12724,309,465,5,Excellent product,2024-05-06
12725,326,476,5,Excellent product,2024-05-25
12726,343,487,3,Average product,2024-06-13
12727,360,498,5,Excellent product,2024-07-02
12728,377,9,5,Excellent product,2024-07-21
12729,394,20,4,Good product,2024-08-09
12730,411,31,2,Product quality could be better,2024-08-28
12731,428,42,5,Excellent product,2024-09-16
12732,445,53,4,Good product,2024-10-05
12733,462,64,3,Average product,2024-10-24
12734,479,75,5,Excellent product,2024-11-12
12735,496,86,4,Good product,2024-12-01
12736,513,97,5,Excellent product,2024-12-20
12737,530,108,5,Excellent product,2025-01-08
12738,547,119,4,Good product,2025-01-27
12739,564,130,5,Excellent product,2025-02-15
12740,581,141,1,Very poor experience,2025-03-06
12741,598,152,4,Good product,2025-03-25
12742,615,163,5,Excellent product,2025-04-13
12743,632,174,5,Excellent product,2025-05-02
12744,649,185,4,Good product,2025-05-21
12745,666,196,5,Excellent product,2025-06-09
12746,683,207,5,Excellent product,2025-06-28
12747,700,218,3,Average product,2025-07-17
12748,717,229,5,Excellent product,2025-08-05
12749,734,240,5,Excellent product,2025-08-24
12750,751,251,2,Product quality could be better,2025-09-12
12751,768,262,5,Excellent product,2025-10-01
12752,785,273,5,Excellent product,2025-10-20
12753,802,284,4,Good product,2025-11-08
12754,819,295,3,Average product,2025-11-27
12755,836,306,5,Excellent product,2025-12-16
12756,853,317,4,Good product,2022-01-05
12757,870,328,5,Excellent product,2022-01-24
12758,887,339,5,Excellent product,2022-02-12
12759,904,350,4,Good product,2022-03-03
12760,921,361,1,Very poor experience,2022-03-22
12761,938,372,3,Average product,2022-04-10
12762,955,383,4,Good product,2022-04-29
12763,972,394,5,Excellent product,2022-05-18
12764,989,405,5,Excellent product,2022-06-06
12765,1006,416,4,Good product,2022-06-25
12766,1023,427,5,Excellent product,2022-07-14
12767,1040,438,5,Excellent product,2022-08-02
12768,1057,449,3,Average product,2022-08-21
12769,1074,460,5,Excellent product,2022-09-09
12770,1091,471,2,Product quality could be better,2022-09-28
12771,1108,482,4,Good product,2022-10-17
12772,1125,493,5,Excellent product,2022-11-05
12773,1142,4,5,Excellent product,2022-11-24
12774,1159,15,4,Good product,2022-12-13
12775,1176,26,3,Average product,2023-01-01
12776,1193,37,5,Excellent product,2023-01-20
12777,1210,48,4,Good product,2023-02-08
12778,1227,59,5,Excellent product,2023-02-27
12779,1244,70,5,Excellent product,2023-03-18
12780,1261,81,1,Very poor experience,2023-04-06
12781,1278,92,5,Excellent product,2023-04-25
12782,1295,103,3,Average product,2023-05-14
12783,1312,114,4,Good product,2023-06-02
12784,1329,125,5,Excellent product,2023-06-21
12785,1346,136,5,Excellent product,2023-07-10
12786,1363,147,4,Good product,2023-07-29
12787,1380,158,5,Excellent product,2023-08-17
12788,1397,169,5,Excellent product,2023-09-05
12789,1414,180,3,Average product,2023-09-24
12790,1431,191,2,Product quality could be better,2023-10-13
12791,1448,202,5,Excellent product,2023-11-01
12792,1465,213,4,Good product,2023-11-20
12793,1482,224,5,Excellent product,2023-12-09
12794,1499,235,5,Excellent product,2023-12-28
12795,1516,246,4,Good product,2024-01-16
12796,1533,257,3,Average product,2024-02-04
12797,1550,268,5,Excellent product,2024-02-23
12798,1567,279,4,Good product,2024-03-13
12799,1584,290,5,Excellent product,2024-04-01
12800,1601,301,1,Very poor experience,2024-04-20
12801,1618,312,4,Good product,2024-05-09
12802,1635,323,5,Excellent product,2024-05-28
12803,1652,334,3,Average product,2024-06-16
12804,1669,345,4,Good product,2024-07-05
12805,1686,356,5,Excellent product,2024-07-24
12806,1703,367,5,Excellent product,2024-08-12
12807,1720,378,4,Good product,2024-08-31
12808,1737,389,5,Excellent product,2024-09-19
12809,1754,400,5,Excellent product,2024-10-08
12810,1771,411,2,Product quality could be better,2024-10-27
12811,1788,422,5,Excellent product,2024-11-15
12812,1805,433,5,Excellent product,2024-12-04
12813,1822,444,4,Good product,2024-12-23
12814,1839,455,5,Excellent product,2025-01-11
12815,1856,466,5,Excellent product,2025-01-30
12816,1873,477,4,Good product,2025-02-18
12817,1890,488,3,Average product,2025-03-09
12818,1907,499,5,Excellent product,2025-03-28
12819,1924,10,4,Good product,2025-04-16
12820,1941,21,1,Very poor experience,2025-05-05
12821,1958,32,5,Excellent product,2025-05-24
12822,1975,43,4,Good product,2025-06-12
12823,1992,54,5,Excellent product,2025-07-01
12824,9,65,3,Average product,2025-07-20
12825,26,76,4,Good product,2025-08-08
12826,43,87,5,Excellent product,2025-08-27
12827,60,98,5,Excellent product,2025-09-15
12828,77,109,4,Good product,2025-10-04
12829,94,120,5,Excellent product,2025-10-23
12830,111,131,2,Product quality could be better,2025-11-11
12831,128,142,3,Average product,2025-11-30
12832,145,153,5,Excellent product,2025-12-19
12833,162,164,5,Excellent product,2022-01-08
12834,179,175,4,Good product,2022-01-27
12835,196,186,5,Excellent product,2022-02-15
12836,213,197,5,Excellent product,2022-03-06
12837,230,208,4,Good product,2022-03-25
12838,247,219,3,Average product,2022-04-13
12839,264,230,5,Excellent product,2022-05-02
12840,281,241,1,Very poor experience,2022-05-21
12841,298,252,5,Excellent product,2022-06-09
12842,315,263,5,Excellent product,2022-06-28
12843,332,274,4,Good product,2022-07-17
12844,349,285,5,Excellent product,2022-08-05
12845,366,296,3,Average product,2022-08-24
12846,383,307,4,Good product,2022-09-12
12847,400,318,5,Excellent product,2022-10-01
12848,417,329,5,Excellent product,2022-10-20
12849,434,340,4,Good product,2022-11-08
12850,451,351,2,Product quality could be better,2022-11-27
12851,468,362,5,Excellent product,2022-12-16
12852,485,373,3,Average product,2023-01-04
12853,502,384,5,Excellent product,2023-01-23
12854,519,395,5,Excellent product,2023-02-11
12855,536,406,4,Good product,2023-03-02
12856,553,417,5,Excellent product,2023-03-21
12857,570,428,5,Excellent product,2023-04-09
12858,587,439,4,Good product,2023-04-28
12859,604,450,3,Average product,2023-05-17
12860,621,461,1,Very poor experience,2023-06-05
12861,638,472,4,Good product,2023-06-24
12862,655,483,5,Excellent product,2023-07-13
12863,672,494,5,Excellent product,2023-08-01
12864,689,5,4,Good product,2023-08-20
12865,706,16,5,Excellent product,2023-09-08
12866,723,27,3,Average product,2023-09-27
12867,740,38,4,Good product,2023-10-16
12868,757,49,5,Excellent product,2023-11-04
12869,774,60,5,Excellent product,2023-11-23
12870,791,71,2,Product quality could be better,2023-12-12
12871,808,82,5,Excellent product,2023-12-31
12872,825,93,5,Excellent product,2024-01-19
12873,842,104,3,Average product,2024-02-07
12874,859,115,5,Excellent product,2024-02-26
12875,876,126,5,Excellent product,2024-03-16
12876,893,137,4,Good product,2024-04-04
12877,910,148,5,Excellent product,2024-04-23
12878,927,159,5,Excellent product,2024-05-12
12879,944,170,4,Good product,2024-05-31
12880,961,181,1,Very poor experience,2024-06-19
12881,978,192,5,Excellent product,2024-07-08
12882,995,203,4,Good product,2024-07-27
12883,1012,214,5,Excellent product,2024-08-15
12884,1029,225,5,Excellent product,2024-09-03
12885,1046,236,4,Good product,2024-09-22
12886,1063,247,5,Excellent product,2024-10-11
12887,1080,258,3,Average product,2024-10-30
12888,1097,269,4,Good product,2024-11-18
12889,1114,280,5,Excellent product,2024-12-07
12890,1131,291,2,Product quality could be better,2024-12-26
12891,1148,302,4,Good product,2025-01-14
12892,1165,313,5,Excellent product,2025-02-02
12893,1182,324,5,Excellent product,2025-02-21
12894,1199,335,3,Average product,2025-03-12
12895,1216,346,5,Excellent product,2025-03-31
12896,1233,357,5,Excellent product,2025-04-19
12897,1250,368,4,Good product,2025-05-08
12898,1267,379,5,Excellent product,2025-05-27
12899,1284,390,5,Excellent product,2025-06-15
12900,1301,401,1,Very poor experience,2025-07-04
12901,1318,412,3,Average product,2025-07-23
12902,1335,423,5,Excellent product,2025-08-11
12903,1352,434,4,Good product,2025-08-30
12904,1369,445,5,Excellent product,2025-09-18
12905,1386,456,5,Excellent product,2025-10-07
12906,1403,467,4,Good product,2025-10-26
12907,1420,478,5,Excellent product,2025-11-14
12908,1437,489,3,Average product,2025-12-03
12909,1454,500,4,Good product,2025-12-22
12910,1471,11,2,Product quality could be better,2022-01-11
12911,1488,22,5,Excellent product,2022-01-30
12912,1505,33,4,Good product,2022-02-18
12913,1522,44,5,Excellent product,2022-03-09
12914,1539,55,5,Excellent product,2022-03-28
12915,1556,66,3,Average product,2022-04-16
12916,1573,77,5,Excellent product,2022-05-05
12917,1590,88,5,Excellent product,2022-05-24
12918,1607,99,4,Good product,2022-06-12
12919,1624,110,5,Excellent product,2022-07-01
12920,1641,121,1,Very poor experience,2022-07-20
12921,1658,132,4,Good product,2022-08-08
12922,1675,143,3,Average product,2022-08-27
12923,1692,154,5,Excellent product,2022-09-15
12924,1709,165,4,Good product,2022-10-04
12925,1726,176,5,Excellent product,2022-10-23
12926,1743,187,5,Excellent product,2022-11-11
12927,1760,198,4,Good product,2022-11-30
12928,1777,209,5,Excellent product,2022-12-19
12929,1794,220,3,Average product,2023-01-07
12930,1811,231,2,Product quality could be better,2023-01-26
12931,1828,242,5,Excellent product,2023-02-14
12932,1845,253,5,Excellent product,2023-03-05
12933,1862,264,4,Good product,2023-03-24
12934,1879,275,5,Excellent product,2023-04-12
12935,1896,286,5,Excellent product,2023-05-01
12936,1913,297,3,Average product,2023-05-20
12937,1930,308,5,Excellent product,2023-06-08
12938,1947,319,5,Excellent product,2023-06-27
12939,1964,330,4,Good product,2023-07-16
12940,1981,341,1,Very poor experience,2023-08-04
12941,1998,352,5,Excellent product,2023-08-23
12942,15,363,4,Good product,2023-09-11
12943,32,374,3,Average product,2023-09-30
12944,49,385,5,Excellent product,2023-10-19
12945,66,396,4,Good product,2023-11-07
12946,83,407,5,Excellent product,2023-11-26
12947,100,418,5,Excellent product,2023-12-15
12948,117,429,4,Good product,2024-01-03
12949,134,440,5,Excellent product,2024-01-22
12950,151,451,2,Product quality could be better,2024-02-10
12951,168,462,4,Good product,2024-02-29
12952,185,473,5,Excellent product,2024-03-19
12953,202,484,5,Excellent product,2024-04-07
12954,219,495,4,Good product,2024-04-26
12955,236,6,5,Excellent product,2024-05-15
12956,253,17,5,Excellent product,2024-06-03
12957,270,28,3,Average product,2024-06-22
12958,287,39,5,Excellent product,2024-07-11
12959,304,50,5,Excellent product,2024-07-30
12960,321,61,1,Very poor experience,2024-08-18
12961,338,72,5,Excellent product,2024-09-06
12962,355,83,5,Excellent product,2024-09-25
12963,372,94,4,Good product,2024-10-14
12964,389,105,3,Average product,2024-11-02
12965,406,116,5,Excellent product,2024-11-21
12966,423,127,4,Good product,2024-12-10
12967,440,138,5,Excellent product,2024-12-29
12968,457,149,5,Excellent product,2025-01-17
12969,474,160,4,Good product,2025-02-05
12970,491,171,2,Product quality could be better,2025-02-24
12971,508,182,3,Average product,2025-03-15
12972,525,193,4,Good product,2025-04-03
12973,542,204,5,Excellent product,2025-04-22
12974,559,215,5,Excellent product,2025-05-11
12975,576,226,4,Good product,2025-05-30
12976,593,237,5,Excellent product,2025-06-18
12977,610,248,5,Excellent product,2025-07-07
12978,627,259,3,Average product,2025-07-26
12979,644,270,5,Excellent product,2025-08-14
12980,661,281,1,Very poor experience,2025-09-02
12981,678,292,4,Good product,2025-09-21
12982,695,303,5,Excellent product,2025-10-10
12983,712,314,5,Excellent product,2025-10-29
12984,729,325,4,Good product,2025-11-17
12985,746,336,3,Average product,2025-12-06
12986,763,347,5,Excellent product,2025-12-25
12987,780,358,4,Good product,2022-01-14
12988,797,369,5,Excellent product,2022-02-02
12989,814,380,5,Excellent product,2022-02-21
12990,831,391,2,Product quality could be better,2022-03-12
12991,848,402,5,Excellent product,2022-03-31
12992,865,413,3,Average product,2022-04-19
12993,882,424,4,Good product,2022-05-08
12994,899,435,5,Excellent product,2022-05-27
12995,916,446,5,Excellent product,2022-06-15
12996,933,457,4,Good product,2022-07-04
12997,950,468,5,Excellent product,2022-07-23
12998,967,479,5,Excellent product,2022-08-11
12999,984,490,3,Average product,2022-08-30
13000,1001,1,1,Very poor experience,2022-09-18
13001,1018,12,5,Excellent product,2022-10-07
13002,1035,23,4,Good product,2022-10-26
13003,1052,34,5,Excellent product,2022-11-14
13004,1069,45,5,Excellent product,2022-12-03
13005,1086,56,4,Good product,2022-12-22
13006,1103,67,3,Average product,2023-01-10
13007,1120,78,5,Excellent product,2023-01-29
13008,1137,89,4,Good product,2023-02-17
13009,1154,100,5,Excellent product,2023-03-08
13010,1171,111,2,Product quality could be better,2023-03-27
13011,1188,122,4,Good product,2023-04-15
13012,1205,133,5,Excellent product,2023-05-04
13013,1222,144,3,Average product,2023-05-23
13014,1239,155,4,Good product,2023-06-11
13015,1256,166,5,Excellent product,2023-06-30
13016,1273,177,5,Excellent product,2023-07-19
13017,1290,188,4,Good product,2023-08-07
13018,1307,199,5,Excellent product,2023-08-26
13019,1324,210,5,Excellent product,2023-09-14
13020,1341,221,1,Very poor experience,2023-10-03
13021,1358,232,5,Excellent product,2023-10-22
13022,1375,243,5,Excellent product,2023-11-10
13023,1392,254,4,Good product,2023-11-29
13024,1409,265,5,Excellent product,2023-12-18
13025,1426,276,5,Excellent product,2024-01-06
13026,1443,287,4,Good product,2024-01-25
13027,1460,298,3,Average product,2024-02-13
13028,1477,309,5,Excellent product,2024-03-03
13029,1494,320,4,Good product,2024-03-22
13030,1511,331,2,Product quality could be better,2024-04-10
13031,1528,342,5,Excellent product,2024-04-29
13032,1545,353,4,Good product,2024-05-18
13033,1562,364,5,Excellent product,2024-06-06
13034,1579,375,3,Average product,2024-06-25
13035,1596,386,4,Good product,2024-07-14
13036,1613,397,5,Excellent product,2024-08-02
13037,1630,408,5,Excellent product,2024-08-21
13038,1647,419,4,Good product,2024-09-09
13039,1664,430,5,Excellent product,2024-09-28
13040,1681,441,1,Very poor experience,2024-10-17
13041,1698,452,3,Average product,2024-11-05
13042,1715,463,5,Excellent product,2024-11-24
13043,1732,474,5,Excellent product,2024-12-13
13044,1749,485,4,Good product,2025-01-01
13045,1766,496,5,Excellent product,2025-01-20
13046,1783,7,5,Excellent product,2025-02-08
13047,1800,18,4,Good product,2025-02-27
13048,1817,29,3,Average product,2025-03-18
13049,1834,40,5,Excellent product,2025-04-06
13050,1851,51,2,Product quality could be better,2025-04-25
13051,1868,62,5,Excellent product,2025-05-14
13052,1885,73,5,Excellent product,2025-06-02
13053,1902,84,4,Good product,2025-06-21
13054,1919,95,5,Excellent product,2025-07-10
13055,1936,106,3,Average product,2025-07-29
13056,1953,117,4,Good product,2025-08-17
13057,1970,128,5,Excellent product,2025-09-05
13058,1987,139,5,Excellent product,2025-09-24
13059,4,150,4,Good product,2025-10-13
13060,21,161,1,Very poor experience,2025-11-01
13061,38,172,5,Excellent product,2025-11-20
13062,55,183,3,Average product,2025-12-09
13063,72,194,5,Excellent product,2025-12-28
13064,89,205,5,Excellent product,2022-01-17
13065,106,216,4,Good product,2022-02-05
13066,123,227,5,Excellent product,2022-02-24
13067,140,238,5,Excellent product,2022-03-15
13068,157,249,4,Good product,2022-04-03
13069,174,260,3,Average product,2022-04-22
13070,191,271,2,Product quality could be better,2022-05-11
13071,208,282,4,Good product,2022-05-30
13072,225,293,5,Excellent product,2022-06-18
13073,242,304,5,Excellent product,2022-07-07
13074,259,315,4,Good product,2022-07-26
13075,276,326,5,Excellent product,2022-08-14
13076,293,337,3,Average product,2022-09-02
13077,310,348,4,Good product,2022-09-21
13078,327,359,5,Excellent product,2022-10-10
13079,344,370,5,Excellent product,2022-10-29
13080,361,381,1,Very poor experience,2022-11-17
13081,378,392,5,Excellent product,2022-12-06
13082,395,403,5,Excellent product,2022-12-25
13083,412,414,3,Average product,2023-01-13
13084,429,425,5,Excellent product,2023-02-01
13085,446,436,5,Excellent product,2023-02-20
13086,463,447,4,Good product,2023-03-11
13087,480,458,5,Excellent product,2023-03-30
13088,497,469,5,Excellent product,2023-04-18
13089,514,480,4,Good product,2023-05-07
13090,531,491,2,Product quality could be better,2023-05-26
13091,548,2,5,Excellent product,2023-06-14
13092,565,13,4,Good product,2023-07-03
13093,582,24,5,Excellent product,2023-07-22
13094,599,35,5,Excellent product,2023-08-10
13095,616,46,4,Good product,2023-08-29
13096,633,57,5,Excellent product,2023-09-17
13097,650,68,3,Average product,2023-10-06
13098,667,79,4,Good product,2023-10-25
13099,684,90,5,Excellent product,2023-11-13
13100,701,101,1,Very poor experience,2023-12-02
13101,718,112,4,Good product,2023-12-21
13102,735,123,5,Excellent product,2024-01-09
13103,752,134,5,Excellent product,2024-01-28
13104,769,145,3,Average product,2024-02-16
13105,786,156,5,Excellent product,2024-03-06
13106,803,167,5,Excellent product,2024-03-25
13107,820,178,4,Good product,2024-04-13
13108,837,189,5,Excellent product,2024-05-02
13109,854,200,5,Excellent product,2024-05-21
13110,871,211,2,Product quality could be better,2024-06-09
13111,888,222,3,Average product,2024-06-28
13112,905,233,5,Excellent product,2024-07-17
13113,922,244,4,Good product,2024-08-05
13114,939,255,5,Excellent product,2024-08-24
13115,956,266,5,Excellent product,2024-09-12
13116,973,277,4,Good product,2024-10-01
13117,990,288,5,Excellent product,2024-10-20
13118,1007,299,3,Average product,2024-11-08
13119,1024,310,4,Good product,2024-11-27
13120,1041,321,1,Very poor experience,2024-12-16
13121,1058,332,5,Excellent product,2025-01-04
13122,1075,343,4,Good product,2025-01-23
13123,1092,354,5,Excellent product,2025-02-11
13124,1109,365,5,Excellent product,2025-03-02
13125,1126,376,3,Average product,2025-03-21
13126,1143,387,5,Excellent product,2025-04-09
13127,1160,398,5,Excellent product,2025-04-28
13128,1177,409,4,Good product,2025-05-17
13129,1194,420,5,Excellent product,2025-06-05
13130,1211,431,2,Product quality could be better,2025-06-24
13131,1228,442,4,Good product,2025-07-13
13132,1245,453,3,Average product,2025-08-01
13133,1262,464,5,Excellent product,2025-08-20
13134,1279,475,4,Good product,2025-09-08
13135,1296,486,5,Excellent product,2025-09-27
13136,1313,497,5,Excellent product,2025-10-16
13137,1330,8,4,Good product,2025-11-04
13138,1347,19,5,Excellent product,2025-11-23
13139,1364,30,3,Average product,2025-12-12
13140,1381,41,1,Very poor experience,2022-01-01
13141,1398,52,5,Excellent product,2022-01-20
13142,1415,63,5,Excellent product,2022-02-08
13143,1432,74,4,Good product,2022-02-27
13144,1449,85,5,Excellent product,2022-03-18
13145,1466,96,5,Excellent product,2022-04-06
13146,1483,107,3,Average product,2022-04-25
13147,1500,118,5,Excellent product,2022-05-14
13148,1517,129,5,Excellent product,2022-06-02
13149,1534,140,4,Good product,2022-06-21
13150,1551,151,2,Product quality could be better,2022-07-10
13151,1568,162,5,Excellent product,2022-07-29
13152,1585,173,4,Good product,2022-08-17
13153,1602,184,3,Average product,2022-09-05
13154,1619,195,5,Excellent product,2022-09-24
13155,1636,206,4,Good product,2022-10-13
13156,1653,217,5,Excellent product,2022-11-01
13157,1670,228,5,Excellent product,2022-11-20
13158,1687,239,4,Good product,2022-12-09
13159,1704,250,5,Excellent product,2022-12-28
13160,1721,261,1,Very poor experience,2023-01-16
13161,1738,272,4,Good product,2023-02-04
13162,1755,283,5,Excellent product,2023-02-23
13163,1772,294,5,Excellent product,2023-03-14
13164,1789,305,4,Good product,2023-04-02
13165,1806,316,5,Excellent product,2023-04-21
13166,1823,327,5,Excellent product,2023-05-10
13167,1840,338,3,Average product,2023-05-29
13168,1857,349,5,Excellent product,2023-06-17
13169,1874,360,5,Excellent product,2023-07-06
13170,1891,371,2,Product quality could be better,2023-07-25
13171,1908,382,5,Excellent product,2023-08-13
13172,1925,393,5,Excellent product,2023-09-01
13173,1942,404,4,Good product,2023-09-20
13174,1959,415,3,Average product,2023-10-09
13175,1976,426,5,Excellent product,2023-10-28
13176,1993,437,4,Good product,2023-11-16
13177,10,448,5,Excellent product,2023-12-05
13178,27,459,5,Excellent product,2023-12-24
13179,44,470,4,Good product,2024-01-12
13180,61,481,1,Very poor experience,2024-01-31
13181,78,492,3,Average product,2024-02-19
13182,95,3,4,Good product,2024-03-09
13183,112,14,5,Excellent product,2024-03-28
13184,129,25,5,Excellent product,2024-04-16
13185,146,36,4,Good product,2024-05-05
13186,163,47,5,Excellent product,2024-05-24
13187,180,58,5,Excellent product,2024-06-12
13188,197,69,3,Average product,2024-07-01
13189,214,80,5,Excellent product,2024-07-20
13190,231,91,2,Product quality could be better,2024-08-08
13191,248,102,4,Good product,2024-08-27
13192,265,113,5,Excellent product,2024-09-15
13193,282,124,5,Excellent product,2024-10-04
13194,299,135,4,Good product,2024-10-23
13195,316,146,3,Average product,2024-11-11
13196,333,157,5,Excellent product,2024-11-30
13197,350,168,4,Good product,2024-12-19
13198,367,179,5,Excellent product,2025-01-07
13199,384,190,5,Excellent product,2025-01-26
13200,401,201,1,Very poor experience,2025-02-14
13201,418,212,5,Excellent product,2025-03-05
13202,435,223,3,Average product,2025-03-24
13203,452,234,4,Good product,2025-04-12
13204,469,245,5,Excellent product,2025-05-01
13205,486,256,5,Excellent product,2025-05-20
13206,503,267,4,Good product,2025-06-08
13207,520,278,5,Excellent product,2025-06-27
13208,537,289,5,Excellent product,2025-07-16
13209,554,300,3,Average product,2025-08-04
13210,571,311,2,Product quality could be better,2025-08-23
13211,588,322,5,Excellent product,2025-09-11
13212,605,333,4,Good product,2025-09-30
13213,622,344,5,Excellent product,2025-10-19
13214,639,355,5,Excellent product,2025-11-07
13215,656,366,4,Good product,2025-11-26
13216,673,377,3,Average product,2025-12-15
13217,690,388,5,Excellent product,2022-01-04
13218,707,399,4,Good product,2022-01-23
13219,724,410,5,Excellent product,2022-02-11
13220,741,421,1,Very poor experience,2022-03-02
13221,758,432,4,Good product,2022-03-21
13222,775,443,5,Excellent product,2022-04-09
13223,792,454,3,Average product,2022-04-28
13224,809,465,4,Good product,2022-05-17
13225,826,476,5,Excellent product,2022-06-05
13226,843,487,5,Excellent product,2022-06-24
13227,860,498,4,Good product,2022-07-13
13228,877,9,5,Excellent product,2022-08-01
13229,894,20,5,Excellent product,2022-08-20
13230,911,31,2,Product quality could be better,2022-09-08
13231,928,42,5,Excellent product,2022-09-27
13232,945,53,5,Excellent product,2022-10-16
13233,962,64,4,Good product,2022-11-04
13234,979,75,5,Excellent product,2022-11-23
13235,996,86,5,Excellent product,2022-12-12
13236,1013,97,4,Good product,2022-12-31
13237,1030,108,3,Average product,2023-01-19
13238,1047,119,5,Excellent product,2023-02-07
13239,1064,130,4,Good product,2023-02-26
13240,1081,141,1,Very poor experience,2023-03-17
13241,1098,152,5,Excellent product,2023-04-05
13242,1115,163,4,Good product,2023-04-24
13243,1132,174,5,Excellent product,2023-05-13
13244,1149,185,3,Average product,2023-06-01
13245,1166,196,4,Good product,2023-06-20
13246,1183,207,5,Excellent product,2023-07-09
13247,1200,218,5,Excellent product,2023-07-28
13248,1217,229,4,Good product,2023-08-16
13249,1234,240,5,Excellent product,2023-09-04
13250,1251,251,2,Product quality could be better,2023-09-23
13251,1268,262,3,Average product,2023-10-12
13252,1285,273,5,Excellent product,2023-10-31
13253,1302,284,5,Excellent product,2023-11-19
13254,1319,295,4,Good product,2023-12-08
13255,1336,306,5,Excellent product,2023-12-27
13256,1353,317,5,Excellent product,2024-01-15
13257,1370,328,4,Good product,2024-02-03
13258,1387,339,3,Average product,2024-02-22
13259,1404,350,5,Excellent product,2024-03-12
13260,1421,361,1,Very poor experience,2024-03-31
13261,1438,372,5,Excellent product,2024-04-19
13262,1455,383,5,Excellent product,2024-05-08
13263,1472,394,4,Good product,2024-05-27
13264,1489,405,5,Excellent product,2024-06-15
13265,1506,416,3,Average product,2024-07-04
13266,1523,427,4,Good product,2024-07-23
13267,1540,438,5,Excellent product,2024-08-11
13268,1557,449,5,Excellent product,2024-08-30
13269,1574,460,4,Good product,2024-09-18
13270,1591,471,2,Product quality could be better,2024-10-07
13271,1608,482,5,Excellent product,2024-10-26
13272,1625,493,3,Average product,2024-11-14
13273,1642,4,5,Excellent product,2024-12-03
13274,1659,15,5,Excellent product,2024-12-22
13275,1676,26,4,Good product,2025-01-10
13276,1693,37,5,Excellent product,2025-01-29
13277,1710,48,5,Excellent product,2025-02-17
13278,1727,59,4,Good product,2025-03-08
13279,1744,70,3,Average product,2025-03-27
13280,1761,81,1,Very poor experience,2025-04-15
13281,1778,92,4,Good product,2025-05-04
13282,1795,103,5,Excellent product,2025-05-23
13283,1812,114,5,Excellent product,2025-06-11
13284,1829,125,4,Good product,2025-06-30
13285,1846,136,5,Excellent product,2025-07-19
13286,1863,147,3,Average product,2025-08-07
13287,1880,158,4,Good product,2025-08-26
13288,1897,169,5,Excellent product,2025-09-14
13289,1914,180,5,Excellent product,2025-10-03
13290,1931,191,2,Product quality could be better,2025-10-22
13291,1948,202,5,Excellent product,2025-11-10
13292,1965,213,5,Excellent product,2025-11-29
13293,1982,224,3,Average product,2025-12-18
13294,1999,235,5,Excellent product,2022-01-07
13295,16,246,5,Excellent product,2022-01-26
13296,33,257,4,Good product,2022-02-14
13297,50,268,5,Excellent product,2022-03-05
13298,67,279,5,Excellent product,2022-03-24
13299,84,290,4,Good product,2022-04-12
13300,101,301,1,Very poor experience,2022-05-01
13301,118,312,5,Excellent product,2022-05-20
13302,135,323,4,Good product,2022-06-08
13303,152,334,5,Excellent product,2022-06-27
13304,169,345,5,Excellent product,2022-07-16
13305,186,356,4,Good product,2022-08-04
13306,203,367,5,Excellent product,2022-08-23
13307,220,378,3,Average product,2022-09-11
13308,237,389,4,Good product,2022-09-30
13309,254,400,5,Excellent product,2022-10-19
13310,271,411,2,Product quality could be better,2022-11-07
13311,288,422,4,Good product,2022-11-26
13312,305,433,5,Excellent product,2022-12-15
13313,322,444,5,Excellent product,2023-01-03
13314,339,455,3,Average product,2023-01-22
13315,356,466,5,Excellent product,2023-02-10
13316,373,477,5,Excellent product,2023-03-01
13317,390,488,4,Good product,2023-03-20
13318,407,499,5,Excellent product,2023-04-08
13319,424,10,5,Excellent product,2023-04-27
13320,441,21,1,Very poor experience,2023-05-16
13321,458,32,3,Average product,2023-06-04
13322,475,43,5,Excellent product,2023-06-23
13323,492,54,4,Good product,2023-07-12
13324,509,65,5,Excellent product,2023-07-31
13325,526,76,5,Excellent product,2023-08-19
13326,543,87,4,Good product,2023-09-07
13327,560,98,5,Excellent product,2023-09-26
13328,577,109,3,Average product,2023-10-15
13329,594,120,4,Good product,2023-11-03
13330,611,131,2,Product quality could be better,2023-11-22
13331,628,142,5,Excellent product,2023-12-11
13332,645,153,4,Good product,2023-12-30
13333,662,164,5,Excellent product,2024-01-18
13334,679,175,5,Excellent product,2024-02-06
13335,696,186,3,Average product,2024-02-25
13336,713,197,5,Excellent product,2024-03-15
13337,730,208,5,Excellent product,2024-04-03
13338,747,219,4,Good product,2024-04-22
13339,764,230,5,Excellent product,2024-05-11
13340,781,241,1,Very poor experience,2024-05-30
13341,798,252,4,Good product,2024-06-18
13342,815,263,3,Average product,2024-07-07
13343,832,274,5,Excellent product,2024-07-26
13344,849,285,4,Good product,2024-08-14
13345,866,296,5,Excellent product,2024-09-02
13346,883,307,5,Excellent product,2024-09-21
13347,900,318,4,Good product,2024-10-10
13348,917,329,5,Excellent product,2024-10-29
13349,934,340,3,Average product,2024-11-17
13350,951,351,2,Product quality could be better,2024-12-06
13351,968,362,5,Excellent product,2024-12-25
13352,985,373,5,Excellent product,2025-01-13
13353,1002,384,4,Good product,2025-02-01
13354,1019,395,5,Excellent product,2025-02-20
13355,1036,406,5,Excellent product,2025-03-11
13356,1053,417,3,Average product,2025-03-30
13357,1070,428,5,Excellent product,2025-04-18
13358,1087,439,5,Excellent product,2025-05-07
13359,1104,450,4,Good product,2025-05-26
13360,1121,461,1,Very poor experience,2025-06-14
13361,1138,472,5,Excellent product,2025-07-03
13362,1155,483,4,Good product,2025-07-22
13363,1172,494,3,Average product,2025-08-10
13364,1189,5,5,Excellent product,2025-08-29
13365,1206,16,4,Good product,2025-09-17
13366,1223,27,5,Excellent product,2025-10-06
13367,1240,38,5,Excellent product,2025-10-25
13368,1257,49,4,Good product,2025-11-13
13369,1274,60,5,Excellent product,2025-12-02
13370,1291,71,2,Product quality could be better,2025-12-21
13371,1308,82,4,Good product,2022-01-10
13372,1325,93,5,Excellent product,2022-01-29
13373,1342,104,5,Excellent product,2022-02-17
13374,1359,115,4,Good product,2022-03-08
13375,1376,126,5,Excellent product,2022-03-27
13376,1393,137,5,Excellent product,2022-04-15
13377,1410,148,3,Average product,2022-05-04
13378,1427,159,5,Excellent product,2022-05-23
13379,1444,170,5,Excellent product,2022-06-11
13380,1461,181,1,Very poor experience,2022-06-30
13381,1478,192,5,Excellent product,2022-07-19
13382,1495,203,5,Excellent product,2022-08-07
13383,1512,214,4,Good product,2022-08-26
13384,1529,225,3,Average product,2022-09-14
13385,1546,236,5,Excellent product,2022-10-03
13386,1563,247,4,Good product,2022-10-22
13387,1580,258,5,Excellent product,2022-11-10
13388,1597,269,5,Excellent product,2022-11-29
13389,1614,280,4,Good product,2022-12-18
13390,1631,291,2,Product quality could be better,2023-01-06
13391,1648,302,3,Average product,2023-01-25
13392,1665,313,4,Good product,2023-02-13
13393,1682,324,5,Excellent product,2023-03-04
13394,1699,335,5,Excellent product,2023-03-23
13395,1716,346,4,Good product,2023-04-11
13396,1733,357,5,Excellent product,2023-04-30
13397,1750,368,5,Excellent product,2023-05-19
13398,1767,379,3,Average product,2023-06-07
13399,1784,390,5,Excellent product,2023-06-26
13400,1801,401,1,Very poor experience,2023-07-15
13401,1818,412,4,Good product,2023-08-03
13402,1835,423,5,Excellent product,2023-08-22
13403,1852,434,5,Excellent product,2023-09-10
13404,1869,445,4,Good product,2023-09-29
13405,1886,456,3,Average product,2023-10-18
13406,1903,467,5,Excellent product,2023-11-06
13407,1920,478,4,Good product,2023-11-25
13408,1937,489,5,Excellent product,2023-12-14
13409,1954,500,5,Excellent product,2024-01-02
13410,1971,11,2,Product quality could be better,2024-01-21
13411,1988,22,5,Excellent product,2024-02-09
13412,5,33,3,Average product,2024-02-28
13413,22,44,4,Good product,2024-03-18
13414,39,55,5,Excellent product,2024-04-06
13415,56,66,5,Excellent product,2024-04-25
13416,73,77,4,Good product,2024-05-14
13417,90,88,5,Excellent product,2024-06-02
13418,107,99,5,Excellent product,2024-06-21
13419,124,110,3,Average product,2024-07-10
13420,141,121,1,Very poor experience,2024-07-29
13421,158,132,5,Excellent product,2024-08-17
13422,175,143,4,Good product,2024-09-05
13423,192,154,5,Excellent product,2024-09-24
13424,209,165,5,Excellent product,2024-10-13
13425,226,176,4,Good product,2024-11-01
13426,243,187,3,Average product,2024-11-20
13427,260,198,5,Excellent product,2024-12-09
13428,277,209,4,Good product,2024-12-28
13429,294,220,5,Excellent product,2025-01-16
13430,311,231,2,Product quality could be better,2025-02-04
13431,328,242,4,Good product,2025-02-23
13432,345,253,5,Excellent product,2025-03-14
13433,362,264,3,Average product,2025-04-02
13434,379,275,4,Good product,2025-04-21
13435,396,286,5,Excellent product,2025-05-10
13436,413,297,5,Excellent product,2025-05-29
13437,430,308,4,Good product,2025-06-17
13438,447,319,5,Excellent product,2025-07-06
13439,464,330,5,Excellent product,2025-07-25
13440,481,341,1,Very poor experience,2025-08-13
13441,498,352,5,Excellent product,2025-09-01
13442,515,363,5,Excellent product,2025-09-20
13443,532,374,4,Good product,2025-10-09
13444,549,385,5,Excellent product,2025-10-28
13445,566,396,5,Excellent product,2025-11-16
13446,583,407,4,Good product,2025-12-05
13447,600,418,3,Average product,2025-12-24
13448,617,429,5,Excellent product,2022-01-13
13449,634,440,4,Good product,2022-02-01
13450,651,451,2,Product quality could be better,2022-02-20
13451,668,462,5,Excellent product,2022-03-11
13452,685,473,4,Good product,2022-03-30
13453,702,484,5,Excellent product,2022-04-18
13454,719,495,3,Average product,2022-05-07
13455,736,6,4,Good product,2022-05-26
13456,753,17,5,Excellent product,2022-06-14
13457,770,28,5,Excellent product,2022-07-03
13458,787,39,4,Good product,2022-07-22
13459,804,50,5,Excellent product,2022-08-10
13460,821,61,1,Very poor experience,2022-08-29
13461,838,72,3,Average product,2022-09-17
13462,855,83,5,Excellent product,2022-10-06
13463,872,94,5,Excellent product,2022-10-25
13464,889,105,4,Good product,2022-11-13
13465,906,116,5,Excellent product,2022-12-02
13466,923,127,5,Excellent product,2022-12-21
13467,940,138,4,Good product,2023-01-09
13468,957,149,3,Average product,2023-01-28
13469,974,160,5,Excellent product,2023-02-16
13470,991,171,2,Product quality could be better,2023-03-07
13471,1008,182,5,Excellent product,2023-03-26
13472,1025,193,5,Excellent product,2023-04-14
13473,1042,204,4,Good product,2023-05-03
13474,1059,215,5,Excellent product,2023-05-22
13475,1076,226,3,Average product,2023-06-10
13476,1093,237,4,Good product,2023-06-29
13477,1110,248,5,Excellent product,2023-07-18
13478,1127,259,5,Excellent product,2023-08-06
13479,1144,270,4,Good product,2023-08-25
13480,1161,281,1,Very poor experience,2023-09-13
13481,1178,292,5,Excellent product,2023-10-02
13482,1195,303,3,Average product,2023-10-21
13483,1212,314,5,Excellent product,2023-11-09
13484,1229,325,5,Excellent product,2023-11-28
13485,1246,336,4,Good product,2023-12-17
13486,1263,347,5,Excellent product,2024-01-05
13487,1280,358,5,Excellent product,2024-01-24
13488,1297,369,4,Good product,2024-02-12
13489,1314,380,3,Average product,2024-03-02
13490,1331,391,2,Product quality could be better,2024-03-21
13491,1348,402,4,Good product,2024-04-09
13492,1365,413,5,Excellent product,2024-04-28
13493,1382,424,5,Excellent product,2024-05-17
13494,1399,435,4,Good product,2024-06-05
13495,1416,446,5,Excellent product,2024-06-24
13496,1433,457,3,Average product,2024-07-13
13497,1450,468,4,Good product,2024-08-01
13498,1467,479,5,Excellent product,2024-08-20
13499,1484,490,5,Excellent product,2024-09-08
13500,1501,1,1,Very poor experience,2024-09-27
13501,1518,12,5,Excellent product,2024-10-16
13502,1535,23,5,Excellent product,2024-11-04
13503,1552,34,3,Average product,2024-11-23
13504,1569,45,5,Excellent product,2024-12-12
13505,1586,56,5,Excellent product,2024-12-31
13506,1603,67,4,Good product,2025-01-19
13507,1620,78,5,Excellent product,2025-02-07
13508,1637,89,5,Excellent product,2025-02-26
13509,1654,100,4,Good product,2025-03-17
13510,1671,111,2,Product quality could be better,2025-04-05
13511,1688,122,5,Excellent product,2025-04-24
13512,1705,133,4,Good product,2025-05-13
13513,1722,144,5,Excellent product,2025-06-01
13514,1739,155,5,Excellent product,2025-06-20
13515,1756,166,4,Good product,2025-07-09
13516,1773,177,5,Excellent product,2025-07-28
13517,1790,188,3,Average product,2025-08-16
13518,1807,199,4,Good product,2025-09-04
13519,1824,210,5,Excellent product,2025-09-23
13520,1841,221,1,Very poor experience,2025-10-12
13521,1858,232,4,Good product,2025-10-31
13522,1875,243,5,Excellent product,2025-11-19
13523,1892,254,5,Excellent product,2025-12-08
13524,1909,265,3,Average product,2025-12-27
13525,1926,276,5,Excellent product,2022-01-16
13526,1943,287,5,Excellent product,2022-02-04
13527,1960,298,4,Good product,2022-02-23
13528,1977,309,5,Excellent product,2022-03-14
13529,1994,320,5,Excellent product,2022-04-02
13530,11,331,2,Product quality could be better,2022-04-21
13531,28,342,3,Average product,2022-05-10
13532,45,353,5,Excellent product,2022-05-29
13533,62,364,4,Good product,2022-06-17
13534,79,375,5,Excellent product,2022-07-06
13535,96,386,5,Excellent product,2022-07-25
13536,113,397,4,Good product,2022-08-13
13537,130,408,5,Excellent product,2022-09-01
13538,147,419,3,Average product,2022-09-20
13539,164,430,4,Good product,2022-10-09
13540,181,441,1,Very poor experience,2022-10-28
13541,198,452,5,Excellent product,2022-11-16
13542,215,463,4,Good product,2022-12-05
13543,232,474,5,Excellent product,2022-12-24
13544,249,485,5,Excellent product,2023-01-12
13545,266,496,3,Average product,2023-01-31
13546,283,7,5,Excellent product,2023-02-19
13547,300,18,5,Excellent product,2023-03-10
13548,317,29,4,Good product,2023-03-29
13549,334,40,5,Excellent product,2023-04-17
13550,351,51,2,Product quality could be better,2023-05-06
13551,368,62,4,Good product,2023-05-25
13552,385,73,3,Average product,2023-06-13
13553,402,84,5,Excellent product,2023-07-02
13554,419,95,4,Good product,2023-07-21
13555,436,106,5,Excellent product,2023-08-09
13556,453,117,5,Excellent product,2023-08-28
13557,470,128,4,Good product,2023-09-16
13558,487,139,5,Excellent product,2023-10-05
13559,504,150,3,Average product,2023-10-24
13560,521,161,1,Very poor experience,2023-11-12
13561,538,172,5,Excellent product,2023-12-01
13562,555,183,5,Excellent product,2023-12-20
13563,572,194,4,Good product,2024-01-08
13564,589,205,5,Excellent product,2024-01-27
13565,606,216,5,Excellent product,2024-02-15
13566,623,227,3,Average product,2024-03-05
13567,640,238,5,Excellent product,2024-03-24
13568,657,249,5,Excellent product,2024-04-12
13569,674,260,4,Good product,2024-05-01
13570,691,271,2,Product quality could be better,2024-05-20
13571,708,282,5,Excellent product,2024-06-08
13572,725,293,4,Good product,2024-06-27
13573,742,304,3,Average product,2024-07-16
13574,759,315,5,Excellent product,2024-08-04
13575,776,326,4,Good product,2024-08-23
13576,793,337,5,Excellent product,2024-09-11
13577,810,348,5,Excellent product,2024-09-30
13578,827,359,4,Good product,2024-10-19
13579,844,370,5,Excellent product,2024-11-07
13580,861,381,1,Very poor experience,2024-11-26
13581,878,392,4,Good product,2024-12-15
13582,895,403,5,Excellent product,2025-01-03
13583,912,414,5,Excellent product,2025-01-22
13584,929,425,4,Good product,2025-02-10
13585,946,436,5,Excellent product,2025-03-01
13586,963,447,5,Excellent product,2025-03-20
13587,980,458,3,Average product,2025-04-08
13588,997,469,5,Excellent product,2025-04-27
13589,1014,480,5,Excellent product,2025-05-16
13590,1031,491,2,Product quality could be better,2025-06-04
13591,1048,2,5,Excellent product,2025-06-23
13592,1065,13,5,Excellent product,2025-07-12
13593,1082,24,4,Good product,2025-07-31
13594,1099,35,3,Average product,2025-08-19
13595,1116,46,5,Excellent product,2025-09-07
13596,1133,57,4,Good product,2025-09-26
13597,1150,68,5,Excellent product,2025-10-15
13598,1167,79,5,Excellent product,2025-11-03
13599,1184,90,4,Good product,2025-11-22
13600,1201,101,1,Very poor experience,2025-12-11
13601,1218,112,3,Average product,2025-12-30
13602,1235,123,4,Good product,2022-01-19
13603,1252,134,5,Excellent product,2022-02-07
13604,1269,145,5,Excellent product,2022-02-26
13605,1286,156,4,Good product,2022-03-17
13606,1303,167,5,Excellent product,2022-04-05
13607,1320,178,5,Excellent product,2022-04-24
13608,1337,189,3,Average product,2022-05-13
13609,1354,200,5,Excellent product,2022-06-01
13610,1371,211,2,Product quality could be better,2022-06-20
13611,1388,222,4,Good product,2022-07-09
13612,1405,233,5,Excellent product,2022-07-28
13613,1422,244,5,Excellent product,2022-08-16
13614,1439,255,4,Good product,2022-09-04
13615,1456,266,3,Average product,2022-09-23
13616,1473,277,5,Excellent product,2022-10-12
13617,1490,288,4,Good product,2022-10-31
13618,1507,299,5,Excellent product,2022-11-19
13619,1524,310,5,Excellent product,2022-12-08
13620,1541,321,1,Very poor experience,2022-12-27
13621,1558,332,5,Excellent product,2023-01-15
13622,1575,343,3,Average product,2023-02-03
13623,1592,354,4,Good product,2023-02-22
13624,1609,365,5,Excellent product,2023-03-13
13625,1626,376,5,Excellent product,2023-04-01
13626,1643,387,4,Good product,2023-04-20
13627,1660,398,5,Excellent product,2023-05-09
13628,1677,409,5,Excellent product,2023-05-28
13629,1694,420,3,Average product,2023-06-16
13630,1711,431,2,Product quality could be better,2023-07-05
13631,1728,442,5,Excellent product,2023-07-24
13632,1745,453,4,Good product,2023-08-12
13633,1762,464,5,Excellent product,2023-08-31
13634,1779,475,5,Excellent product,2023-09-19
13635,1796,486,4,Good product,2023-10-08
13636,1813,497,3,Average product,2023-10-27
13637,1830,8,5,Excellent product,2023-11-15
13638,1847,19,4,Good product,2023-12-04
13639,1864,30,5,Excellent product,2023-12-23
13640,1881,41,1,Very poor experience,2024-01-11
13641,1898,52,4,Good product,2024-01-30
13642,1915,63,5,Excellent product,2024-02-18
13643,1932,74,3,Average product,2024-03-08
13644,1949,85,4,Good product,2024-03-27
13645,1966,96,5,Excellent product,2024-04-15
13646,1983,107,5,Excellent product,2024-05-04
13647,2000,118,4,Good product,2024-05-23
13648,17,129,5,Excellent product,2024-06-11
13649,34,140,5,Excellent product,2024-06-30
13650,51,151,2,Product quality could be better,2024-07-19
13651,68,162,5,Excellent product,2024-08-07
13652,85,173,5,Excellent product,2024-08-26
13653,102,184,4,Good product,2024-09-14
13654,119,195,5,Excellent product,2024-10-03
13655,136,206,5,Excellent product,2024-10-22
13656,153,217,4,Good product,2024-11-10
13657,170,228,3,Average product,2024-11-29
13658,187,239,5,Excellent product,2024-12-18
13659,204,250,4,Good product,2025-01-06
13660,221,261,1,Very poor experience,2025-01-25
13661,238,272,5,Excellent product,2025-02-13
13662,255,283,4,Good product,2025-03-04
13663,272,294,5,Excellent product,2025-03-23
13664,289,305,3,Average product,2025-04-11
13665,306,316,4,Good product,2025-04-30
13666,323,327,5,Excellent product,2025-05-19
13667,340,338,5,Excellent product,2025-06-07
13668,357,349,4,Good product,2025-06-26
13669,374,360,5,Excellent product,2025-07-15
13670,391,371,2,Product quality could be better,2025-08-03
13671,408,382,3,Average product,2025-08-22
13672,425,393,5,Excellent product,2025-09-10
13673,442,404,5,Excellent product,2025-09-29
13674,459,415,4,Good product,2025-10-18
13675,476,426,5,Excellent product,2025-11-06
13676,493,437,5,Excellent product,2025-11-25
13677,510,448,4,Good product,2025-12-14
13678,527,459,3,Average product,2022-01-03
13679,544,470,5,Excellent product,2022-01-22
13680,561,481,1,Very poor experience,2022-02-10
13681,578,492,5,Excellent product,2022-03-01
13682,595,3,5,Excellent product,2022-03-20
13683,612,14,4,Good product,2022-04-08
13684,629,25,5,Excellent product,2022-04-27
13685,646,36,3,Average product,2022-05-16
13686,663,47,4,Good product,2022-06-04
13687,680,58,5,Excellent product,2022-06-23
13688,697,69,5,Excellent product,2022-07-12
13689,714,80,4,Good product,2022-07-31
13690,731,91,2,Product quality could be better,2022-08-19
13691,748,102,5,Excellent product,2022-09-07
13692,765,113,3,Average product,2022-09-26
13693,782,124,5,Excellent product,2022-10-15
13694,799,135,5,Excellent product,2022-11-03
13695,816,146,4,Good product,2022-11-22
13696,833,157,5,Excellent product,2022-12-11
13697,850,168,5,Excellent product,2022-12-30
13698,867,179,4,Good product,2023-01-18
13699,884,190,3,Average product,2023-02-06
13700,901,201,1,Very poor experience,2023-02-25
13701,918,212,4,Good product,2023-03-16
13702,935,223,5,Excellent product,2023-04-04
13703,952,234,5,Excellent product,2023-04-23
13704,969,245,4,Good product,2023-05-12
13705,986,256,5,Excellent product,2023-05-31
13706,1003,267,3,Average product,2023-06-19
13707,1020,278,4,Good product,2023-07-08
13708,1037,289,5,Excellent product,2023-07-27
13709,1054,300,5,Excellent product,2023-08-15
13710,1071,311,2,Product quality could be better,2023-09-03
13711,1088,322,5,Excellent product,2023-09-22
13712,1105,333,5,Excellent product,2023-10-11
13713,1122,344,3,Average product,2023-10-30
13714,1139,355,5,Excellent product,2023-11-18
13715,1156,366,5,Excellent product,2023-12-07
13716,1173,377,4,Good product,2023-12-26
13717,1190,388,5,Excellent product,2024-01-14
13718,1207,399,5,Excellent product,2024-02-02
13719,1224,410,4,Good product,2024-02-21
13720,1241,421,1,Very poor experience,2024-03-11
13721,1258,432,5,Excellent product,2024-03-30
13722,1275,443,4,Good product,2024-04-18
13723,1292,454,5,Excellent product,2024-05-07
13724,1309,465,5,Excellent product,2024-05-26
13725,1326,476,4,Good product,2024-06-14
13726,1343,487,5,Excellent product,2024-07-03
13727,1360,498,3,Average product,2024-07-22
13728,1377,9,4,Good product,2024-08-10
13729,1394,20,5,Excellent product,2024-08-29
13730,1411,31,2,Product quality could be better,2024-09-17
13731,1428,42,4,Good product,2024-10-06
13732,1445,53,5,Excellent product,2024-10-25
13733,1462,64,5,Excellent product,2024-11-13
13734,1479,75,3,Average product,2024-12-02
13735,1496,86,5,Excellent product,2024-12-21
13736,1513,97,5,Excellent product,2025-01-09
13737,1530,108,4,Good product,2025-01-28
13738,1547,119,5,Excellent product,2025-02-16
13739,1564,130,5,Excellent product,2025-03-07
13740,1581,141,1,Very poor experience,2025-03-26
13741,1598,152,3,Average product,2025-04-14
13742,1615,163,5,Excellent product,2025-05-03
13743,1632,174,4,Good product,2025-05-22
13744,1649,185,5,Excellent product,2025-06-10
13745,1666,196,5,Excellent product,2025-06-29
13746,1683,207,4,Good product,2025-07-18
13747,1700,218,5,Excellent product,2025-08-06
13748,1717,229,3,Average product,2025-08-25
13749,1734,240,4,Good product,2025-09-13
13750,1751,251,2,Product quality could be better,2025-10-02
13751,1768,262,5,Excellent product,2025-10-21
13752,1785,273,4,Good product,2025-11-09
13753,1802,284,5,Excellent product,2025-11-28
13754,1819,295,5,Excellent product,2025-12-17
13755,1836,306,3,Average product,2022-01-06
13756,1853,317,5,Excellent product,2022-01-25
13757,1870,328,5,Excellent product,2022-02-13
13758,1887,339,4,Good product,2022-03-04
13759,1904,350,5,Excellent product,2022-03-23
13760,1921,361,1,Very poor experience,2022-04-11
13761,1938,372,4,Good product,2022-04-30
13762,1955,383,3,Average product,2022-05-19
13763,1972,394,5,Excellent product,2022-06-07
13764,1989,405,4,Good product,2022-06-26
13765,6,416,5,Excellent product,2022-07-15
13766,23,427,5,Excellent product,2022-08-03
13767,40,438,4,Good product,2022-08-22
13768,57,449,5,Excellent product,2022-09-10
13769,74,460,3,Average product,2022-09-29
13770,91,471,2,Product quality could be better,2022-10-18
13771,108,482,5,Excellent product,2022-11-06
13772,125,493,5,Excellent product,2022-11-25
13773,142,4,4,Good product,2022-12-14
13774,159,15,5,Excellent product,2023-01-02
13775,176,26,5,Excellent product,2023-01-21
13776,193,37,3,Average product,2023-02-09
13777,210,48,5,Excellent product,2023-02-28
13778,227,59,5,Excellent product,2023-03-19
13779,244,70,4,Good product,2023-04-07
13780,261,81,1,Very poor experience,2023-04-26
13781,278,92,5,Excellent product,2023-05-15
13782,295,103,4,Good product,2023-06-03
13783,312,114,3,Average product,2023-06-22
13784,329,125,5,Excellent product,2023-07-11
13785,346,136,4,Good product,2023-07-30
13786,363,147,5,Excellent product,2023-08-18
13787,380,158,5,Excellent product,2023-09-06
13788,397,169,4,Good product,2023-09-25
13789,414,180,5,Excellent product,2023-10-14
13790,431,191,2,Product quality could be better,2023-11-02
13791,448,202,4,Good product,2023-11-21
13792,465,213,5,Excellent product,2023-12-10
13793,482,224,5,Excellent product,2023-12-29
13794,499,235,4,Good product,2024-01-17
13795,516,246,5,Excellent product,2024-02-05
13796,533,257,5,Excellent product,2024-02-24
13797,550,268,3,Average product,2024-03-14
13798,567,279,5,Excellent product,2024-04-02
13799,584,290,5,Excellent product,2024-04-21
13800,601,301,1,Very poor experience,2024-05-10
13801,618,312,5,Excellent product,2024-05-29
13802,635,323,5,Excellent product,2024-06-17
13803,652,334,4,Good product,2024-07-06
13804,669,345,3,Average product,2024-07-25
13805,686,356,5,Excellent product,2024-08-13
13806,703,367,4,Good product,2024-09-01
13807,720,378,5,Excellent product,2024-09-20
13808,737,389,5,Excellent product,2024-10-09
13809,754,400,4,Good product,2024-10-28
13810,771,411,2,Product quality could be better,2024-11-16
13811,788,422,3,Average product,2024-12-05
13812,805,433,4,Good product,2024-12-24
13813,822,444,5,Excellent product,2025-01-12
13814,839,455,5,Excellent product,2025-01-31
13815,856,466,4,Good product,2025-02-19
13816,873,477,5,Excellent product,2025-03-10
13817,890,488,5,Excellent product,2025-03-29
13818,907,499,3,Average product,2025-04-17
13819,924,10,5,Excellent product,2025-05-06
13820,941,21,1,Very poor experience,2025-05-25
13821,958,32,4,Good product,2025-06-13
13822,975,43,5,Excellent product,2025-07-02
13823,992,54,5,Excellent product,2025-07-21
13824,1009,65,4,Good product,2025-08-09
13825,1026,76,3,Average product,2025-08-28
13826,1043,87,5,Excellent product,2025-09-16
13827,1060,98,4,Good product,2025-10-05
13828,1077,109,5,Excellent product,2025-10-24
13829,1094,120,5,Excellent product,2025-11-12
13830,1111,131,2,Product quality could be better,2025-12-01
13831,1128,142,5,Excellent product,2025-12-20
13832,1145,153,3,Average product,2022-01-09
13833,1162,164,4,Good product,2022-01-28
13834,1179,175,5,Excellent product,2022-02-16
13835,1196,186,5,Excellent product,2022-03-07
13836,1213,197,4,Good product,2022-03-26
13837,1230,208,5,Excellent product,2022-04-14
13838,1247,219,5,Excellent product,2022-05-03
13839,1264,230,3,Average product,2022-05-22
13840,1281,241,1,Very poor experience,2022-06-10
13841,1298,252,5,Excellent product,2022-06-29
13842,1315,263,4,Good product,2022-07-18
13843,1332,274,5,Excellent product,2022-08-06
13844,1349,285,5,Excellent product,2022-08-25
13845,1366,296,4,Good product,2022-09-13
13846,1383,307,3,Average product,2022-10-02
13847,1400,318,5,Excellent product,2022-10-21
13848,1417,329,4,Good product,2022-11-09
13849,1434,340,5,Excellent product,2022-11-28
13850,1451,351,2,Product quality could be better,2022-12-17
13851,1468,362,4,Good product,2023-01-05
13852,1485,373,5,Excellent product,2023-01-24
13853,1502,384,3,Average product,2023-02-12
13854,1519,395,4,Good product,2023-03-03
13855,1536,406,5,Excellent product,2023-03-22
13856,1553,417,5,Excellent product,2023-04-10
13857,1570,428,4,Good product,2023-04-29
13858,1587,439,5,Excellent product,2023-05-18
13859,1604,450,5,Excellent product,2023-06-06
13860,1621,461,1,Very poor experience,2023-06-25
13861,1638,472,5,Excellent product,2023-07-14
13862,1655,483,5,Excellent product,2023-08-02
13863,1672,494,4,Good product,2023-08-21
13864,1689,5,5,Excellent product,2023-09-09
13865,1706,16,5,Excellent product,2023-09-28
13866,1723,27,4,Good product,2023-10-17
13867,1740,38,3,Average product,2023-11-05
13868,1757,49,5,Excellent product,2023-11-24
13869,1774,60,4,Good product,2023-12-13
13870,1791,71,2,Product quality could be better,2024-01-01
13871,1808,82,5,Excellent product,2024-01-20
13872,1825,93,4,Good product,2024-02-08
13873,1842,104,5,Excellent product,2024-02-27
13874,1859,115,3,Average product,2024-03-17
13875,1876,126,4,Good product,2024-04-05
13876,1893,137,5,Excellent product,2024-04-24
13877,1910,148,5,Excellent product,2024-05-13
13878,1927,159,4,Good product,2024-06-01
13879,1944,170,5,Excellent product,2024-06-20
13880,1961,181,1,Very poor experience,2024-07-09
13881,1978,192,3,Average product,2024-07-28
13882,1995,203,5,Excellent product,2024-08-16
13883,12,214,5,Excellent product,2024-09-04
13884,29,225,4,Good product,2024-09-23
13885,46,236,5,Excellent product,2024-10-12
13886,63,247,5,Excellent product,2024-10-31
13887,80,258,4,Good product,2024-11-19
13888,97,269,3,Average product,2024-12-08
13889,114,280,5,Excellent product,2024-12-27
13890,131,291,2,Product quality could be better,2025-01-15
13891,148,302,5,Excellent product,2025-02-03
13892,165,313,5,Excellent product,2025-02-22
13893,182,324,4,Good product,2025-03-13
13894,199,335,5,Excellent product,2025-04-01
13895,216,346,3,Average product,2025-04-20
13896,233,357,4,Good product,2025-05-09
13897,250,368,5,Excellent product,2025-05-28
13898,267,379,5,Excellent product,2025-06-16
13899,284,390,4,Good product,2025-07-05
13900,301,401,1,Very poor experience,2025-07-24
13901,318,412,5,Excellent product,2025-08-12
13902,335,423,3,Average product,2025-08-31
13903,352,434,5,Excellent product,2025-09-19
13904,369,445,5,Excellent product,2025-10-08
13905,386,456,4,Good product,2025-10-27
13906,403,467,5,Excellent product,2025-11-15
13907,420,478,5,Excellent product,2025-12-04
13908,437,489,4,Good product,2025-12-23
13909,454,500,3,Average product,2022-01-12
13910,471,11,2,Product quality could be better,2022-01-31
13911,488,22,4,Good product,2022-02-19
13912,505,33,5,Excellent product,2022-03-10
13913,522,44,5,Excellent product,2022-03-29
13914,539,55,4,Good product,2022-04-17
13915,556,66,5,Excellent product,2022-05-06
13916,573,77,3,Average product,2022-05-25
13917,590,88,4,Good product,2022-06-13
13918,607,99,5,Excellent product,2022-07-02
13919,624,110,5,Excellent product,2022-07-21
13920,641,121,1,Very poor experience,2022-08-09
13921,658,132,5,Excellent product,2022-08-28
13922,675,143,5,Excellent product,2022-09-16
13923,692,154,3,Average product,2022-10-05
13924,709,165,5,Excellent product,2022-10-24
13925,726,176,5,Excellent product,2022-11-12
13926,743,187,4,Good product,2022-12-01
13927,760,198,5,Excellent product,2022-12-20
13928,777,209,5,Excellent product,2023-01-08
13929,794,220,4,Good product,2023-01-27
13930,811,231,2,Product quality could be better,2023-02-15
13931,828,242,5,Excellent product,2023-03-06
13932,845,253,4,Good product,2023-03-25
13933,862,264,5,Excellent product,2023-04-13
13934,879,275,5,Excellent product,2023-05-02
13935,896,286,4,Good product,2023-05-21
13936,913,297,5,Excellent product,2023-06-09
13937,930,308,3,Average product,2023-06-28
13938,947,319,4,Good product,2023-07-17
13939,964,330,5,Excellent product,2023-08-05
13940,981,341,1,Very poor experience,2023-08-24
13941,998,352,4,Good product,2023-09-12
13942,1015,363,5,Excellent product,2023-10-01
13943,1032,374,5,Excellent product,2023-10-20
13944,1049,385,3,Average product,2023-11-08
13945,1066,396,5,Excellent product,2023-11-27
13946,1083,407,5,Excellent product,2023-12-16
13947,1100,418,4,Good product,2024-01-04
13948,1117,429,5,Excellent product,2024-01-23
13949,1134,440,5,Excellent product,2024-02-11
13950,1151,451,2,Product quality could be better,2024-03-01
13951,1168,462,3,Average product,2024-03-20
13952,1185,473,5,Excellent product,2024-04-08
13953,1202,484,4,Good product,2024-04-27
13954,1219,495,5,Excellent product,2024-05-16
13955,1236,6,5,Excellent product,2024-06-04
13956,1253,17,4,Good product,2024-06-23
13957,1270,28,5,Excellent product,2024-07-12
13958,1287,39,3,Average product,2024-07-31
13959,1304,50,4,Good product,2024-08-19
13960,1321,61,1,Very poor experience,2024-09-07
13961,1338,72,5,Excellent product,2024-09-26
13962,1355,83,4,Good product,2024-10-15
13963,1372,94,5,Excellent product,2024-11-03
13964,1389,105,5,Excellent product,2024-11-22
13965,1406,116,3,Average product,2024-12-11
13966,1423,127,5,Excellent product,2024-12-30
13967,1440,138,5,Excellent product,2025-01-18
13968,1457,149,4,Good product,2025-02-06
13969,1474,160,5,Excellent product,2025-02-25
13970,1491,171,2,Product quality could be better,2025-03-16
13971,1508,182,4,Good product,2025-04-04
13972,1525,193,3,Average product,2025-04-23
13973,1542,204,5,Excellent product,2025-05-12
13974,1559,215,4,Good product,2025-05-31
13975,1576,226,5,Excellent product,2025-06-19
13976,1593,237,5,Excellent product,2025-07-08
13977,1610,248,4,Good product,2025-07-27
13978,1627,259,5,Excellent product,2025-08-15
13979,1644,270,3,Average product,2025-09-03
13980,1661,281,1,Very poor experience,2025-09-22
13981,1678,292,5,Excellent product,2025-10-11
13982,1695,303,5,Excellent product,2025-10-30
13983,1712,314,4,Good product,2025-11-18
13984,1729,325,5,Excellent product,2025-12-07
13985,1746,336,5,Excellent product,2025-12-26
13986,1763,347,3,Average product,2022-01-15
13987,1780,358,5,Excellent product,2022-02-03
13988,1797,369,5,Excellent product,2022-02-22
13989,1814,380,4,Good product,2022-03-13
13990,1831,391,2,Product quality could be better,2022-04-01
13991,1848,402,5,Excellent product,2022-04-20
13992,1865,413,4,Good product,2022-05-09
13993,1882,424,3,Average product,2022-05-28
13994,1899,435,5,Excellent product,2022-06-16
13995,1916,446,4,Good product,2022-07-05
13996,1933,457,5,Excellent product,2022-07-24
13997,1950,468,5,Excellent product,2022-08-12
13998,1967,479,4,Good product,2022-08-31
13999,1984,490,5,Excellent product,2022-09-19
14000,1,1,1,Very poor experience,2022-10-08
14001,18,12,4,Good product,2022-10-27
14002,35,23,5,Excellent product,2022-11-15
14003,52,34,5,Excellent product,2022-12-04
14004,69,45,4,Good product,2022-12-23
14005,86,56,5,Excellent product,2023-01-11
14006,103,67,5,Excellent product,2023-01-30
14007,120,78,3,Average product,2023-02-18
14008,137,89,5,Excellent product,2023-03-09
14009,154,100,5,Excellent product,2023-03-28
14010,171,111,2,Product quality could be better,2023-04-16
14011,188,122,5,Excellent product,2023-05-05
14012,205,133,5,Excellent product,2023-05-24
14013,222,144,4,Good product,2023-06-12
14014,239,155,3,Average product,2023-07-01
14015,256,166,5,Excellent product,2023-07-20
14016,273,177,4,Good product,2023-08-08
14017,290,188,5,Excellent product,2023-08-27
14018,307,199,5,Excellent product,2023-09-15
14019,324,210,4,Good product,2023-10-04
14020,341,221,1,Very poor experience,2023-10-23
14021,358,232,3,Average product,2023-11-11
14022,375,243,4,Good product,2023-11-30
14023,392,254,5,Excellent product,2023-12-19
14024,409,265,5,Excellent product,2024-01-07
14025,426,276,4,Good product,2024-01-26
14026,443,287,5,Excellent product,2024-02-14
14027,460,298,5,Excellent product,2024-03-04
14028,477,309,3,Average product,2024-03-23
14029,494,320,5,Excellent product,2024-04-11
14030,511,331,2,Product quality could be better,2024-04-30
14031,528,342,4,Good product,2024-05-19
14032,545,353,5,Excellent product,2024-06-07
14033,562,364,5,Excellent product,2024-06-26
14034,579,375,4,Good product,2024-07-15
14035,596,386,3,Average product,2024-08-03
14036,613,397,5,Excellent product,2024-08-22
14037,630,408,4,Good product,2024-09-10
14038,647,419,5,Excellent product,2024-09-29
14039,664,430,5,Excellent product,2024-10-18
14040,681,441,1,Very poor experience,2024-11-06
14041,698,452,5,Excellent product,2024-11-25
14042,715,463,3,Average product,2024-12-14
14043,732,474,4,Good product,2025-01-02
14044,749,485,5,Excellent product,2025-01-21
14045,766,496,5,Excellent product,2025-02-09
14046,783,7,4,Good product,2025-02-28
14047,800,18,5,Excellent product,2025-03-19
14048,817,29,5,Excellent product,2025-04-07
14049,834,40,3,Average product,2025-04-26
14050,851,51,2,Product quality could be better,2025-05-15
14051,868,62,5,Excellent product,2025-06-03
14052,885,73,4,Good product,2025-06-22
14053,902,84,5,Excellent product,2025-07-11
14054,919,95,5,Excellent product,2025-07-30
14055,936,106,4,Good product,2025-08-18
14056,953,117,3,Average product,2025-09-06
14057,970,128,5,Excellent product,2025-09-25
14058,987,139,4,Good product,2025-10-14
14059,1004,150,5,Excellent product,2025-11-02
14060,1021,161,1,Very poor experience,2025-11-21
14061,1038,172,4,Good product,2025-12-10
14062,1055,183,5,Excellent product,2025-12-29
14063,1072,194,3,Average product,2022-01-18
14064,1089,205,4,Good product,2022-02-06
14065,1106,216,5,Excellent product,2022-02-25
14066,1123,227,5,Excellent product,2022-03-16
14067,1140,238,4,Good product,2022-04-04
14068,1157,249,5,Excellent product,2022-04-23
14069,1174,260,5,Excellent product,2022-05-12
14070,1191,271,2,Product quality could be better,2022-05-31
14071,1208,282,5,Excellent product,2022-06-19
14072,1225,293,5,Excellent product,2022-07-08
14073,1242,304,4,Good product,2022-07-27
14074,1259,315,5,Excellent product,2022-08-15
14075,1276,326,5,Excellent product,2022-09-03
14076,1293,337,4,Good product,2022-09-22
14077,1310,348,3,Average product,2022-10-11
14078,1327,359,5,Excellent product,2022-10-30
14079,1344,370,4,Good product,2022-11-18
14080,1361,381,1,Very poor experience,2022-12-07
14081,1378,392,5,Excellent product,2022-12-26
14082,1395,403,4,Good product,2023-01-14
14083,1412,414,5,Excellent product,2023-02-02
14084,1429,425,3,Average product,2023-02-21
14085,1446,436,4,Good product,2023-03-12
14086,1463,447,5,Excellent product,2023-03-31
14087,1480,458,5,Excellent product,2023-04-19
14088,1497,469,4,Good product,2023-05-08
14089,1514,480,5,Excellent product,2023-05-27
14090,1531,491,2,Product quality could be better,2023-06-15
14091,1548,2,3,Average product,2023-07-04
14092,1565,13,5,Excellent product,2023-07-23
14093,1582,24,5,Excellent product,2023-08-11
14094,1599,35,4,Good product,2023-08-30
14095,1616,46,5,Excellent product,2023-09-18
14096,1633,57,5,Excellent product,2023-10-07
14097,1650,68,4,Good product,2023-10-26
14098,1667,79,3,Average product,2023-11-14
14099,1684,90,5,Excellent product,2023-12-03
14100,1701,101,1,Very poor experience,2023-12-22
14101,1718,112,5,Excellent product,2024-01-10
14102,1735,123,5,Excellent product,2024-01-29
14103,1752,134,4,Good product,2024-02-17
14104,1769,145,5,Excellent product,2024-03-07
14105,1786,156,3,Average product,2024-03-26
14106,1803,167,4,Good product,2024-04-14
14107,1820,178,5,Excellent product,2024-05-03
14108,1837,189,5,Excellent product,2024-05-22
14109,1854,200,4,Good product,2024-06-10
14110,1871,211,2,Product quality could be better,2024-06-29
14111,1888,222,5,Excellent product,2024-07-18
14112,1905,233,3,Average product,2024-08-06
14113,1922,244,5,Excellent product,2024-08-25
14114,1939,255,5,Excellent product,2024-09-13
14115,1956,266,4,Good product,2024-10-02
14116,1973,277,5,Excellent product,2024-10-21
14117,1990,288,5,Excellent product,2024-11-09
14118,7,299,4,Good product,2024-11-28
14119,24,310,3,Average product,2024-12-17
14120,41,321,1,Very poor experience,2025-01-05
14121,58,332,4,Good product,2025-01-24
14122,75,343,5,Excellent product,2025-02-12
14123,92,354,5,Excellent product,2025-03-03
14124,109,365,4,Good product,2025-03-22
14125,126,376,5,Excellent product,2025-04-10
14126,143,387,3,Average product,2025-04-29
14127,160,398,4,Good product,2025-05-18
14128,177,409,5,Excellent product,2025-06-06
14129,194,420,5,Excellent product,2025-06-25
14130,211,431,2,Product quality could be better,2025-07-14
14131,228,442,5,Excellent product,2025-08-02
14132,245,453,5,Excellent product,2025-08-21
14133,262,464,3,Average product,2025-09-09
14134,279,475,5,Excellent product,2025-09-28
14135,296,486,5,Excellent product,2025-10-17
14136,313,497,4,Good product,2025-11-05
14137,330,8,5,Excellent product,2025-11-24
14138,347,19,5,Excellent product,2025-12-13
14139,364,30,4,Good product,2022-01-02
14140,381,41,1,Very poor experience,2022-01-21
14141,398,52,5,Excellent product,2022-02-09
14142,415,63,4,Good product,2022-02-28
14143,432,74,5,Excellent product,2022-03-19
14144,449,85,5,Excellent product,2022-04-07
14145,466,96,4,Good product,2022-04-26
14146,483,107,5,Excellent product,2022-05-15
14147,500,118,3,Average product,2022-06-03
14148,517,129,4,Good product,2022-06-22
14149,534,140,5,Excellent product,2022-07-11
14150,551,151,2,Product quality could be better,2022-07-30
14151,568,162,4,Good product,2022-08-18
14152,585,173,5,Excellent product,2022-09-06
14153,602,184,5,Excellent product,2022-09-25
14154,619,195,3,Average product,2022-10-14
14155,636,206,5,Excellent product,2022-11-02
14156,653,217,5,Excellent product,2022-11-21
14157,670,228,4,Good product,2022-12-10
14158,687,239,5,Excellent product,2022-12-29
14159,704,250,5,Excellent product,2023-01-17
14160,721,261,1,Very poor experience,2023-02-05
14161,738,272,3,Average product,2023-02-24
14162,755,283,5,Excellent product,2023-03-15
14163,772,294,4,Good product,2023-04-03
14164,789,305,5,Excellent product,2023-04-22
14165,806,316,5,Excellent product,2023-05-11
14166,823,327,4,Good product,2023-05-30
14167,840,338,5,Excellent product,2023-06-18
14168,857,349,3,Average product,2023-07-07
14169,874,360,4,Good product,2023-07-26
14170,891,371,2,Product quality could be better,2023-08-14
14171,908,382,5,Excellent product,2023-09-02
14172,925,393,4,Good product,2023-09-21
14173,942,404,5,Excellent product,2023-10-10
14174,959,415,5,Excellent product,2023-10-29
14175,976,426,3,Average product,2023-11-17
14176,993,437,5,Excellent product,2023-12-06
14177,1010,448,5,Excellent product,2023-12-25
14178,1027,459,4,Good product,2024-01-13
14179,1044,470,5,Excellent product,2024-02-01
14180,1061,481,1,Very poor experience,2024-02-20
14181,1078,492,4,Good product,2024-03-10
14182,1095,3,3,Average product,2024-03-29
14183,1112,14,5,Excellent product,2024-04-17
14184,1129,25,4,Good product,2024-05-06
14185,1146,36,5,Excellent product,2024-05-25
14186,1163,47,5,Excellent product,2024-06-13
14187,1180,58,4,Good product,2024-07-02
14188,1197,69,5,Excellent product,2024-07-21
14189,1214,80,3,Average product,2024-08-09
14190,1231,91,2,Product quality could be better,2024-08-28
14191,1248,102,5,Excellent product,2024-09-16
14192,1265,113,5,Excellent product,2024-10-05
14193,1282,124,4,Good product,2024-10-24
14194,1299,135,5,Excellent product,2024-11-12
14195,1316,146,5,Excellent product,2024-12-01
14196,1333,157,3,Average product,2024-12-20
14197,1350,168,5,Excellent product,2025-01-08
14198,1367,179,5,Excellent product,2025-01-27
14199,1384,190,4,Good product,2025-02-15
14200,1401,201,1,Very poor experience,2025-03-06
14201,1418,212,5,Excellent product,2025-03-25
14202,1435,223,4,Good product,2025-04-13
14203,1452,234,3,Average product,2025-05-02
14204,1469,245,5,Excellent product,2025-05-21
14205,1486,256,4,Good product,2025-06-09
14206,1503,267,5,Excellent product,2025-06-28
14207,1520,278,5,Excellent product,2025-07-17
14208,1537,289,4,Good product,2025-08-05
14209,1554,300,5,Excellent product,2025-08-24
14210,1571,311,2,Product quality could be better,2025-09-12
14211,1588,322,4,Good product,2025-10-01
14212,1605,333,5,Excellent product,2025-10-20
14213,1622,344,5,Excellent product,2025-11-08
14214,1639,355,4,Good product,2025-11-27
14215,1656,366,5,Excellent product,2025-12-16
14216,1673,377,5,Excellent product,2022-01-05
14217,1690,388,3,Average product,2022-01-24
14218,1707,399,5,Excellent product,2022-02-12
14219,1724,410,5,Excellent product,2022-03-03
14220,1741,421,1,Very poor experience,2022-03-22
14221,1758,432,5,Excellent product,2022-04-10
14222,1775,443,5,Excellent product,2022-04-29
14223,1792,454,4,Good product,2022-05-18
14224,1809,465,3,Average product,2022-06-06
14225,1826,476,5,Excellent product,2022-06-25
14226,1843,487,4,Good product,2022-07-14
14227,1860,498,5,Excellent product,2022-08-02
14228,1877,9,5,Excellent product,2022-08-21
14229,1894,20,4,Good product,2022-09-09
14230,1911,31,2,Product quality could be better,2022-09-28
14231,1928,42,3,Average product,2022-10-17
14232,1945,53,4,Good product,2022-11-05
14233,1962,64,5,Excellent product,2022-11-24
14234,1979,75,5,Excellent product,2022-12-13
14235,1996,86,4,Good product,2023-01-01
14236,13,97,5,Excellent product,2023-01-20
14237,30,108,5,Excellent product,2023-02-08
14238,47,119,3,Average product,2023-02-27
14239,64,130,5,Excellent product,2023-03-18
14240,81,141,1,Very poor experience,2023-04-06
14241,98,152,4,Good product,2023-04-25
14242,115,163,5,Excellent product,2023-05-14
14243,132,174,5,Excellent product,2023-06-02
14244,149,185,4,Good product,2023-06-21
14245,166,196,3,Average product,2023-07-10
14246,183,207,5,Excellent product,2023-07-29
14247,200,218,4,Good product,2023-08-17
14248,217,229,5,Excellent product,2023-09-05
14249,234,240,5,Excellent product,2023-09-24
14250,251,251,2,Product quality could be better,2023-10-13
14251,268,262,5,Excellent product,2023-11-01
14252,285,273,3,Average product,2023-11-20
14253,302,284,4,Good product,2023-12-09
14254,319,295,5,Excellent product,2023-12-28
14255,336,306,5,Excellent product,2024-01-16
14256,353,317,4,Good product,2024-02-04
14257,370,328,5,Excellent product,2024-02-23
14258,387,339,5,Excellent product,2024-03-13
14259,404,350,3,Average product,2024-04-01
14260,421,361,1,Very poor experience,2024-04-20
14261,438,372,5,Excellent product,2024-05-09
14262,455,383,4,Good product,2024-05-28
14263,472,394,5,Excellent product,2024-06-16
14264,489,405,5,Excellent product,2024-07-05
14265,506,416,4,Good product,2024-07-24
14266,523,427,3,Average product,2024-08-12
14267,540,438,5,Excellent product,2024-08-31
14268,557,449,4,Good product,2024-09-19
14269,574,460,5,Excellent product,2024-10-08
14270,591,471,2,Product quality could be better,2024-10-27
14271,608,482,4,Good product,2024-11-15
14272,625,493,5,Excellent product,2024-12-04
14273,642,4,3,Average product,2024-12-23
14274,659,15,4,Good product,2025-01-11
14275,676,26,5,Excellent product,2025-01-30
14276,693,37,5,Excellent product,2025-02-18
14277,710,48,4,Good product,2025-03-09
14278,727,59,5,Excellent product,2025-03-28
14279,744,70,5,Excellent product,2025-04-16
14280,761,81,1,Very poor experience,2025-05-05
14281,778,92,5,Excellent product,2025-05-24
14282,795,103,5,Excellent product,2025-06-12
14283,812,114,4,Good product,2025-07-01
14284,829,125,5,Excellent product,2025-07-20
14285,846,136,5,Excellent product,2025-08-08
14286,863,147,4,Good product,2025-08-27
14287,880,158,3,Average product,2025-09-15
14288,897,169,5,Excellent product,2025-10-04
14289,914,180,4,Good product,2025-10-23
14290,931,191,2,Product quality could be better,2025-11-11
14291,948,202,5,Excellent product,2025-11-30
14292,965,213,4,Good product,2025-12-19
14293,982,224,5,Excellent product,2022-01-08
14294,999,235,3,Average product,2022-01-27
14295,1016,246,4,Good product,2022-02-15
14296,1033,257,5,Excellent product,2022-03-06
14297,1050,268,5,Excellent product,2022-03-25
14298,1067,279,4,Good product,2022-04-13
14299,1084,290,5,Excellent product,2022-05-02
14300,1101,301,1,Very poor experience,2022-05-21
14301,1118,312,3,Average product,2022-06-09
14302,1135,323,5,Excellent product,2022-06-28
14303,1152,334,5,Excellent product,2022-07-17
14304,1169,345,4,Good product,2022-08-05
14305,1186,356,5,Excellent product,2022-08-24
14306,1203,367,5,Excellent product,2022-09-12
14307,1220,378,4,Good product,2022-10-01
14308,1237,389,3,Average product,2022-10-20
14309,1254,400,5,Excellent product,2022-11-08
14310,1271,411,2,Product quality could be better,2022-11-27
14311,1288,422,5,Excellent product,2022-12-16
14312,1305,433,5,Excellent product,2023-01-04
14313,1322,444,4,Good product,2023-01-23
14314,1339,455,5,Excellent product,2023-02-11
14315,1356,466,3,Average product,2023-03-02
14316,1373,477,4,Good product,2023-03-21
14317,1390,488,5,Excellent product,2023-04-09
14318,1407,499,5,Excellent product,2023-04-28
14319,1424,10,4,Good product,2023-05-17
14320,1441,21,1,Very poor experience,2023-06-05
14321,1458,32,5,Excellent product,2023-06-24
14322,1475,43,3,Average product,2023-07-13
14323,1492,54,5,Excellent product,2023-08-01
14324,1509,65,5,Excellent product,2023-08-20
14325,1526,76,4,Good product,2023-09-08
14326,1543,87,5,Excellent product,2023-09-27
14327,1560,98,5,Excellent product,2023-10-16
14328,1577,109,4,Good product,2023-11-04
14329,1594,120,3,Average product,2023-11-23
14330,1611,131,2,Product quality could be better,2023-12-12
14331,1628,142,4,Good product,2023-12-31
14332,1645,153,5,Excellent product,2024-01-19
14333,1662,164,5,Excellent product,2024-02-07
14334,1679,175,4,Good product,2024-02-26
14335,1696,186,5,Excellent product,2024-03-16
14336,1713,197,3,Average product,2024-04-04
14337,1730,208,4,Good product,2024-04-23
14338,1747,219,5,Excellent product,2024-05-12
14339,1764,230,5,Excellent product,2024-05-31
14340,1781,241,1,Very poor experience,2024-06-19
14341,1798,252,5,Excellent product,2024-07-08
14342,1815,263,5,Excellent product,2024-07-27
14343,1832,274,3,Average product,2024-08-15
14344,1849,285,5,Excellent product,2024-09-03
14345,1866,296,5,Excellent product,2024-09-22
14346,1883,307,4,Good product,2024-10-11
14347,1900,318,5,Excellent product,2024-10-30
14348,1917,329,5,Excellent product,2024-11-18
14349,1934,340,4,Good product,2024-12-07
14350,1951,351,2,Product quality could be better,2024-12-26
14351,1968,362,5,Excellent product,2025-01-14
14352,1985,373,4,Good product,2025-02-02
14353,2,384,5,Excellent product,2025-02-21
14354,19,395,5,Excellent product,2025-03-12
14355,36,406,4,Good product,2025-03-31
14356,53,417,5,Excellent product,2025-04-19
14357,70,428,3,Average product,2025-05-08
14358,87,439,4,Good product,2025-05-27
14359,104,450,5,Excellent product,2025-06-15
14360,121,461,1,Very poor experience,2025-07-04
14361,138,472,4,Good product,2025-07-23
14362,155,483,5,Excellent product,2025-08-11
14363,172,494,5,Excellent product,2025-08-30
14364,189,5,3,Average product,2025-09-18
14365,206,16,5,Excellent product,2025-10-07
14366,223,27,5,Excellent product,2025-10-26
14367,240,38,4,Good product,2025-11-14
14368,257,49,5,Excellent product,2025-12-03
14369,274,60,5,Excellent product,2025-12-22
14370,291,71,2,Product quality could be better,2022-01-11
14371,308,82,3,Average product,2022-01-30
14372,325,93,5,Excellent product,2022-02-18
14373,342,104,4,Good product,2022-03-09
14374,359,115,5,Excellent product,2022-03-28
14375,376,126,5,Excellent product,2022-04-16
14376,393,137,4,Good product,2022-05-05
14377,410,148,5,Excellent product,2022-05-24
14378,427,159,3,Average product,2022-06-12
14379,444,170,4,Good product,2022-07-01
14380,461,181,1,Very poor experience,2022-07-20
14381,478,192,5,Excellent product,2022-08-08
14382,495,203,4,Good product,2022-08-27
14383,512,214,5,Excellent product,2022-09-15
14384,529,225,5,Excellent product,2022-10-04
14385,546,236,3,Average product,2022-10-23
14386,563,247,5,Excellent product,2022-11-11
14387,580,258,5,Excellent product,2022-11-30
14388,597,269,4,Good product,2022-12-19
14389,614,280,5,Excellent product,2023-01-07
14390,631,291,2,Product quality could be better,2023-01-26
14391,648,302,4,Good product,2023-02-14
14392,665,313,3,Average product,2023-03-05
14393,682,324,5,Excellent product,2023-03-24
14394,699,335,4,Good product,2023-04-12
14395,716,346,5,Excellent product,2023-05-01
14396,733,357,5,Excellent product,2023-05-20
14397,750,368,4,Good product,2023-06-08
14398,767,379,5,Excellent product,2023-06-27
14399,784,390,3,Average product,2023-07-16
14400,801,401,1,Very poor experience,2023-08-04
14401,818,412,5,Excellent product,2023-08-23
14402,835,423,5,Excellent product,2023-09-11
14403,852,434,4,Good product,2023-09-30
14404,869,445,5,Excellent product,2023-10-19
14405,886,456,5,Excellent product,2023-11-07
14406,903,467,3,Average product,2023-11-26
14407,920,478,5,Excellent product,2023-12-15
14408,937,489,5,Excellent product,2024-01-03
14409,954,500,4,Good product,2024-01-22
14410,971,11,2,Product quality could be better,2024-02-10
14411,988,22,5,Excellent product,2024-02-29
14412,1005,33,4,Good product,2024-03-19
14413,1022,44,3,Average product,2024-04-07
14414,1039,55,5,Excellent product,2024-04-26
14415,1056,66,4,Good product,2024-05-15
14416,1073,77,5,Excellent product,2024-06-03
14417,1090,88,5,Excellent product,2024-06-22
14418,1107,99,4,Good product,2024-07-11
14419,1124,110,5,Excellent product,2024-07-30
14420,1141,121,1,Very poor experience,2024-08-18
14421,1158,132,4,Good product,2024-09-06
14422,1175,143,5,Excellent product,2024-09-25
14423,1192,154,5,Excellent product,2024-10-14
14424,1209,165,4,Good product,2024-11-02
14425,1226,176,5,Excellent product,2024-11-21
14426,1243,187,5,Excellent product,2024-12-10
14427,1260,198,3,Average product,2024-12-29
14428,1277,209,5,Excellent product,2025-01-17
14429,1294,220,5,Excellent product,2025-02-05
14430,1311,231,2,Product quality could be better,2025-02-24
14431,1328,242,5,Excellent product,2025-03-15
14432,1345,253,5,Excellent product,2025-04-03
14433,1362,264,4,Good product,2025-04-22
14434,1379,275,3,Average product,2025-05-11
14435,1396,286,5,Excellent product,2025-05-30
14436,1413,297,4,Good product,2025-06-18
14437,1430,308,5,Excellent product,2025-07-07
14438,1447,319,5,Excellent product,2025-07-26
14439,1464,330,4,Good product,2025-08-14
14440,1481,341,1,Very poor experience,2025-09-02
14441,1498,352,3,Average product,2025-09-21
14442,1515,363,4,Good product,2025-10-10
14443,1532,374,5,Excellent product,2025-10-29
14444,1549,385,5,Excellent product,2025-11-17
14445,1566,396,4,Good product,2025-12-06
14446,1583,407,5,Excellent product,2025-12-25
14447,1600,418,5,Excellent product,2022-01-14
14448,1617,429,3,Average product,2022-02-02
14449,1634,440,5,Excellent product,2022-02-21
14450,1651,451,2,Product quality could be better,2022-03-12
14451,1668,462,4,Good product,2022-03-31
14452,1685,473,5,Excellent product,2022-04-19
14453,1702,484,5,Excellent product,2022-05-08
14454,1719,495,4,Good product,2022-05-27
14455,1736,6,3,Average product,2022-06-15
14456,1753,17,5,Excellent product,2022-07-04
14457,1770,28,4,Good product,2022-07-23
14458,1787,39,5,Excellent product,2022-08-11
14459,1804,50,5,Excellent product,2022-08-30
14460,1821,61,1,Very poor experience,2022-09-18
14461,1838,72,5,Excellent product,2022-10-07
14462,1855,83,3,Average product,2022-10-26
14463,1872,94,4,Good product,2022-11-14
14464,1889,105,5,Excellent product,2022-12-03
14465,1906,116,5,Excellent product,2022-12-22
14466,1923,127,4,Good product,2023-01-10
14467,1940,138,5,Excellent product,2023-01-29
14468,1957,149,5,Excellent product,2023-02-17
14469,1974,160,3,Average product,2023-03-08
14470,1991,171,2,Product quality could be better,2023-03-27
14471,8,182,5,Excellent product,2023-04-15
14472,25,193,4,Good product,2023-05-04
14473,42,204,5,Excellent product,2023-05-23
14474,59,215,5,Excellent product,2023-06-11
14475,76,226,4,Good product,2023-06-30
14476,93,237,3,Average product,2023-07-19
14477,110,248,5,Excellent product,2023-08-07
14478,127,259,4,Good product,2023-08-26
14479,144,270,5,Excellent product,2023-09-14
14480,161,281,1,Very poor experience,2023-10-03
14481,178,292,4,Good product,2023-10-22
14482,195,303,5,Excellent product,2023-11-10
14483,212,314,3,Average product,2023-11-29
14484,229,325,4,Good product,2023-12-18
14485,246,336,5,Excellent product,2024-01-06
14486,263,347,5,Excellent product,2024-01-25
14487,280,358,4,Good product,2024-02-13
14488,297,369,5,Excellent product,2024-03-03
14489,314,380,5,Excellent product,2024-03-22
14490,331,391,2,Product quality could be better,2024-04-10
14491,348,402,5,Excellent product,2024-04-29
14492,365,413,5,Excellent product,2024-05-18
14493,382,424,4,Good product,2024-06-06
14494,399,435,5,Excellent product,2024-06-25
14495,416,446,5,Excellent product,2024-07-14
14496,433,457,4,Good product,2024-08-02
14497,450,468,3,Average product,2024-08-21
14498,467,479,5,Excellent product,2024-09-09
14499,484,490,4,Good product,2024-09-28
14500,501,1,1,Very poor experience,2024-10-17
14501,518,12,5,Excellent product,2024-11-05
14502,535,23,4,Good product,2024-11-24
14503,552,34,5,Excellent product,2024-12-13
14504,569,45,3,Average product,2025-01-01
14505,586,56,4,Good product,2025-01-20
14506,603,67,5,Excellent product,2025-02-08
14507,620,78,5,Excellent product,2025-02-27
14508,637,89,4,Good product,2025-03-18
14509,654,100,5,Excellent product,2025-04-06
14510,671,111,2,Product quality could be better,2025-04-25
14511,688,122,3,Average product,2025-05-14
14512,705,133,5,Excellent product,2025-06-02
14513,722,144,5,Excellent product,2025-06-21
14514,739,155,4,Good product,2025-07-10
14515,756,166,5,Excellent product,2025-07-29
14516,773,177,5,Excellent product,2025-08-17
14517,790,188,4,Good product,2025-09-05
14518,807,199,3,Average product,2025-09-24
14519,824,210,5,Excellent product,2025-10-13
14520,841,221,1,Very poor experience,2025-11-01
14521,858,232,5,Excellent product,2025-11-20
14522,875,243,5,Excellent product,2025-12-09
14523,892,254,4,Good product,2025-12-28
14524,909,265,5,Excellent product,2022-01-17
14525,926,276,3,Average product,2022-02-05
14526,943,287,4,Good product,2022-02-24
14527,960,298,5,Excellent product,2022-03-15
14528,977,309,5,Excellent product,2022-04-03
14529,994,320,4,Good product,2022-04-22
14530,1011,331,2,Product quality could be better,2022-05-11
14531,1028,342,5,Excellent product,2022-05-30
14532,1045,353,3,Average product,2022-06-18
14533,1062,364,5,Excellent product,2022-07-07
14534,1079,375,5,Excellent product,2022-07-26
14535,1096,386,4,Good product,2022-08-14
14536,1113,397,5,Excellent product,2022-09-02
14537,1130,408,5,Excellent product,2022-09-21
14538,1147,419,4,Good product,2022-10-10
14539,1164,430,3,Average product,2022-10-29
14540,1181,441,1,Very poor experience,2022-11-17
14541,1198,452,4,Good product,2022-12-06
14542,1215,463,5,Excellent product,2022-12-25
14543,1232,474,5,Excellent product,2023-01-13
14544,1249,485,4,Good product,2023-02-01
14545,1266,496,5,Excellent product,2023-02-20
14546,1283,7,3,Average product,2023-03-11
14547,1300,18,4,Good product,2023-03-30
14548,1317,29,5,Excellent product,2023-04-18
14549,1334,40,5,Excellent product,2023-05-07
14550,1351,51,2,Product quality could be better,2023-05-26
14551,1368,62,5,Excellent product,2023-06-14
14552,1385,73,5,Excellent product,2023-07-03
14553,1402,84,3,Average product,2023-07-22
14554,1419,95,5,Excellent product,2023-08-10
14555,1436,106,5,Excellent product,2023-08-29
14556,1453,117,4,Good product,2023-09-17
14557,1470,128,5,Excellent product,2023-10-06
14558,1487,139,5,Excellent product,2023-10-25
14559,1504,150,4,Good product,2023-11-13
14560,1521,161,1,Very poor experience,2023-12-02
14561,1538,172,5,Excellent product,2023-12-21
14562,1555,183,4,Good product,2024-01-09
14563,1572,194,5,Excellent product,2024-01-28
14564,1589,205,5,Excellent product,2024-02-16
14565,1606,216,4,Good product,2024-03-06
14566,1623,227,5,Excellent product,2024-03-25
14567,1640,238,3,Average product,2024-04-13
14568,1657,249,4,Good product,2024-05-02
14569,1674,260,5,Excellent product,2024-05-21
14570,1691,271,2,Product quality could be better,2024-06-09
14571,1708,282,4,Good product,2024-06-28
14572,1725,293,5,Excellent product,2024-07-17
14573,1742,304,5,Excellent product,2024-08-05
14574,1759,315,3,Average product,2024-08-24
14575,1776,326,5,Excellent product,2024-09-12
14576,1793,337,5,Excellent product,2024-10-01
14577,1810,348,4,Good product,2024-10-20
14578,1827,359,5,Excellent product,2024-11-08
14579,1844,370,5,Excellent product,2024-11-27
14580,1861,381,1,Very poor experience,2024-12-16
14581,1878,392,3,Average product,2025-01-04
14582,1895,403,5,Excellent product,2025-01-23
14583,1912,414,4,Good product,2025-02-11
14584,1929,425,5,Excellent product,2025-03-02
14585,1946,436,5,Excellent product,2025-03-21
14586,1963,447,4,Good product,2025-04-09
14587,1980,458,5,Excellent product,2025-04-28
14588,1997,469,3,Average product,2025-05-17
14589,14,480,4,Good product,2025-06-05
14590,31,491,2,Product quality could be better,2025-06-24
14591,48,2,5,Excellent product,2025-07-13
14592,65,13,4,Good product,2025-08-01
14593,82,24,5,Excellent product,2025-08-20
14594,99,35,5,Excellent product,2025-09-08
14595,116,46,3,Average product,2025-09-27
14596,133,57,5,Excellent product,2025-10-16
14597,150,68,5,Excellent product,2025-11-04
14598,167,79,4,Good product,2025-11-23
14599,184,90,5,Excellent product,2025-12-12
14600,201,101,1,Very poor experience,2022-01-01
14601,218,112,4,Good product,2022-01-20
14602,235,123,3,Average product,2022-02-08
14603,252,134,5,Excellent product,2022-02-27
14604,269,145,4,Good product,2022-03-18
14605,286,156,5,Excellent product,2022-04-06
14606,303,167,5,Excellent product,2022-04-25
14607,320,178,4,Good product,2022-05-14
14608,337,189,5,Excellent product,2022-06-02
14609,354,200,3,Average product,2022-06-21
14610,371,211,2,Product quality could be better,2022-07-10
14611,388,222,5,Excellent product,2022-07-29
14612,405,233,5,Excellent product,2022-08-17
14613,422,244,4,Good product,2022-09-05
14614,439,255,5,Excellent product,2022-09-24
14615,456,266,5,Excellent product,2022-10-13
14616,473,277,3,Average product,2022-11-01
14617,490,288,5,Excellent product,2022-11-20
14618,507,299,5,Excellent product,2022-12-09
14619,524,310,4,Good product,2022-12-28
14620,541,321,1,Very poor experience,2023-01-16
14621,558,332,5,Excellent product,2023-02-04
14622,575,343,4,Good product,2023-02-23
14623,592,354,3,Average product,2023-03-14
14624,609,365,5,Excellent product,2023-04-02
14625,626,376,4,Good product,2023-04-21
14626,643,387,5,Excellent product,2023-05-10
14627,660,398,5,Excellent product,2023-05-29
14628,677,409,4,Good product,2023-06-17
14629,694,420,5,Excellent product,2023-07-06
14630,711,431,2,Product quality could be better,2023-07-25
14631,728,442,4,Good product,2023-08-13
14632,745,453,5,Excellent product,2023-09-01
14633,762,464,5,Excellent product,2023-09-20
14634,779,475,4,Good product,2023-10-09
14635,796,486,5,Excellent product,2023-10-28
14636,813,497,5,Excellent product,2023-11-16
14637,830,8,3,Average product,2023-12-05
14638,847,19,5,Excellent product,2023-12-24
14639,864,30,5,Excellent product,2024-01-12
14640,881,41,1,Very poor experience,2024-01-31
14641,898,52,5,Excellent product,2024-02-19
14642,915,63,5,Excellent product,2024-03-09
14643,932,74,4,Good product,2024-03-28
14644,949,85,3,Average product,2024-04-16
14645,966,96,5,Excellent product,2024-05-05
14646,983,107,4,Good product,2024-05-24
14647,1000,118,5,Excellent product,2024-06-12
14648,1017,129,5,Excellent product,2024-07-01
14649,1034,140,4,Good product,2024-07-20
14650,1051,151,2,Product quality could be better,2024-08-08
14651,1068,162,3,Average product,2024-08-27
14652,1085,173,4,Good product,2024-09-15
14653,1102,184,5,Excellent product,2024-10-04
14654,1119,195,5,Excellent product,2024-10-23
14655,1136,206,4,Good product,2024-11-11
14656,1153,217,5,Excellent product,2024-11-30
14657,1170,228,5,Excellent product,2024-12-19
14658,1187,239,3,Average product,2025-01-07
14659,1204,250,5,Excellent product,2025-01-26
14660,1221,261,1,Very poor experience,2025-02-14
14661,1238,272,4,Good product,2025-03-05
14662,1255,283,5,Excellent product,2025-03-24
14663,1272,294,5,Excellent product,2025-04-12
14664,1289,305,4,Good product,2025-05-01
14665,1306,316,3,Average product,2025-05-20
14666,1323,327,5,Excellent product,2025-06-08
14667,1340,338,4,Good product,2025-06-27
14668,1357,349,5,Excellent product,2025-07-16
14669,1374,360,5,Excellent product,2025-08-04
14670,1391,371,2,Product quality could be better,2025-08-23
14671,1408,382,5,Excellent product,2025-09-11
14672,1425,393,3,Average product,2025-09-30
14673,1442,404,4,Good product,2025-10-19
14674,1459,415,5,Excellent product,2025-11-07
14675,1476,426,5,Excellent product,2025-11-26
14676,1493,437,4,Good product,2025-12-15
14677,1510,448,5,Excellent product,2022-01-04
14678,1527,459,5,Excellent product,2022-01-23
14679,1544,470,3,Average product,2022-02-11
14680,1561,481,1,Very poor experience,2022-03-02
14681,1578,492,5,Excellent product,2022-03-21
14682,1595,3,4,Good product,2022-04-09
14683,1612,14,5,Excellent product,2022-04-28
14684,1629,25,5,Excellent product,2022-05-17
14685,1646,36,4,Good product,2022-06-05
14686,1663,47,3,Average product,2022-06-24
14687,1680,58,5,Excellent product,2022-07-13
14688,1697,69,4,Good product,2022-08-01
14689,1714,80,5,Excellent product,2022-08-20
14690,1731,91,2,Product quality could be better,2022-09-08
14691,1748,102,4,Good product,2022-09-27
14692,1765,113,5,Excellent product,2022-10-16
14693,1782,124,3,Average product,2022-11-04
14694,1799,135,4,Good product,2022-11-23
14695,1816,146,5,Excellent product,2022-12-12
14696,1833,157,5,Excellent product,2022-12-31
14697,1850,168,4,Good product,2023-01-19
14698,1867,179,5,Excellent product,2023-02-07
14699,1884,190,5,Excellent product,2023-02-26
14700,1901,201,1,Very poor experience,2023-03-17
14701,1918,212,5,Excellent product,2023-04-05
14702,1935,223,5,Excellent product,2023-04-24
14703,1952,234,4,Good product,2023-05-13
14704,1969,245,5,Excellent product,2023-06-01
14705,1986,256,5,Excellent product,2023-06-20
14706,3,267,4,Good product,2023-07-09
14707,20,278,3,Average product,2023-07-28
14708,37,289,5,Excellent product,2023-08-16
14709,54,300,4,Good product,2023-09-04
14710,71,311,2,Product quality could be better,2023-09-23
14711,88,322,5,Excellent product,2023-10-12
14712,105,333,4,Good product,2023-10-31
14713,122,344,5,Excellent product,2023-11-19
14714,139,355,3,Average product,2023-12-08
14715,156,366,4,Good product,2023-12-27
14716,173,377,5,Excellent product,2024-01-15
14717,190,388,5,Excellent product,2024-02-03
14718,207,399,4,Good product,2024-02-22
14719,224,410,5,Excellent product,2024-03-12
14720,241,421,1,Very poor experience,2024-03-31
14721,258,432,3,Average product,2024-04-19
14722,275,443,5,Excellent product,2024-05-08
14723,292,454,5,Excellent product,2024-05-27
14724,309,465,4,Good product,2024-06-15
14725,326,476,5,Excellent product,2024-07-04
14726,343,487,5,Excellent product,2024-07-23
14727,360,498,4,Good product,2024-08-11
14728,377,9,3,Average product,2024-08-30
14729,394,20,5,Excellent product,2024-09-18
14730,411,31,2,Product quality could be better,2024-10-07
14731,428,42,5,Excellent product,2024-10-26
14732,445,53,5,Excellent product,2024-11-14
14733,462,64,4,Good product,2024-12-03
14734,479,75,5,Excellent product,2024-12-22
14735,496,86,3,Average product,2025-01-10
14736,513,97,4,Good product,2025-01-29
14737,530,108,5,Excellent product,2025-02-17
14738,547,119,5,Excellent product,2025-03-08
14739,564,130,4,Good product,2025-03-27
14740,581,141,1,Very poor experience,2025-04-15
14741,598,152,5,Excellent product,2025-05-04
14742,615,163,3,Average product,2025-05-23
14743,632,174,5,Excellent product,2025-06-11
14744,649,185,5,Excellent product,2025-06-30
14745,666,196,4,Good product,2025-07-19
14746,683,207,5,Excellent product,2025-08-07
14747,700,218,5,Excellent product,2025-08-26
14748,717,229,4,Good product,2025-09-14
14749,734,240,3,Average product,2025-10-03
14750,751,251,2,Product quality could be better,2025-10-22
14751,768,262,4,Good product,2025-11-10
14752,785,273,5,Excellent product,2025-11-29
14753,802,284,5,Excellent product,2025-12-18
14754,819,295,4,Good product,2022-01-07
14755,836,306,5,Excellent product,2022-01-26
14756,853,317,3,Average product,2022-02-14
14757,870,328,4,Good product,2022-03-05
14758,887,339,5,Excellent product,2022-03-24
14759,904,350,5,Excellent product,2022-04-12
14760,921,361,1,Very poor experience,2022-05-01
14761,938,372,5,Excellent product,2022-05-20
14762,955,383,5,Excellent product,2022-06-08
14763,972,394,3,Average product,2022-06-27
14764,989,405,5,Excellent product,2022-07-16
14765,1006,416,5,Excellent product,2022-08-04
14766,1023,427,4,Good product,2022-08-23
14767,1040,438,5,Excellent product,2022-09-11
14768,1057,449,5,Excellent product,2022-09-30
14769,1074,460,4,Good product,2022-10-19
14770,1091,471,2,Product quality could be better,2022-11-07
14771,1108,482,5,Excellent product,2022-11-26
14772,1125,493,4,Good product,2022-12-15
14773,1142,4,5,Excellent product,2023-01-03
14774,1159,15,5,Excellent product,2023-01-22
14775,1176,26,4,Good product,2023-02-10
14776,1193,37,5,Excellent product,2023-03-01
14777,1210,48,3,Average product,2023-03-20
14778,1227,59,4,Good product,2023-04-08
14779,1244,70,5,Excellent product,2023-04-27
14780,1261,81,1,Very poor experience,2023-05-16
14781,1278,92,4,Good product,2023-06-04
14782,1295,103,5,Excellent product,2023-06-23
14783,1312,114,5,Excellent product,2023-07-12
14784,1329,125,3,Average product,2023-07-31
14785,1346,136,5,Excellent product,2023-08-19
14786,1363,147,5,Excellent product,2023-09-07
14787,1380,158,4,Good product,2023-09-26
14788,1397,169,5,Excellent product,2023-10-15
14789,1414,180,5,Excellent product,2023-11-03
14790,1431,191,2,Product quality could be better,2023-11-22
14791,1448,202,3,Average product,2023-12-11
14792,1465,213,5,Excellent product,2023-12-30
14793,1482,224,4,Good product,2024-01-18
14794,1499,235,5,Excellent product,2024-02-06
14795,1516,246,5,Excellent product,2024-02-25
14796,1533,257,4,Good product,2024-03-15
14797,1550,268,5,Excellent product,2024-04-03
14798,1567,279,3,Average product,2024-04-22
14799,1584,290,4,Good product,2024-05-11
14800,1601,301,1,Very poor experience,2024-05-30
14801,1618,312,5,Excellent product,2024-06-18
14802,1635,323,4,Good product,2024-07-07
14803,1652,334,5,Excellent product,2024-07-26
14804,1669,345,5,Excellent product,2024-08-14
14805,1686,356,3,Average product,2024-09-02
14806,1703,367,5,Excellent product,2024-09-21
14807,1720,378,5,Excellent product,2024-10-10
14808,1737,389,4,Good product,2024-10-29
14809,1754,400,5,Excellent product,2024-11-17
14810,1771,411,2,Product quality could be better,2024-12-06
14811,1788,422,4,Good product,2024-12-25
14812,1805,433,3,Average product,2025-01-13
14813,1822,444,5,Excellent product,2025-02-01
14814,1839,455,4,Good product,2025-02-20
14815,1856,466,5,Excellent product,2025-03-11
14816,1873,477,5,Excellent product,2025-03-30
14817,1890,488,4,Good product,2025-04-18
14818,1907,499,5,Excellent product,2025-05-07
14819,1924,10,3,Average product,2025-05-26
14820,1941,21,1,Very poor experience,2025-06-14
14821,1958,32,5,Excellent product,2025-07-03
14822,1975,43,5,Excellent product,2025-07-22
14823,1992,54,4,Good product,2025-08-10
14824,9,65,5,Excellent product,2025-08-29
14825,26,76,5,Excellent product,2025-09-17
14826,43,87,3,Average product,2025-10-06
14827,60,98,5,Excellent product,2025-10-25
14828,77,109,5,Excellent product,2025-11-13
14829,94,120,4,Good product,2025-12-02
14830,111,131,2,Product quality could be better,2025-12-21
14831,128,142,5,Excellent product,2022-01-10
14832,145,153,4,Good product,2022-01-29
14833,162,164,3,Average product,2022-02-17
14834,179,175,5,Excellent product,2022-03-08
14835,196,186,4,Good product,2022-03-27
14836,213,197,5,Excellent product,2022-04-15
14837,230,208,5,Excellent product,2022-05-04
14838,247,219,4,Good product,2022-05-23
14839,264,230,5,Excellent product,2022-06-11
14840,281,241,1,Very poor experience,2022-06-30
14841,298,252,4,Good product,2022-07-19
14842,315,263,5,Excellent product,2022-08-07
14843,332,274,5,Excellent product,2022-08-26
14844,349,285,4,Good product,2022-09-14
14845,366,296,5,Excellent product,2022-10-03
14846,383,307,5,Excellent product,2022-10-22
14847,400,318,3,Average product,2022-11-10
14848,417,329,5,Excellent product,2022-11-29
14849,434,340,5,Excellent product,2022-12-18
14850,451,351,2,Product quality could be better,2023-01-06
14851,468,362,5,Excellent product,2023-01-25
14852,485,373,5,Excellent product,2023-02-13
14853,502,384,4,Good product,2023-03-04
14854,519,395,3,Average product,2023-03-23
14855,536,406,5,Excellent product,2023-04-11
14856,553,417,4,Good product,2023-04-30
14857,570,428,5,Excellent product,2023-05-19
14858,587,439,5,Excellent product,2023-06-07
14859,604,450,4,Good product,2023-06-26
14860,621,461,1,Very poor experience,2023-07-15
14861,638,472,3,Average product,2023-08-03
14862,655,483,4,Good product,2023-08-22
14863,672,494,5,Excellent product,2023-09-10
14864,689,5,5,Excellent product,2023-09-29
14865,706,16,4,Good product,2023-10-18
14866,723,27,5,Excellent product,2023-11-06
14867,740,38,5,Excellent product,2023-11-25
14868,757,49,3,Average product,2023-12-14
14869,774,60,5,Excellent product,2024-01-02
14870,791,71,2,Product quality could be better,2024-01-21
14871,808,82,4,Good product,2024-02-09
14872,825,93,5,Excellent product,2024-02-28
14873,842,104,5,Excellent product,2024-03-18
14874,859,115,4,Good product,2024-04-06
14875,876,126,3,Average product,2024-04-25
14876,893,137,5,Excellent product,2024-05-14
14877,910,148,4,Good product,2024-06-02
14878,927,159,5,Excellent product,2024-06-21
14879,944,170,5,Excellent product,2024-07-10
14880,961,181,1,Very poor experience,2024-07-29
14881,978,192,5,Excellent product,2024-08-17
14882,995,203,3,Average product,2024-09-05
14883,1012,214,4,Good product,2024-09-24
14884,1029,225,5,Excellent product,2024-10-13
14885,1046,236,5,Excellent product,2024-11-01
14886,1063,247,4,Good product,2024-11-20
14887,1080,258,5,Excellent product,2024-12-09
14888,1097,269,5,Excellent product,2024-12-28
14889,1114,280,3,Average product,2025-01-16
14890,1131,291,2,Product quality could be better,2025-02-04
14891,1148,302,5,Excellent product,2025-02-23
14892,1165,313,4,Good product,2025-03-14
14893,1182,324,5,Excellent product,2025-04-02
14894,1199,335,5,Excellent product,2025-04-21
14895,1216,346,4,Good product,2025-05-10
14896,1233,357,3,Average product,2025-05-29
14897,1250,368,5,Excellent product,2025-06-17
14898,1267,379,4,Good product,2025-07-06
14899,1284,390,5,Excellent product,2025-07-25
14900,1301,401,1,Very poor experience,2025-08-13
14901,1318,412,4,Good product,2025-09-01
14902,1335,423,5,Excellent product,2025-09-20
14903,1352,434,3,Average product,2025-10-09
14904,1369,445,4,Good product,2025-10-28
14905,1386,456,5,Excellent product,2025-11-16
14906,1403,467,5,Excellent product,2025-12-05
14907,1420,478,4,Good product,2025-12-24
14908,1437,489,5,Excellent product,2022-01-13
14909,1454,500,5,Excellent product,2022-02-01
14910,1471,11,2,Product quality could be better,2022-02-20
14911,1488,22,5,Excellent product,2022-03-11
14912,1505,33,5,Excellent product,2022-03-30
14913,1522,44,4,Good product,2022-04-18
14914,1539,55,5,Excellent product,2022-05-07
14915,1556,66,5,Excellent product,2022-05-26
14916,1573,77,4,Good product,2022-06-14
14917,1590,88,3,Average product,2022-07-03
14918,1607,99,5,Excellent product,2022-07-22
14919,1624,110,4,Good product,2022-08-10
14920,1641,121,1,Very poor experience,2022-08-29
14921,1658,132,5,Excellent product,2022-09-17
14922,1675,143,4,Good product,2022-10-06
14923,1692,154,5,Excellent product,2022-10-25
14924,1709,165,3,Average product,2022-11-13
14925,1726,176,4,Good product,2022-12-02
14926,1743,187,5,Excellent product,2022-12-21
14927,1760,198,5,Excellent product,2023-01-09
14928,1777,209,4,Good product,2023-01-28
14929,1794,220,5,Excellent product,2023-02-16
14930,1811,231,2,Product quality could be better,2023-03-07
14931,1828,242,3,Average product,2023-03-26
14932,1845,253,5,Excellent product,2023-04-14
14933,1862,264,5,Excellent product,2023-05-03
14934,1879,275,4,Good product,2023-05-22
14935,1896,286,5,Excellent product,2023-06-10
14936,1913,297,5,Excellent product,2023-06-29
14937,1930,308,4,Good product,2023-07-18
14938,1947,319,3,Average product,2023-08-06
14939,1964,330,5,Excellent product,2023-08-25
14940,1981,341,1,Very poor experience,2023-09-13
14941,1998,352,5,Excellent product,2023-10-02
14942,15,363,5,Excellent product,2023-10-21
14943,32,374,4,Good product,2023-11-09
14944,49,385,5,Excellent product,2023-11-28
14945,66,396,3,Average product,2023-12-17
14946,83,407,4,Good product,2024-01-05
14947,100,418,5,Excellent product,2024-01-24
14948,117,429,5,Excellent product,2024-02-12
14949,134,440,4,Good product,2024-03-02
14950,151,451,2,Product quality could be better,2024-03-21
14951,168,462,5,Excellent product,2024-04-09
14952,185,473,3,Average product,2024-04-28
14953,202,484,5,Excellent product,2024-05-17
14954,219,495,5,Excellent product,2024-06-05
14955,236,6,4,Good product,2024-06-24
14956,253,17,5,Excellent product,2024-07-13
14957,270,28,5,Excellent product,2024-08-01
14958,287,39,4,Good product,2024-08-20
14959,304,50,3,Average product,2024-09-08
14960,321,61,1,Very poor experience,2024-09-27
14961,338,72,4,Good product,2024-10-16
14962,355,83,5,Excellent product,2024-11-04
14963,372,94,5,Excellent product,2024-11-23
14964,389,105,4,Good product,2024-12-12
14965,406,116,5,Excellent product,2024-12-31
14966,423,127,3,Average product,2025-01-19
14967,440,138,4,Good product,2025-02-07
14968,457,149,5,Excellent product,2025-02-26
14969,474,160,5,Excellent product,2025-03-17
14970,491,171,2,Product quality could be better,2025-04-05
14971,508,182,5,Excellent product,2025-04-24
14972,525,193,5,Excellent product,2025-05-13
14973,542,204,3,Average product,2025-06-01
14974,559,215,5,Excellent product,2025-06-20
14975,576,226,5,Excellent product,2025-07-09
14976,593,237,4,Good product,2025-07-28
14977,610,248,5,Excellent product,2025-08-16
14978,627,259,5,Excellent product,2025-09-04
14979,644,270,4,Good product,2025-09-23
14980,661,281,1,Very poor experience,2025-10-12
14981,678,292,5,Excellent product,2025-10-31
14982,695,303,4,Good product,2025-11-19
14983,712,314,5,Excellent product,2025-12-08
14984,729,325,5,Excellent product,2025-12-27
14985,746,336,4,Good product,2022-01-16
14986,763,347,5,Excellent product,2022-02-04
14987,780,358,3,Average product,2022-02-23
14988,797,369,4,Good product,2022-03-14
14989,814,380,5,Excellent product,2022-04-02
14990,831,391,2,Product quality could be better,2022-04-21
14991,848,402,4,Good product,2022-05-10
14992,865,413,5,Excellent product,2022-05-29
14993,882,424,5,Excellent product,2022-06-17
14994,899,435,3,Average product,2022-07-06
14995,916,446,5,Excellent product,2022-07-25
14996,933,457,5,Excellent product,2022-08-13
14997,950,468,4,Good product,2022-09-01
14998,967,479,5,Excellent product,2022-09-20
14999,984,490,5,Excellent product,2022-10-09
15000,1001,1,1,Very poor experience,2022-10-28
